-- MySQL dump 10.13  Distrib 5.5.34, for Linux (x86_64)
--
-- Host: localhost    Database: rnc_db
-- ------------------------------------------------------
-- Server version	5.5.34

/*!40101 SET @OLD_CHARACTER_SET_CLIENT=@@CHARACTER_SET_CLIENT */;
/*!40101 SET @OLD_CHARACTER_SET_RESULTS=@@CHARACTER_SET_RESULTS */;
/*!40101 SET @OLD_COLLATION_CONNECTION=@@COLLATION_CONNECTION */;
/*!40101 SET NAMES utf8 */;
/*!40103 SET @OLD_TIME_ZONE=@@TIME_ZONE */;
/*!40103 SET TIME_ZONE='+00:00' */;
/*!40014 SET @OLD_UNIQUE_CHECKS=@@UNIQUE_CHECKS, UNIQUE_CHECKS=0 */;
/*!40014 SET @OLD_FOREIGN_KEY_CHECKS=@@FOREIGN_KEY_CHECKS, FOREIGN_KEY_CHECKS=0 */;
/*!40101 SET @OLD_SQL_MODE=@@SQL_MODE, SQL_MODE='NO_AUTO_VALUE_ON_ZERO' */;
/*!40111 SET @OLD_SQL_NOTES=@@SQL_NOTES, SQL_NOTES=0 */;

--
-- Table structure for table `archivos`
--

DROP TABLE IF EXISTS `archivos`;
/*!40101 SET @saved_cs_client     = @@character_set_client */;
/*!40101 SET character_set_client = utf8 */;
CREATE TABLE `archivos` (
  `id` int(11) NOT NULL AUTO_INCREMENT,
  `nombre` varchar(150) NOT NULL,
  `tipo` varchar(25) NOT NULL,
  `ruta` varchar(500) NOT NULL,
  `size` varchar(45) DEFAULT NULL,
  `clase` int(11) NOT NULL,
  `Registros_update_id` int(11) NOT NULL,
  PRIMARY KEY (`id`),
  KEY `fk_archivos_Registros_update1_idx` (`Registros_update_id`),
  CONSTRAINT `fk_archivos_Registros_update1` FOREIGN KEY (`Registros_update_id`) REFERENCES `registros_update` (`id`) ON DELETE NO ACTION ON UPDATE NO ACTION
) ENGINE=InnoDB AUTO_INCREMENT=274 DEFAULT CHARSET=utf8;
/*!40101 SET character_set_client = @saved_cs_client */;

--
-- Dumping data for table `archivos`
--

LOCK TABLES `archivos` WRITE;
/*!40000 ALTER TABLE `archivos` DISABLE KEYS */;
INSERT INTO `archivos` VALUES (4,'78_20131220_133_MLS_ACTUALIZACION.pdf','.pdf','rnc_files/Registro_Colecciones_Biologicas/9_MLS/archivosAnexos','9688987',1,9),(5,'451_20131218_187_BOG_ACTUALIZACION.pdf','.pdf','rnc_files/Registro_Colecciones_Biologicas/10_BOG/archivosAnexos','7647741',1,10),(6,'900_20051118_20_CIAT_ACTUALIZACION.pdf','.pdf','rnc_files/Registro_Colecciones_Biologicas/15_CIAT/archivosAnexos','4964379',1,15),(7,'832_20120713_171_CJM_ACTUALIZACION.pdf','.pdf','rnc_files/Registro_Colecciones_Biologicas/19_CJM/archivosAnexos','4268387',1,19),(8,'107_20121030_08_MEFLG_ACTUALIZACION.pdf','.pdf','rnc_files/Registro_Colecciones_Biologicas/23_MEFLG/archivosAnexos','14108671',1,23),(9,'978_20081027_16_MEDEL_ACTUALIZACION.pdf','.pdf','rnc_files/Registro_Colecciones_Biologicas/24_MEDEL/archivosAnexos','5315435',1,24),(10,'125_20031003_031_VALLE_ACTUALIZACION.pdf','.pdf','rnc_files/Registro_Colecciones_Biologicas/25_VALLE/archivosAnexos','6601247',1,25),(11,'191_20080909_039_LABUN_ACTUALIZACION.pdf','.pdf','rnc_files/Registro_Colecciones_Biologicas/26_LABUN/archivosAnexos','14294207',1,26),(12,'34_20080430_070_CEUNP_ACTUALIZACION.pdf','.pdf','rnc_files/Registro_Colecciones_Biologicas/27_CEUNP/archivosAnexos','2788204',1,27),(13,'616_20101006_079_UNAB_ACTUALIZACION.pdf','.pdf','rnc_files/Registro_Colecciones_Biologicas/28_UNAB/archivosAnexos','7494443',1,28),(14,'446_20090325_090_IBUN_ACTUALIZACION.pdf','.pdf','rnc_files/Registro_Colecciones_Biologicas/29_IBUN/archivosAnexos','3657650',1,29),(16,'265_20131106_192_CIACOL_ACTUALIZACION.pdf','.pdf','rnc_files/Registro_Colecciones_Biologicas/32_CIACOL/archivosColecciones','4225118',2,32),(17,'816_20090813_02_CAL_ACTUALIZACION.pdf','.pdf','rnc_files/Registro_Colecciones_Biologicas/33_CAL/archivosAnexos','2065292',1,33),(18,'254_20040311_122_AP-UNM_ACTUALIZACION.pdf','.pdf','rnc_files/Registro_Colecciones_Biologicas/34_AP-UNM/archivosAnexos','6849381',1,34),(19,'608_20121030_123_X-UNCM_ACTUALIZACION.pdf','.pdf','rnc_files/Registro_Colecciones_Biologicas/35_X-UNCM/archivosAnexos','6676227',1,35),(21,'197_Registro 145.pdf','.pdf','rnc_files/Certificados/CEBTRF','613144',3,36),(22,'certificado_rnc_86.pdf','.pdf','rnc_files/Certificados/CEBTRF',NULL,3,44),(23,'495_20100701_172_JBSAI-UN_REGISTRO.pdf','.pdf','rnc_files/Registro_Colecciones_Biologicas/46_JBSAI-UN/archivosAnexos','8613880',1,46),(24,'672_20100618_173_HJBSAI-UN_REGISTRO.pdf','.pdf','rnc_files/Registro_Colecciones_Biologicas/47_HJBSAI-UN/archivosAnexos','10936739',1,47),(25,'839_20100618_174_CAJBSAI-UN_REGISTRO.pdf','.pdf','rnc_files/Registro_Colecciones_Biologicas/48_CAJBSAI-UN/archivosAnexos','9974192',1,48),(26,'630_20040126_061_PC_ACTUALIZACION.pdf','.pdf','rnc_files/Registro_Colecciones_Biologicas/53_PC/archivosAnexos','2230174',1,53),(27,'352_123.pdf','.pdf','rnc_files/Certificados/X-UNCM','398111',3,35),(28,'819_90.pdf','.pdf','rnc_files/Certificados/IBUN','419386',3,29),(29,'123_90.pdf','.pdf','rnc_files/Certificados/IBUN','419386',3,29),(30,'232_122.pdf','.pdf','rnc_files/Certificados/AP-UNM','352488',3,34),(31,'274_79.pdf','.pdf','rnc_files/Certificados/UNAB','422038',3,28),(32,'321_70.pdf','.pdf','rnc_files/Certificados/CEUNP','408087',3,27),(33,'313_39.pdf','.pdf','rnc_files/Certificados/LABUN','375064',3,26),(34,'529_31.pdf','.pdf','rnc_files/Certificados/VALLE','506880',3,25),(35,'875_16.pdf','.pdf','rnc_files/Certificados/MEDEL','480843',3,24),(36,'394_7.pdf','.pdf','rnc_files/Certificados/MMUNM','473963',3,22),(37,'908_8.pdf','.pdf','rnc_files/Certificados/MEFLG','485684',3,23),(38,'113_6.pdf','.pdf','rnc_files/Certificados/COL','491034',3,21),(39,'162_165.pdf','.pdf','rnc_files/Certificados/HFAB','410707',3,38),(40,'559_172.pdf','.pdf','rnc_files/Certificados/JBSAI-UN','512725',3,46),(41,'367_173.pdf','.pdf','rnc_files/Certificados/HJBSAI-UN','1082969',3,47),(42,'580_174.pdf','.pdf','rnc_files/Certificados/CAJBSAI-UN','1105604',3,48),(43,'995_198.pdf','.pdf','rnc_files/Certificados/GIRPH','824694',3,49),(44,'979_199.pdf','.pdf','rnc_files/Certificados/LBB','835344',3,50),(45,'241_1.pdf','.pdf','rnc_files/Certificados/COAH','355817',3,31),(46,'586_192.pdf','.pdf','rnc_files/Certificados/CIACOL','858320',3,32),(47,'248_2.pdf','.pdf','rnc_files/Certificados/CAL','472386',3,33),(48,'198_3.pdf','.pdf','rnc_files/Certificados/IAvH','485659',3,16),(49,'66_3.pdf','.pdf','rnc_files/Certificados/IAvH','485659',3,16),(50,'321_4.pdf','.pdf','rnc_files/Certificados/FMB ','479738',3,17),(51,'60_170.pdf','.pdf','rnc_files/Certificados/CJM','697969',3,19),(52,'908_170.pdf','.pdf','rnc_files/Certificados/IAvH-CT','697969',3,18),(53,'294_5.pdf','.pdf','rnc_files/Certificados/ICN-MHN','700879',3,20),(54,'19_9.pdf','.pdf','rnc_files/Certificados/UV','487649',3,103),(55,'645_34.pdf','.pdf','rnc_files/Certificados/CUVC','316022',3,104),(56,'981_77.pdf','.pdf','rnc_files/Certificados/MUSENUV','421222',3,105),(57,'615_47.pdf','.pdf','rnc_files/Certificados/UVS','400873',3,157),(58,'213_78.pdf','.pdf','rnc_files/Certificados/CVA-UV','401408',3,106),(59,'435_95.pdf','.pdf','rnc_files/Certificados/CRBMco','408325',3,107),(60,'379_81.pdf','.pdf','rnc_files/Certificados/UV-C','398612',3,70),(61,'68_96.pdf','.pdf','rnc_files/Certificados/CRM-UV ','347083',3,108),(62,'796_97.pdf','.pdf','rnc_files/Certificados/CIR-UV','350435',3,109),(63,'565_98.pdf','.pdf','rnc_files/Certificados/CRBMc-UV','405772',3,110),(64,'485_99.pdf','.pdf','rnc_files/Certificados/CRBMeq-UV','412478',3,111),(65,'549_100.pdf','.pdf','rnc_files/Certificados/UV-PAR','385407',3,112),(66,'213_101.pdf','.pdf','rnc_files/Certificados/CRBMUV','391205',3,113),(67,'609_102.pdf','.pdf','rnc_files/Certificados/CCMhf-UV','354647',3,114),(68,'625_114.pdf','.pdf','rnc_files/Certificados/UV-MICO','396685',3,115),(69,'570_73.pdf','.pdf','rnc_files/Certificados/SUA','402613',3,66),(70,'212_121.pdf','.pdf','rnc_files/Certificados/MUA','348711',3,77),(71,'167_149.pdf','.pdf','rnc_files/Certificados/COLVIOFAR ','413610',3,84),(72,'152_35.pdf','.pdf','rnc_files/Certificados/CLUA','369291',3,97),(73,'578_36.pdf','.pdf','rnc_files/Certificados/CEUA ','402889',3,98),(74,'792_37.pdf','.pdf','rnc_files/Certificados/VHET','403975',3,99),(75,'357_167.pdf','.pdf','rnc_files/Certificados/CTUA','418518',3,101),(76,'359_168.pdf','.pdf','rnc_files/Certificados/CIUA','625936',3,102),(77,'195_160.pdf','.pdf','rnc_files/Certificados/HERPETOS-UQ','647931',3,88),(78,'545_10.pdf','.pdf','rnc_files/Certificados/HUQ','342492',3,116),(79,'596_94.pdf','.pdf','rnc_files/Certificados/MAUQ','342492',3,117),(80,'446_153.pdf','.pdf','rnc_files/Certificados/CIUQ','621559',3,118),(81,'162_162.pdf','.pdf','rnc_files/Certificados/IUQ','655306',3,119),(82,'10_113.pdf','.pdf','rnc_files/Certificados/JSJ','382252',3,208),(83,'7_185.pdf','.pdf','rnc_files/Certificados/ALGUS','668467',3,224),(84,'439_117.pdf','.pdf','rnc_files/Certificados/HR-C','377252',3,209),(85,'898_118.pdf','.pdf','rnc_files/Certificados/SA.A ','347859',3,210),(86,'693_131.pdf','.pdf','rnc_files/Certificados/CIMIC ','406731',3,211),(87,'599_178.pdf','.pdf','rnc_files/Certificados/ANDES-HERB','1109664',3,212),(88,'731_179.pdf','.pdf','rnc_files/Certificados/ANDES-MICRO','1109861',3,213),(89,'621_180.pdf','.pdf','rnc_files/Certificados/ANDES-HONGOS','1118153',3,214),(90,'892_181.pdf','.pdf','rnc_files/Certificados/ANDES-ADN','1116155',3,215),(91,'659_132.pdf','.pdf','rnc_files/Certificados/JEBVL','371986',3,216),(92,'972_138.pdf','.pdf','rnc_files/Certificados/CB-CCCP','629942',3,217),(93,'171_139.pdf','.pdf','rnc_files/Certificados/JB-UTP','390393',3,218),(94,'481_140.pdf','.pdf','rnc_files/Certificados/CG','323277',3,219),(95,'104_88.pdf','.pdf','rnc_files/Certificados/M.H.N.C.C','400174',3,220),(96,'467_136.pdf','.pdf','rnc_files/Certificados/JBQ','585291',3,225),(97,'226_176.pdf','.pdf','rnc_files/Certificados/CIJBQ','1059162',3,226),(98,'927_141.pdf','.pdf','rnc_files/Certificados/UMNG-H','597931',3,227),(99,'126_142.pdf','.pdf','rnc_files/Certificados/UMNG-MT ','630046',3,228),(100,'144_143.pdf','.pdf','rnc_files/Certificados/UMNG-Ins','640923',3,229),(101,'171_145.pdf','.pdf','rnc_files/Certificados/FCP','656690',3,230),(102,'444_147.pdf','.pdf','rnc_files/Certificados/MEPB','639580',3,231),(103,'6_150.pdf','.pdf','rnc_files/Certificados/CRQ - CNEBG','694958',3,234),(104,'354_151.pdf','.pdf','rnc_files/Certificados/JB-MEDICINALES-C.E.A','712871',3,235),(105,'913_155.pdf','.pdf','rnc_files/Certificados/CAUP ','602924',3,236),(106,'883_157.pdf','.pdf','rnc_files/Certificados/JBQSPA','372805',3,237),(107,'597_159.pdf','.pdf','rnc_files/Certificados/EY','632107',3,238),(108,'137_163.pdf','.pdf','rnc_files/Certificados/HUEB ','649113',3,239),(109,'567_169.pdf','.pdf','rnc_files/Certificados/JSH','672922',3,240),(110,'167_177.pdf','.pdf','rnc_files/Certificados/CEICMT','1058744',3,241),(113,'467_Formato registro u actualizacion coleccion ante Humboldt.pdf','.pdf','rnc_files/Registro_Colecciones_Biologicas/262_ZJD/archivosAnexos','41618',1,262),(114,'467_Inventario Bioparque Wakatá Parque jaime duque 2014.pdf','.pdf','rnc_files/Registro_Colecciones_Biologicas/262_ZJD/archivosAnexos','389549',1,262),(115,'529_189.pdf','.pdf','rnc_files/Certificados/AVIARIO','747298',3,244),(116,'460_68.pdf','.pdf','rnc_files/Certificados/C DR','394565',3,252),(117,'441_66.pdf','.pdf','rnc_files/Certificados/CPCS','395585',3,251),(118,'503_204.pdf','.pdf','rnc_files/Certificados/CETdeA','800364',3,249),(119,'539_14.pdf','.pdf','rnc_files/Certificados/HNM','503079',3,250),(120,'33_203.pdf','.pdf','rnc_files/Certificados/HUAZ','778519',3,248),(121,'546_200.pdf','.pdf','rnc_files/Certificados/EAAB - ESP','838625',3,247),(122,'689_193.pdf','.pdf','rnc_files/Certificados/ICESI','774699',3,246),(123,'389_191.pdf','.pdf','rnc_files/Certificados/EA -CB','772329',3,245),(124,'843_certificado_rnc_190.pdf','.pdf','rnc_files/Certificados/sd','48611',3,265),(125,'certificado_rnc_193.pdf','.pdf','rnc_files/Certificados/sd',NULL,3,266),(129,'507_074.pdf','.pdf','rnc_files/Certificados/CMVB - UCO ','407621',3,253),(130,'certificado_rnc_195.pdf','.pdf','rnc_files/Certificados/CHbCh',NULL,3,278),(137,'328_CEDULA.pdf','.pdf','rnc_files/Registro_Colecciones_Biologicas/293_PZ/archivosAnexos','451277',1,293),(138,'328_certificado de existencia y representacion legal.pdf','.pdf','rnc_files/Registro_Colecciones_Biologicas/293_PZ/archivosAnexos','1619302',1,293),(139,'328_Formato autodeclaración.pdf','.pdf','rnc_files/Registro_Colecciones_Biologicas/293_PZ/archivosAnexos','131982',1,293),(140,'328_Permiso CAR.pdf','.pdf','rnc_files/Registro_Colecciones_Biologicas/293_PZ/archivosAnexos','50638',1,293),(174,'756_Cedula del representante legal.pdf','.pdf','rnc_files/Registro_Colecciones_Biologicas/353_HUCO/archivosAnexos','291145',1,353),(175,'756_Certificado de autodeclaración.pdf','.pdf','rnc_files/Registro_Colecciones_Biologicas/353_HUCO/archivosAnexos','216970',1,353),(176,'756_Certificado de Existencia.pdf','.pdf','rnc_files/Registro_Colecciones_Biologicas/353_HUCO/archivosAnexos','225033',1,353),(177,'756_Certificado permiso de muestreo.pdf','.pdf','rnc_files/Registro_Colecciones_Biologicas/353_HUCO/archivosAnexos','920072',1,353),(178,'282_registro herbario cdmb.pdf','.pdf','rnc_files/Registro_Colecciones_Biologicas/372_CDMB/archivosAnexos','1838659',1,372),(179,'282_cedula directorcdmb.pdf','.pdf','rnc_files/Registro_Colecciones_Biologicas/372_CDMB/archivosAnexos','545727',1,372),(180,'282_representalegalcdmb.pdf','.pdf','rnc_files/Registro_Colecciones_Biologicas/372_CDMB/archivosAnexos','2296644',1,372),(181,'20_coleccionentomologicacdmb.pdf','.pdf','rnc_files/Registro_Colecciones_Biologicas/373_CECDMB/archivosAnexos','1821837',1,373),(182,'20_autodeclaracion col entomologica (2).pdf','.pdf','rnc_files/Registro_Colecciones_Biologicas/373_CECDMB/archivosAnexos','248306',1,373),(183,'20_representalegalcdmb.pdf','.pdf','rnc_files/Registro_Colecciones_Biologicas/373_CECDMB/archivosAnexos','2296644',1,373),(184,'20_cedula directorcdmb.pdf','.pdf','rnc_files/Registro_Colecciones_Biologicas/373_CECDMB/archivosAnexos','545727',1,373),(185,'27_coleccion plantasvivas.pdf','.pdf','rnc_files/Registro_Colecciones_Biologicas/374_JBEV/archivosAnexos','1834757',1,374),(186,'27_AUTODECLARACION COL plantas vivas CDMB.pdf','.pdf','rnc_files/Registro_Colecciones_Biologicas/374_JBEV/archivosAnexos','61083',1,374),(187,'27_cedula directorcdmb.pdf','.pdf','rnc_files/Registro_Colecciones_Biologicas/374_JBEV/archivosAnexos','545727',1,374),(188,'27_representalegalcdmb.pdf','.pdf','rnc_files/Registro_Colecciones_Biologicas/374_JBEV/archivosAnexos','2296644',1,374),(242,'873_CERTIFICADO MEN - ABRIL 2014 FCN.pdf','.pdf','rnc_files/Registro_Colecciones_Biologicas/397_ICESI/archivosAnexos','98641',1,397),(243,'873_CEDULA NUEVA DR. PIEDRAHITA (Octubre 2010).pdf','.pdf','rnc_files/Registro_Colecciones_Biologicas/397_ICESI/archivosAnexos','131554',1,397),(244,'873_Autodeclaración RNC Icesi.pdf','.pdf','rnc_files/Registro_Colecciones_Biologicas/397_ICESI/archivosAnexos','21966',1,397),(245,'873_Certificado fitosanitario Col 2006.pdf','.pdf','rnc_files/Registro_Colecciones_Biologicas/397_ICESI/archivosAnexos','822792',1,397),(246,'873_Certificado Fitosanitario Ven 2005.pdf','.pdf','rnc_files/Registro_Colecciones_Biologicas/397_ICESI/archivosAnexos','349530',1,397),(247,'873_Tranferencia colección.pdf','.pdf','rnc_files/Registro_Colecciones_Biologicas/397_ICESI/archivosAnexos','221255',1,397),(248,'748_Acta Posesión R Echeverría.pdf','.pdf','rnc_files/Registro_Colecciones_Biologicas/350_CIATARC/archivosAnexos','178887',1,350),(249,'748_Autodeclaración Colección Biológica.pdf','.pdf','rnc_files/Registro_Colecciones_Biologicas/350_CIATARC/archivosAnexos','167421',1,350),(250,'748_CD R Echeverría 2013.pdf','.pdf','rnc_files/Registro_Colecciones_Biologicas/350_CIATARC/archivosAnexos','182959',1,350),(251,'748_Certificación INSTITUTO ALEXANDER VON HUMBOLDT- mayo 2014.pdf','.pdf','rnc_files/Registro_Colecciones_Biologicas/350_CIATARC/archivosAnexos','368520',1,350),(252,'748_DG Encargado.pdf','.pdf','rnc_files/Registro_Colecciones_Biologicas/350_CIATARC/archivosAnexos','168261',1,350),(253,'748_IDentificación y número de ejemplares CIATARC.pdf','.pdf','rnc_files/Registro_Colecciones_Biologicas/350_CIATARC/archivosAnexos','123204',1,350),(254,'204_Autodeclaracion.pdf','.pdf','rnc_files/Registro_Colecciones_Biologicas/379_UPTC/archivosAnexos','499251',1,379),(255,'204_cedula rector.pdf','.pdf','rnc_files/Registro_Colecciones_Biologicas/379_UPTC/archivosAnexos','817351',1,379),(256,'204_Certificado existencia representante legal.pdf','.pdf','rnc_files/Registro_Colecciones_Biologicas/379_UPTC/archivosAnexos','1870102',1,379),(258,'491_Certificado_autodeclaracion CALT.pdf','.pdf','rnc_files/Registro_Colecciones_Biologicas/413_CAL/archivosAnexos','239831',1,413),(259,'491_Cedula Alejandro Lopera CALT.pdf','.pdf','rnc_files/Registro_Colecciones_Biologicas/413_CAL/archivosAnexos','173971',1,413),(267,'452_AUTODECLARACION COLECCION LIMNOLOGICA -CHOCO.pdf','.pdf','rnc_files/Registro_Colecciones_Biologicas/418_CLCH/archivosAnexos','351773',1,418),(268,'452_CEDULA TITULAR COLECCION.pdf','.pdf','rnc_files/Registro_Colecciones_Biologicas/418_CLCH/archivosAnexos','308689',1,418),(269,'452_certificado existencia y representacion legal.pdf','.pdf','rnc_files/Registro_Colecciones_Biologicas/418_CLCH/archivosAnexos','437237',1,418),(270,'452_solicitudcodechoco2.pdf','.pdf','rnc_files/Registro_Colecciones_Biologicas/418_CLCH/archivosAnexos','486485',1,418),(271,'452_solicitudcodechoco3.pdf','.pdf','rnc_files/Registro_Colecciones_Biologicas/418_CLCH/archivosAnexos','452672',1,418),(272,'452_solicitudcodechoco4.pdf','.pdf','rnc_files/Registro_Colecciones_Biologicas/418_CLCH/archivosAnexos','416696',1,418),(273,'452_solicitudesanterioresCodechoco.pdf','.pdf','rnc_files/Registro_Colecciones_Biologicas/418_CLCH/archivosAnexos','492265',1,418);
/*!40000 ALTER TABLE `archivos` ENABLE KEYS */;
UNLOCK TABLES;

--
-- Table structure for table `archivos_pqrs`
--

DROP TABLE IF EXISTS `archivos_pqrs`;
/*!40101 SET @saved_cs_client     = @@character_set_client */;
/*!40101 SET character_set_client = utf8 */;
CREATE TABLE `archivos_pqrs` (
  `id` int(11) NOT NULL AUTO_INCREMENT,
  `nombre` varchar(150) DEFAULT NULL,
  `ruta` varchar(500) DEFAULT NULL,
  `visitas_id` int(11) DEFAULT NULL,
  `pqrs_id` int(11) DEFAULT NULL,
  PRIMARY KEY (`id`)
) ENGINE=InnoDB AUTO_INCREMENT=2 DEFAULT CHARSET=utf8;
/*!40101 SET character_set_client = @saved_cs_client */;

--
-- Dumping data for table `archivos_pqrs`
--

LOCK TABLES `archivos_pqrs` WRITE;
/*!40000 ALTER TABLE `archivos_pqrs` DISABLE KEYS */;
INSERT INTO `archivos_pqrs` VALUES (1,'310_Carta Humboldt.pdf','rnc_files/pqrs/6',0,6);
/*!40000 ALTER TABLE `archivos_pqrs` ENABLE KEYS */;
UNLOCK TABLES;

--
-- Table structure for table `certificados`
--

DROP TABLE IF EXISTS `certificados`;
/*!40101 SET @saved_cs_client     = @@character_set_client */;
/*!40101 SET character_set_client = utf8 */;
CREATE TABLE `certificados` (
  `id` int(11) NOT NULL AUTO_INCREMENT,
  `nombre` varchar(250) DEFAULT NULL,
  `fecha` datetime DEFAULT NULL,
  `tipo_certificado` int(11) DEFAULT NULL,
  `registros_update_id` int(11) DEFAULT NULL,
  PRIMARY KEY (`id`)
) ENGINE=InnoDB AUTO_INCREMENT=196 DEFAULT CHARSET=utf8;
/*!40101 SET character_set_client = @saved_cs_client */;

--
-- Dumping data for table `certificados`
--

LOCK TABLES `certificados` WRITE;
/*!40000 ALTER TABLE `certificados` DISABLE KEYS */;
INSERT INTO `certificados` VALUES (1,'certificado_rnc_1.pdf','2014-03-06 15:25:46',0,36),(2,'certificado_rnc_2.pdf','2014-03-06 15:25:48',0,36),(3,'certificado_rnc_3.pdf','2014-03-06 15:25:50',0,36),(4,'certificado_rnc_4.pdf','2014-03-06 15:25:52',0,36),(5,'certificado_rnc_5.pdf','2014-03-06 15:25:52',0,36),(6,'certificado_rnc_6.pdf','2014-03-06 15:25:52',0,36),(7,'certificado_rnc_7.pdf','2014-03-06 15:25:53',0,36),(8,'certificado_rnc_8.pdf','2014-03-06 15:25:55',0,36),(9,'certificado_rnc_9.pdf','2014-03-06 15:25:55',0,36),(10,'certificado_rnc_10.pdf','2014-03-06 15:25:55',0,36),(11,'certificado_rnc_11.pdf','2014-03-06 15:25:56',0,36),(12,'certificado_rnc_12.pdf','2014-03-06 15:25:56',0,36),(13,'certificado_rnc_13.pdf','2014-03-06 15:25:56',0,36),(14,'certificado_rnc_14.pdf','2014-03-06 15:25:57',0,36),(15,'certificado_rnc_15.pdf','2014-03-06 15:25:58',0,36),(16,'certificado_rnc_16.pdf','2014-03-06 15:25:58',0,36),(17,'certificado_rnc_17.pdf','2014-03-06 15:25:58',0,36),(18,'certificado_rnc_18.pdf','2014-03-06 15:26:21',0,36),(19,'certificado_rnc_19.pdf','2014-03-06 15:26:22',0,36),(20,'certificado_rnc_20.pdf','2014-03-06 15:26:22',0,36),(21,'certificado_rnc_21.pdf','2014-03-06 15:26:22',0,36),(22,'certificado_rnc_22.pdf','2014-03-06 15:26:55',0,36),(23,'certificado_rnc_23.pdf','2014-03-06 15:26:57',0,36),(24,'certificado_rnc_24.pdf','2014-03-06 15:26:57',0,36),(25,'certificado_rnc_25.pdf','2014-03-06 15:26:57',0,36),(26,'certificado_rnc_26.pdf','2014-03-06 15:26:58',0,36),(27,'certificado_rnc_27.pdf','2014-03-06 15:26:59',0,36),(28,'certificado_rnc_28.pdf','2014-03-06 15:27:00',0,36),(29,'certificado_rnc_29.pdf','2014-03-06 15:27:02',0,36),(30,'certificado_rnc_30.pdf','2014-03-06 15:27:02',0,36),(31,'certificado_rnc_31.pdf','2014-03-06 15:27:02',0,36),(32,'certificado_rnc_32.pdf','2014-03-06 15:27:19',0,36),(33,'certificado_rnc_33.pdf','2014-03-06 15:27:19',0,36),(34,'certificado_rnc_34.pdf','2014-03-06 15:27:19',0,36),(35,'certificado_rnc_35.pdf','2014-03-06 15:27:23',0,36),(36,'certificado_rnc_36.pdf','2014-03-06 15:27:23',0,36),(37,'certificado_rnc_37.pdf','2014-03-06 15:27:23',0,36),(38,'certificado_rnc_38.pdf','2014-03-06 15:27:23',0,36),(39,'certificado_rnc_39.pdf','2014-03-06 15:27:24',0,36),(40,'certificado_rnc_40.pdf','2014-03-06 15:27:24',0,36),(41,'certificado_rnc_41.pdf','2014-03-06 15:30:15',0,36),(42,'certificado_rnc_42.pdf','2014-03-06 15:30:16',0,36),(43,'certificado_rnc_43.pdf','2014-03-06 15:30:16',0,36),(44,'certificado_rnc_44.pdf','2014-03-06 15:33:10',0,36),(45,'certificado_rnc_45.pdf','2014-03-06 15:33:28',0,36),(46,'certificado_rnc_46.pdf','2014-03-06 15:36:35',0,36),(47,'certificado_rnc_47.pdf','2014-03-06 15:36:36',0,36),(48,'certificado_rnc_48.pdf','2014-03-06 15:36:36',0,36),(49,'certificado_rnc_49.pdf','2014-03-06 15:36:36',0,36),(50,'certificado_rnc_50.pdf','2014-03-06 15:36:36',0,36),(51,'certificado_rnc_51.pdf','2014-03-06 15:37:10',0,36),(52,'certificado_rnc_52.pdf','2014-03-06 15:37:10',0,36),(53,'certificado_rnc_53.pdf','2014-03-06 15:37:11',0,36),(54,'certificado_rnc_54.pdf','2014-03-06 15:37:12',0,36),(55,'certificado_rnc_55.pdf','2014-03-06 15:37:12',0,36),(56,'certificado_rnc_56.pdf','2014-03-06 15:37:12',0,36),(57,'certificado_rnc_57.pdf','2014-03-06 15:37:12',0,36),(58,'certificado_rnc_58.pdf','2014-03-06 15:37:12',0,36),(59,'certificado_rnc_59.pdf','2014-03-06 15:37:13',0,36),(60,'certificado_rnc_60.pdf','2014-03-06 15:37:27',0,36),(61,'certificado_rnc_61.pdf','2014-03-06 15:37:28',0,36),(62,'certificado_rnc_62.pdf','2014-03-06 15:37:28',0,36),(63,'certificado_rnc_63.pdf','2014-03-06 16:21:25',0,36),(64,'certificado_rnc_64.pdf','2014-03-06 16:21:26',0,36),(65,'certificado_rnc_65.pdf','2014-03-06 16:21:26',0,36),(66,'certificado_rnc_66.pdf','2014-03-06 16:21:26',0,36),(67,'certificado_rnc_67.pdf','2014-03-06 16:21:27',0,36),(68,'certificado_rnc_68.pdf','2014-03-06 16:21:27',0,36),(69,'certificado_rnc_69.pdf','2014-03-06 16:51:46',0,35),(70,'certificado_rnc_70.pdf','2014-03-06 16:51:48',0,35),(71,'certificado_rnc_71.pdf','2014-03-06 16:52:32',0,35),(72,'certificado_rnc_72.pdf','2014-03-10 11:57:07',0,16),(73,'certificado_rnc_73.pdf','2014-03-10 12:12:05',0,16),(74,'certificado_rnc_74.pdf','2014-03-10 12:17:23',0,16),(75,'certificado_rnc_75.pdf','2014-03-10 14:17:56',0,16),(76,'certificado_rnc_76.pdf','2014-03-10 14:24:01',0,16),(77,'certificado_rnc_77.pdf','2014-03-10 14:27:18',0,16),(78,'certificado_rnc_78.pdf','2014-03-10 14:31:28',0,16),(79,'certificado_rnc_79.pdf','2014-03-11 08:22:35',0,36),(80,'certificado_rnc_80.pdf','2014-03-11 08:22:44',0,36),(81,'certificado_rnc_81.pdf','2014-03-11 08:22:53',0,36),(82,'certificado_rnc_82.pdf','2014-03-11 08:23:10',0,36),(83,'certificado_rnc_83.pdf','2014-03-11 08:25:16',0,35),(84,'certificado_rnc_84.pdf','2014-03-11 09:06:28',0,36),(85,'197_Registro 145.pdf','2014-03-11 09:46:34',0,36),(86,'certificado_rnc_86.pdf','2014-03-11 10:32:15',1,44),(87,'certificado_rnc_87.pdf','2014-03-11 15:21:46',0,35),(88,'certificado_rnc_88.pdf','2014-03-11 15:22:16',0,35),(89,'certificado_rnc_89.pdf','2014-03-11 15:22:19',0,35),(90,'352_123.pdf','2014-03-21 08:45:48',0,35),(91,'819_90.pdf','2014-03-21 09:23:01',0,29),(92,'123_90.pdf','2014-03-21 09:23:01',0,29),(93,'232_122.pdf','2014-03-21 09:23:55',0,34),(94,'274_79.pdf','2014-03-21 09:25:21',0,28),(95,'321_70.pdf','2014-03-21 09:26:48',0,27),(96,'313_39.pdf','2014-03-21 09:28:04',0,26),(97,'529_31.pdf','2014-03-21 09:29:30',0,25),(98,'875_16.pdf','2014-03-21 09:30:44',0,24),(99,'394_7.pdf','2014-03-21 09:32:09',0,22),(100,'908_8.pdf','2014-03-21 09:33:53',0,23),(101,'113_6.pdf','2014-03-21 09:35:28',0,21),(102,'162_165.pdf','2014-03-21 09:36:55',0,38),(103,'559_172.pdf','2014-03-21 09:38:27',0,46),(104,'367_173.pdf','2014-03-21 09:41:15',0,47),(105,'580_174.pdf','2014-03-21 09:42:35',0,48),(106,'995_198.pdf','2014-03-21 09:44:12',0,49),(107,'979_199.pdf','2014-03-21 09:46:00',0,50),(108,'241_1.pdf','2014-04-10 10:13:46',0,31),(109,'586_192.pdf','2014-04-10 10:14:59',0,32),(110,'248_2.pdf','2014-04-10 10:16:02',0,33),(111,'198_3.pdf','2014-04-10 10:18:38',0,16),(112,'66_3.pdf','2014-04-10 10:18:38',0,16),(113,'321_4.pdf','2014-04-10 10:19:58',0,17),(114,'60_170.pdf','2014-04-10 10:21:04',0,19),(115,'908_170.pdf','2014-04-10 10:28:22',0,18),(116,'294_5.pdf','2014-04-10 10:29:46',0,20),(117,'19_9.pdf','2014-04-10 10:33:49',0,103),(118,'645_34.pdf','2014-04-10 10:38:42',0,104),(119,'981_77.pdf','2014-04-10 10:40:38',0,105),(120,'615_47.pdf','2014-04-10 10:41:52',0,157),(121,'213_78.pdf','2014-04-10 10:43:12',0,106),(122,'435_95.pdf','2014-04-10 10:45:02',0,107),(123,'379_81.pdf','2014-04-10 10:46:40',0,70),(124,'68_96.pdf','2014-04-10 10:49:05',0,108),(125,'796_97.pdf','2014-04-10 10:50:40',0,109),(126,'565_98.pdf','2014-04-10 10:51:32',0,110),(127,'485_99.pdf','2014-04-10 10:52:20',0,111),(128,'549_100.pdf','2014-04-10 10:53:07',0,112),(129,'213_101.pdf','2014-04-10 10:53:57',0,113),(130,'609_102.pdf','2014-04-10 10:54:56',0,114),(131,'625_114.pdf','2014-04-10 10:55:46',0,115),(132,'570_73.pdf','2014-04-10 11:22:22',0,66),(133,'212_121.pdf','2014-04-10 11:23:23',0,77),(134,'167_149.pdf','2014-04-10 11:24:49',0,84),(135,'152_35.pdf','2014-04-11 09:17:50',0,97),(136,'578_36.pdf','2014-04-11 09:19:53',0,98),(137,'792_37.pdf','2014-04-11 09:20:45',0,99),(138,'357_167.pdf','2014-04-11 09:29:01',0,101),(139,'359_168.pdf','2014-04-11 09:29:49',0,102),(140,'195_160.pdf','2014-04-11 09:48:32',0,88),(141,'545_10.pdf','2014-04-11 09:49:33',0,116),(142,'596_94.pdf','2014-04-11 09:50:31',0,117),(143,'446_153.pdf','2014-04-11 09:52:11',0,118),(144,'162_162.pdf','2014-04-11 09:53:27',0,119),(145,'10_113.pdf','2014-05-05 11:03:31',0,208),(146,'7_185.pdf','2014-05-06 11:45:41',0,224),(147,'439_117.pdf','2014-05-07 09:18:51',0,209),(148,'898_118.pdf','2014-05-07 09:21:23',0,210),(149,'693_131.pdf','2014-05-07 09:25:18',0,211),(150,'599_178.pdf','2014-05-07 09:26:04',0,212),(151,'731_179.pdf','2014-05-07 09:26:51',0,213),(152,'621_180.pdf','2014-05-07 09:27:48',0,214),(153,'892_181.pdf','2014-05-07 09:28:31',0,215),(154,'659_132.pdf','2014-05-07 09:36:08',0,216),(155,'972_138.pdf','2014-05-07 09:38:21',0,217),(156,'171_139.pdf','2014-05-07 09:41:53',0,218),(157,'481_140.pdf','2014-05-07 09:43:26',0,219),(158,'104_88.pdf','2014-05-07 09:45:06',0,220),(159,'467_136.pdf','2014-05-07 09:46:14',0,225),(160,'226_176.pdf','2014-05-07 09:47:12',0,226),(161,'927_141.pdf','2014-05-07 09:49:24',0,227),(162,'126_142.pdf','2014-05-07 09:50:06',0,228),(163,'144_143.pdf','2014-05-07 09:50:51',0,229),(164,'171_145.pdf','2014-05-07 09:52:33',0,230),(165,'444_147.pdf','2014-05-07 09:54:08',0,231),(166,'6_150.pdf','2014-05-07 09:56:04',0,234),(167,'354_151.pdf','2014-05-07 09:57:29',0,235),(168,'913_155.pdf','2014-05-07 09:59:00',0,236),(169,'883_157.pdf','2014-05-07 10:00:40',0,237),(170,'597_159.pdf','2014-05-07 10:03:09',0,238),(171,'137_163.pdf','2014-05-07 10:04:20',0,239),(172,'567_169.pdf','2014-05-07 10:06:16',0,240),(173,'167_177.pdf','2014-05-07 10:07:46',0,241),(174,'529_189.pdf','2014-05-08 09:18:19',0,244),(175,'460_68.pdf','2014-05-08 09:21:47',0,252),(176,'441_66.pdf','2014-05-08 09:23:14',0,251),(177,'503_204.pdf','2014-05-08 09:24:47',0,249),(178,'539_14.pdf','2014-05-08 09:26:04',0,250),(179,'33_203.pdf','2014-05-08 09:27:09',0,248),(180,'546_200.pdf','2014-05-08 09:28:34',0,247),(181,'689_193.pdf','2014-05-08 09:29:58',0,246),(182,'389_191.pdf','2014-05-08 09:31:39',0,245),(183,'certificado_rnc_183.pdf','2014-05-08 18:47:11',0,265),(184,'certificado_rnc_184.pdf','2014-05-08 18:47:19',0,265),(185,'certificado_rnc_185.pdf','2014-05-08 18:47:24',0,265),(186,'certificado_rnc_186.pdf','2014-05-08 18:47:37',0,265),(187,'certificado_rnc_187.pdf','2014-05-08 18:49:07',0,265),(188,'certificado_rnc_188.pdf','2014-05-08 18:50:06',0,265),(189,'certificado_rnc_189.pdf','2014-05-08 18:50:11',0,265),(190,'certificado_rnc_190.pdf','2014-05-09 11:04:07',0,265),(191,'certificado_rnc_191.pdf','2014-05-09 11:11:19',0,265),(192,'843_certificado_rnc_190.pdf','2014-05-09 11:12:31',0,265),(193,'certificado_rnc_193.pdf','2014-05-09 14:56:42',1,266),(194,'507_074.pdf','2014-05-14 09:15:46',0,253),(195,'certificado_rnc_195.pdf','2014-05-14 14:35:25',1,278);
/*!40000 ALTER TABLE `certificados` ENABLE KEYS */;
UNLOCK TABLES;

--
-- Table structure for table `composicion_general`
--

DROP TABLE IF EXISTS `composicion_general`;
/*!40101 SET @saved_cs_client     = @@character_set_client */;
/*!40101 SET character_set_client = utf8 */;
CREATE TABLE `composicion_general` (
  `id` int(11) NOT NULL AUTO_INCREMENT,
  `subgrupo_otro` varchar(250) DEFAULT NULL,
  `numero_ejemplares` int(11) DEFAULT '0',
  `numero_catalogados` float DEFAULT '0',
  `numero_sistematizados` float DEFAULT '0',
  `numero_nivel_orden` float DEFAULT NULL,
  `numero_nivel_familia` float DEFAULT NULL,
  `numero_nivel_genero` float DEFAULT NULL,
  `numero_nivel_especie` float DEFAULT '0',
  `Registros_update_id` int(11) NOT NULL,
  `grupo_taxonomico_id` int(11) DEFAULT NULL,
  `subgrupo_taxonomico_id` int(11) DEFAULT NULL,
  PRIMARY KEY (`id`),
  KEY `fk_composicion_general_Registros_update1_idx` (`Registros_update_id`),
  KEY `fk_composicion_general_grupo_taxonomico1_idx` (`grupo_taxonomico_id`),
  KEY `fk_composicion_general_subgrupo_taxonomico1_idx` (`subgrupo_taxonomico_id`),
  CONSTRAINT `fk_composicion_general_Registros_update1` FOREIGN KEY (`Registros_update_id`) REFERENCES `registros_update` (`id`) ON DELETE NO ACTION ON UPDATE NO ACTION,
  CONSTRAINT `fk_composicion_general_grupo_taxonomico1` FOREIGN KEY (`grupo_taxonomico_id`) REFERENCES `grupo_taxonomico` (`id`) ON DELETE NO ACTION ON UPDATE NO ACTION,
  CONSTRAINT `fk_composicion_general_subgrupo_taxonomico1` FOREIGN KEY (`subgrupo_taxonomico_id`) REFERENCES `subgrupo_taxonomico` (`id`) ON DELETE NO ACTION ON UPDATE NO ACTION
) ENGINE=InnoDB AUTO_INCREMENT=1038 DEFAULT CHARSET=utf8;
/*!40101 SET character_set_client = @saved_cs_client */;

--
-- Dumping data for table `composicion_general`
--

LOCK TABLES `composicion_general` WRITE;
/*!40000 ALTER TABLE `composicion_general` DISABLE KEYS */;
INSERT INTO `composicion_general` VALUES (13,'',14758,100,0,0,2,10,7,9,3,16),(14,'97',502,97,0,0,37,37,21,9,3,18),(15,'89',13312,89,0,0,49,35,31,9,3,11),(16,'100',6704,100,0,0,90,75,60,9,4,19),(17,'100',8741,100,0,0,97,81,70,9,4,20),(18,'100',4900,100,0,0,100,100,100,9,4,24),(19,'93',1482,93,0,0,99,80,70,9,4,21),(20,'96',1713,96,0,0,96,46,35,9,4,22),(21,NULL,15021,87,0,0,93,57,57,10,5,25),(22,NULL,578,57,0,0,42,24,12,10,5,26),(23,'SD',180,95,0,0,84,84,23,14,2,2),(24,NULL,16926,91,0,0,100,100,93,15,5,26),(25,NULL,514,0,0,0,54,47,8,16,3,16),(26,NULL,869,0,0,0,0,0,0,16,3,12),(27,NULL,20018500,0,0,0,20,10,0,16,3,18),(28,NULL,19018000,0,0,0,20,10,0,16,3,11),(29,NULL,1000500,0,0,0,0,0,0,16,3,17),(30,NULL,10319,93,0,0,95,95,93,16,4,19),(31,NULL,15478,99,0,0,100,100,99,16,4,20),(32,NULL,6212,97,0,0,97,97,90,16,4,24),(33,NULL,9902,92,0,0,95,92,81,16,4,21),(34,NULL,96124,99,0,0,99,96,73,16,4,22),(35,NULL,102106,96,0,0,95,72,60,17,5,26),(36,NULL,869,8,0,0,100,100,100,18,3,16),(37,NULL,125,100,0,0,80,78,78,18,3,11),(38,NULL,55,100,0,0,100,100,98,18,4,19),(39,NULL,6671,99,0,0,100,100,100,18,4,20),(40,NULL,1026,71,0,0,99,99,97,18,4,24),(41,NULL,385,100,0,0,100,100,75,18,4,21),(42,NULL,756,55,0,0,74,99,83,18,4,22),(43,NULL,9127,73,0,0,99,91,74,18,5,26),(44,NULL,44,100,0,0,100,98,98,18,5,25),(45,'SD',46,100,0,0,0,48,0,18,2,2),(46,'Huevos',4691,100,0,0,100,100,90,19,4,2),(47,NULL,11900,97,0,0,76,70,60,20,3,16),(48,NULL,305,84,0,0,100,100,100,20,3,17),(49,NULL,100500,91,0,0,80,40,20,20,3,11),(50,NULL,8500,65,0,0,95,45,18,20,3,18),(51,NULL,2050,37,0,0,70,10,1,20,3,18),(52,NULL,15305,98,0,0,100,100,95,20,3,12),(53,NULL,59315,93,0,0,100,100,98,20,4,19),(54,NULL,59315,93,0,0,100,100,98,20,4,20),(55,NULL,16435,73,0,0,100,95,65,20,4,24),(56,NULL,24058,83,0,0,100,100,80,20,4,21),(57,NULL,89737,87,0,0,100,80,70,20,4,22),(58,NULL,664088,85,0,0,95,80,60,21,5,26),(59,NULL,5639,100,0,0,100,80,60,21,5,26),(60,NULL,1663,85,0,0,80,75,75,22,6,27),(61,NULL,230000,11,0,0,60,50,35,23,3,11),(62,NULL,300,50,0,0,40,35,20,23,3,17),(63,NULL,56500,94,0,0,99,85,75,24,5,26),(64,NULL,880,83,0,0,95,60,40,24,5,25),(65,'SD',2300,91,0,0,70,55,35,24,5,2),(66,NULL,18645,100,0,0,98,93,86,25,5,26),(67,NULL,74,100,0,0,100,97,3,25,5,25),(68,'Xiloteca',868,100,0,0,100,100,100,25,5,2),(69,NULL,21500,93,0,NULL,100,100,60,26,3,11),(70,NULL,40,75,0,0,100,80,60,26,3,17),(71,NULL,25500,78,0,0,100,0,0,27,3,11),(72,NULL,1000,80,0,0,60,0,0,27,3,17),(73,NULL,1500,0,0,0,90,90,1,28,3,18),(74,NULL,20,0,0,0,100,0,0,28,3,18),(75,NULL,25,0,0,0,100,0,0,28,3,18),(76,NULL,884,9,0,0,70,25,5,28,3,18),(77,NULL,106757,16,0,0,95,22,18,28,3,11),(78,NULL,531,100,0,0,100,100,100,29,5,26),(79,'SD',2627,70,0,0,97,89,35,29,5,2),(82,NULL,81330,97,0,0,98,90,88,31,5,26),(83,NULL,4975,90,0,0,90,70,60,31,5,25),(84,NULL,1832,100,0,0,99,85,85,32,4,22),(85,NULL,9060,97,0,0,100,100,90,33,3,11),(86,NULL,0,0,0,0,100,98,95,34,5,26),(87,NULL,3071,100,0,0,100,100,0,35,5,26),(88,NULL,461,100,0,0,100,100,95,36,4,24),(90,NULL,2953,97,0,0,100,68,27,38,5,26),(91,NULL,461,100,0,0,100,100,95,44,4,24),(92,NULL,461,100,0,0,100,100,95,45,4,24),(93,NULL,17025,100,0,0,95,85,85,46,5,26),(94,NULL,20,0,0,0,20,10,5,46,5,25),(95,NULL,370,95,0,0,95,85,85,47,5,26),(96,NULL,50,80,0,0,75,60,60,47,5,25),(97,NULL,200,25,0,0,80,20,10,48,3,11),(98,NULL,100,54,0,0,10,0,0,48,3,18),(99,NULL,220,54,0,0,50,5,0,48,3,18),(100,NULL,70,29,0,0,0,0,0,48,3,12),(101,'SD',4500,44,0,0,0,0,0,49,2,2),(102,'SD',6,83,0,0,98,95,90,50,2,2),(103,NULL,3500,43,0,0,80,30,20,51,3,11),(104,NULL,851,7,0,0,82,18,0,52,3,18),(105,NULL,52,92,0,0,100,100,90,53,3,11),(106,NULL,1025,41,0,0,100,50,40,54,3,18),(107,NULL,10750,29,0,0,90,70,45,54,3,11),(109,NULL,7000,43,0,0,70,40,20,56,2,8),(110,NULL,400,25,0,0,30,20,0,56,2,9),(111,NULL,1268,21,0,0,50,30,20,56,2,7),(112,NULL,500,20,0,0,40,20,0,56,3,17),(113,NULL,264,0,0,0,80,0,0,56,3,17),(114,NULL,415,46,0,0,90,90,70,56,3,14),(115,NULL,213,47,0,0,30,20,10,56,3,15),(116,NULL,948,37,0,0,80,70,50,56,3,16),(117,NULL,114,44,0,0,80,10,10,56,3,12),(118,NULL,173,23,0,0,90,10,0,56,3,13),(119,NULL,57000,16,0,0,70,20,15,56,3,18),(120,NULL,1111000,3,0,0,70,25,20,56,3,11),(121,NULL,9185,100,0,0,100,100,98,56,4,19),(122,NULL,2135,55,0,0,100,100,95,56,4,20),(123,NULL,1393,99,0,0,100,100,95,56,4,24),(124,NULL,2039,84,0,0,91,88,85,56,4,21),(125,NULL,56263,91,0,0,100,87,89,56,4,22),(126,NULL,100,100,0,0,50,5,0,57,3,12),(127,NULL,50,100,0,0,10,2,0,57,3,18),(128,NULL,24000,100,0,0,92,30,17,57,3,11),(129,NULL,1434,98,0,0,91,90,52,57,4,19),(130,NULL,844,94,0,0,96,93,93,57,4,20),(131,NULL,356,99,0,0,92,89,63,57,4,24),(132,NULL,693,86,0,0,82,79,79,57,4,21),(133,NULL,60,100,0,0,56,25,15,57,4,22),(134,NULL,56,0,0,0,0,0,0,57,3,16),(135,NULL,2191,99,0,0,100,100,60,58,3,18),(136,NULL,53517,44,0,0,92,67,30,58,3,11),(137,'Placton',5381,39,0,0,100,66,33,58,3,2),(138,NULL,5378,94,0,0,100,99,90,58,4,19),(139,NULL,1465,98,0,0,100,98,98,58,4,20),(140,NULL,2579,94,0,0,100,99,87,58,4,24),(141,NULL,400,75,0,0,100,50,20,58,4,21),(142,NULL,2243,95,0,0,100,70,70,58,4,22),(143,NULL,164,24,0,0,63,23,14,59,3,16),(144,NULL,40,82,0,0,54,28,18,59,3,12),(145,NULL,345,43,0,0,89,80,77,59,3,18),(146,NULL,10248,73,0,0,85,82,57,59,3,11),(147,NULL,656,93,0,0,100,100,96,59,4,19),(148,NULL,4767,97,0,0,99,99,98,59,4,20),(149,NULL,640,98,0,0,100,99,95,59,4,24),(150,NULL,1889,97,0,0,100,100,90,59,4,21),(151,NULL,1062,99,0,0,100,98,87,59,4,22),(152,NULL,2500,100,0,0,40,5,5,60,3,18),(153,NULL,7000,700,0,0,30,5,5,60,3,11),(154,'SD',0,0,0,0,100,100,70,60,3,2),(155,NULL,75,80,0,0,100,80,10,60,4,19),(156,NULL,457,96,0,0,100,100,80,60,4,20),(157,NULL,97,100,0,0,100,70,0,60,4,24),(158,NULL,610,98,0,0,100,100,90,60,4,21),(179,NULL,2914,0,0,0,60,51,37,63,3,16),(180,NULL,2000,0,0,0,53,22,19,63,3,18),(181,NULL,23000,100,0,0,82,58,49,63,3,11),(182,NULL,1068,100,0,0,100,94,71,63,3,17),(183,NULL,211,100,0,0,9,0,0,63,4,19),(184,NULL,234,100,0,0,57,7,6,63,4,20),(185,NULL,60,100,0,0,80,53,27,63,4,24),(186,NULL,220,100,0,0,66,65,63,63,4,21),(187,NULL,482,100,0,0,65,36,21,63,4,22),(188,'SD',707,94,0,0,0,0,0,63,4,2),(189,NULL,5419,12,0,0,90,10,5,64,3,11),(190,NULL,4,100,0,0,100,100,100,64,4,19),(191,NULL,6,100,0,0,100,100,100,64,4,24),(192,NULL,194,100,0,0,100,100,100,64,4,21),(193,NULL,1059,100,0,0,100,83,68,64,5,26),(194,NULL,363,89,0,0,100,87,92,65,3,16),(195,NULL,234,87,0,0,100,95,95,65,3,12),(196,NULL,5,100,0,0,100,100,80,65,3,15),(197,NULL,10449,95,0,0,96,51,40,65,3,18),(198,NULL,7511,100,0,0,100,42,22,65,3,11),(199,NULL,2089,100,0,0,89,16,4,65,3,17),(200,NULL,161,100,0,0,100,100,91,65,4,19),(201,NULL,4287,99,0,0,100,100,100,65,4,20),(202,NULL,203,99,0,0,100,100,94,65,4,24),(203,NULL,93,100,0,0,100,100,81,65,4,21),(204,NULL,4641,97,0,0,100,97,83,65,4,22),(205,NULL,73,100,0,0,100,100,99,66,3,18),(206,NULL,859,100,0,0,100,100,99,66,3,18),(207,NULL,28,100,0,0,100,100,100,66,3,18),(208,NULL,11,100,0,0,100,100,0,66,3,18),(209,NULL,4,100,0,0,100,100,99,66,4,19),(210,NULL,2359,100,0,0,100,100,100,66,4,24),(211,'Otros Reptiles',27,100,0,0,100,100,100,66,4,2),(212,NULL,2,100,0,0,100,0,0,66,4,22),(213,NULL,70,100,0,0,100,95,80,67,3,16),(214,NULL,22,100,0,0,100,95,80,67,3,12),(215,NULL,30,100,0,0,100,95,90,67,3,13),(216,NULL,32,100,0,0,100,80,30,67,3,18),(217,NULL,700,100,0,0,95,80,50,67,3,11),(218,NULL,60,100,0,0,95,80,50,67,3,17),(219,NULL,30,100,0,0,100,100,95,67,4,19),(220,NULL,194,100,0,0,100,100,100,67,4,20),(221,NULL,45,100,0,0,100,100,100,67,4,24),(222,NULL,44,100,0,0,100,100,100,67,4,21),(223,NULL,144,100,0,0,100,100,70,67,4,22),(224,NULL,4800,94,0,0,77,45,30,68,3,11),(225,NULL,25,80,0,0,5,8,2,68,3,17),(226,NULL,180,94,0,0,98,98,68,68,4,19),(227,NULL,60,37,0,0,82,75,55,68,4,20),(228,NULL,324,88,0,0,91,86,45,68,4,24),(229,NULL,48,62,0,0,42,42,35,68,4,21),(230,NULL,1380,71,0,0,53,49,42,68,4,22),(231,NULL,7504,99,0,0,100,99,80,69,4,19),(232,NULL,5381,91,0,0,100,99,80,69,4,24),(233,NULL,6950,97,0,0,100,100,100,70,4,19),(234,NULL,7470,99,0,0,100,100,100,70,4,24),(235,NULL,6840,73,0,0,100,100,100,71,3,11),(236,NULL,500,100,0,0,100,100,95,71,4,19),(237,NULL,825,100,0,0,100,100,100,71,4,20),(238,NULL,350,100,0,0,100,100,95,71,4,24),(239,NULL,1088,100,0,0,100,100,98,71,4,21),(240,NULL,42,100,0,0,100,100,99,71,4,22),(241,NULL,3,100,0,0,100,100,75,72,4,19),(242,NULL,205,100,0,0,100,100,100,72,4,20),(243,NULL,70,100,0,0,100,100,98,72,4,24),(244,NULL,141,100,0,0,100,100,100,72,4,21),(245,NULL,238,100,0,0,100,100,100,73,4,20),(246,NULL,230,100,0,0,100,100,100,73,4,24),(247,NULL,253,100,0,0,100,100,100,73,4,21),(248,NULL,60,100,0,0,100,100,100,74,4,19),(249,NULL,102,100,0,0,100,100,100,74,4,20),(250,NULL,66,100,0,0,100,100,100,74,4,24),(251,NULL,145,100,0,0,100,100,100,74,4,21),(252,NULL,0,0,0,0,100,100,75,75,4,19),(253,NULL,0,0,0,0,100,98,98,75,4,20),(254,NULL,0,0,0,0,100,100,98,75,4,24),(255,NULL,0,0,0,0,100,100,100,75,4,21),(256,NULL,0,0,0,0,100,100,81,75,4,22),(257,NULL,92,100,0,0,100,100,100,76,3,11),(258,NULL,53,100,0,0,100,100,100,76,4,19),(259,NULL,304,100,0,0,100,100,100,76,4,20),(260,NULL,143,100,0,0,100,100,100,76,4,24),(261,NULL,151,100,0,0,100,100,100,76,4,21),(262,NULL,7,100,0,0,100,100,100,76,4,22),(263,NULL,757,21,0,0,33,27,6,77,3,16),(264,NULL,13,100,0,0,30,23,23,77,3,17),(265,NULL,10,100,0,0,100,100,0,77,3,17),(266,NULL,40,100,0,0,17,5,2,77,3,13),(267,NULL,2983,90,0,0,71,44,41,77,3,11),(268,NULL,730,100,0,0,91,70,69,77,3,18),(269,NULL,341,100,0,0,92,90,27,77,3,18),(270,NULL,282,84,0,0,74,72,56,77,3,12),(271,NULL,352,98,0,0,80,58,0,77,4,19),(272,NULL,1144,97,0,0,100,99,100,77,4,20),(273,NULL,339,100,0,0,99,79,62,77,4,24),(274,NULL,304,100,0,0,99,79,62,77,4,21),(275,NULL,165,100,0,0,87,65,60,77,4,22),(276,NULL,71,100,0,0,100,100,100,77,5,26),(277,NULL,486,100,0,0,100,100,100,78,3,16),(278,NULL,15,100,0,0,100,100,100,78,3,12),(279,NULL,92,100,0,0,100,100,100,78,3,17),(280,NULL,3,100,0,0,100,100,100,78,4,20),(281,NULL,15,100,0,0,100,100,100,78,4,24),(282,NULL,6,100,0,0,100,100,100,78,4,21),(283,NULL,897,100,0,0,100,100,100,78,4,22),(284,NULL,15,100,0,0,100,100,100,78,5,26),(285,NULL,1,100,0,0,100,100,100,79,4,19),(286,NULL,144,99,0,0,100,100,98,79,4,20),(287,NULL,122,98,0,0,100,100,97,79,4,24),(288,NULL,157,98,0,0,100,100,95,79,4,21),(289,NULL,300,50,0,0,70,50,40,80,3,16),(290,NULL,130,31,0,0,10,5,5,80,3,12),(291,NULL,10,100,0,0,100,100,100,80,3,13),(292,NULL,10,100,0,0,100,100,100,80,3,18),(293,NULL,1,100,0,0,100,100,100,80,4,20),(294,NULL,40,100,0,0,100,100,100,80,4,24),(295,NULL,12,100,0,0,100,100,100,80,4,21),(296,NULL,330,67,0,0,90,81,84,80,4,22),(297,NULL,916,100,0,0,97,90,88,81,3,16),(298,NULL,258,100,0,0,77,70,70,81,3,18),(299,NULL,71,100,0,0,95,52,49,81,3,17),(300,NULL,8,100,0,0,0,0,100,81,4,19),(301,NULL,122,56,0,0,95,85,79,81,4,20),(302,NULL,54,100,0,0,0,0,100,81,4,24),(303,NULL,367,100,0,0,93,90,82,81,4,22),(304,NULL,4200,29,0,0,100,100,100,82,3,16),(305,NULL,230,13,0,0,100,50,40,82,3,12),(306,NULL,300,0,0,0,0,0,0,82,3,11),(307,NULL,490,100,0,0,100,100,100,82,4,19),(308,NULL,63,33,0,0,100,100,90,82,4,20),(309,NULL,185,25,0,0,100,19,19,82,4,24),(310,NULL,178,72,0,0,100,90,10,82,4,21),(311,NULL,191,0,0,0,100,80,60,82,4,22),(312,NULL,0,0,0,0,100,100,100,83,3,11),(313,NULL,69,100,0,0,100,100,100,83,4,19),(314,NULL,356,100,0,0,100,100,98,83,4,20),(315,NULL,310,100,0,0,100,100,100,83,4,24),(316,NULL,289,100,0,0,100,100,100,83,4,21),(317,NULL,400,100,0,0,100,100,83,83,4,22),(318,NULL,14,100,0,0,100,100,86,84,3,18),(319,NULL,51,100,0,0,100,100,96,84,3,18),(320,NULL,1,100,0,0,100,100,0,84,3,18),(321,NULL,162,100,0,0,100,100,99,84,4,24),(322,NULL,1586,0,0,0,0,0,0,85,3,11),(323,NULL,1143,100,0,0,100,100,100,85,4,19),(324,NULL,222,100,0,0,100,100,100,85,4,20),(325,NULL,189,100,0,0,100,100,100,85,4,24),(326,NULL,489,100,0,0,100,100,100,85,4,21),(327,NULL,515,33,0,0,30,30,30,85,4,22),(328,NULL,683,100,0,0,98,27,0,86,3,16),(329,NULL,1186,100,0,0,94,55,0,86,3,12),(330,NULL,5267,100,0,0,86,0,0,86,3,13),(331,NULL,133614,100,0,0,99,67,4,86,3,18),(332,NULL,130864,100,0,0,100,68,4,86,3,11),(333,NULL,51,100,0,0,0,0,0,86,3,17),(334,NULL,1230,100,0,0,100,100,85,86,4,19),(335,NULL,1158,100,0,0,100,100,100,86,4,20),(336,NULL,218,100,0,0,100,100,92,86,4,24),(337,NULL,1187,100,0,0,100,100,97,86,4,21),(338,NULL,78640,100,0,0,100,100,85,86,4,22),(339,NULL,1116,100,0,0,97,96,57,87,3,17),(340,NULL,15268,100,0,0,97,72,67,87,3,11),(341,NULL,753,100,0,0,99,90,56,87,4,19),(342,NULL,636,100,0,0,100,94,93,87,4,20),(343,NULL,190,100,0,0,100,97,81,87,4,24),(344,NULL,270,100,0,0,100,81,74,87,4,21),(345,NULL,109,100,0,0,100,90,88,87,4,22),(346,NULL,277,100,0,0,100,100,99,88,4,19),(347,NULL,94,100,0,0,100,99,93,88,4,24),(348,NULL,186,50,0,0,10,4,86,89,3,16),(349,NULL,74,50,0,0,86,9,5,89,3,12),(350,NULL,60,50,0,0,67,30,3,89,3,13),(351,NULL,52,50,0,0,23,4,73,89,3,17),(352,NULL,1047,100,0,0,66,64,56,90,3,16),(353,NULL,50,62,0,0,48,48,22,90,3,12),(354,NULL,1995,96,0,0,74,25,19,90,3,18),(355,NULL,1575,95,0,0,87,26,19,90,3,11),(356,NULL,346,100,0,0,32,24,19,90,3,17),(357,NULL,3690,81,0,0,100,99,77,90,4,19),(358,NULL,3507,99,0,0,100,99,99,90,4,20),(359,NULL,1964,99,0,0,100,99,98,90,4,24),(360,NULL,618,99,0,0,100,98,92,90,4,21),(361,NULL,152,100,0,0,60,65,53,90,4,22),(362,NULL,10,100,0,0,100,100,100,91,3,16),(363,NULL,132,74,0,0,100,100,100,91,3,16),(364,NULL,32,100,0,0,100,100,100,91,3,12),(365,NULL,10,100,0,0,100,100,100,91,3,12),(366,NULL,12,100,0,0,100,100,100,91,3,15),(367,NULL,165,100,0,0,100,100,100,91,3,15),(368,NULL,27,0,0,0,0,0,0,91,3,17),(369,NULL,30,100,0,0,100,100,100,91,3,14),(370,NULL,45,0,0,0,0,0,0,91,3,14),(371,NULL,17,100,0,0,100,100,100,91,3,13),(372,NULL,1,100,0,0,100,100,100,91,4,20),(373,NULL,61,100,0,0,100,100,100,91,4,24),(374,NULL,2,100,0,0,100,100,100,91,4,24),(375,NULL,1430,100,0,0,100,100,60,91,4,22),(376,NULL,8,100,0,0,100,100,100,91,4,22),(377,NULL,50,100,0,0,100,100,100,91,5,26),(378,NULL,1244,52,0,0,100,55,40,92,4,19),(379,NULL,1163,35,0,0,100,85,35,92,4,24),(380,NULL,1102,0,0,0,100,100,99,93,3,16),(381,NULL,156,0,0,0,100,100,93,93,3,12),(382,NULL,8,0,0,0,100,100,100,93,3,13),(383,NULL,1710,0,0,0,100,81,81,93,3,11),(384,NULL,11,0,0,0,100,100,64,93,3,17),(385,NULL,68,0,0,0,100,100,100,93,4,19),(386,NULL,3,0,0,0,100,100,100,93,4,20),(387,NULL,22,0,0,0,100,100,100,93,4,24),(388,NULL,3,0,0,0,100,100,100,93,4,21),(389,NULL,2244,0,0,0,100,100,97,93,4,22),(390,NULL,1,0,0,0,100,0,0,93,3,17),(391,NULL,417,0,0,0,100,100,56,93,3,14),(392,NULL,78,0,0,0,100,100,77,93,3,15),(393,NULL,54,100,0,0,100,100,100,94,4,24),(394,NULL,100,55,0,0,14,20,0,95,3,11),(395,NULL,100,59,0,0,1,23,14,95,3,17),(396,NULL,100,100,0,0,4,7,85,95,3,17),(397,NULL,100,100,0,0,1,13,48,95,3,17),(398,NULL,100,100,0,0,17,72,0,95,3,14),(399,NULL,100,0,0,0,1,14,66,95,4,19),(400,NULL,100,0,0,0,1,23,60,95,4,24),(401,'SD',100,0,0,0,0,90,10,95,2,2),(402,'Algas',100,100,0,0,0,0,0,95,5,2),(403,'Biofitos',100,48,0,0,0,0,0,95,5,2),(404,NULL,100,28,0,0,0,0,0,95,7,28),(405,NULL,168000,96,0,0,99,85,70,96,5,26),(406,NULL,12200,100,0,0,90,75,65,96,5,25),(407,NULL,8500,100,0,0,80,90,60,96,6,27),(408,NULL,270,96,0,0,100,90,80,97,3,16),(409,NULL,110,91,0,0,100,40,0,97,3,12),(410,NULL,60,83,0,0,10,0,0,97,3,13),(411,NULL,1940,93,0,0,100,75,0,97,3,11),(412,NULL,100,10,0,0,80,40,20,97,5,26),(413,NULL,71100,95,0,0,91,60,40,98,3,11),(414,NULL,239,79,0,0,50,40,20,98,3,17),(415,NULL,4400,91,0,0,100,100,90,99,3,11),(416,NULL,1047,98,0,0,100,100,97,100,3,17),(417,NULL,2190,54,0,0,100,95,85,101,4,21),(418,NULL,19481,100,0,0,100,99,90,102,4,22),(419,NULL,13664,99,0,0,100,100,99,103,4,21),(420,NULL,68200,71,0,0,99,85,70,104,5,26),(421,NULL,2338,79,0,0,90,75,60,104,5,25),(422,'SD',1500,100,0,0,99,99,75,104,5,2),(423,NULL,1734,100,0,0,100,69,48,105,3,18),(424,NULL,30979,100,0,0,100,47,23,105,3,11),(425,NULL,5618,100,0,0,100,100,100,106,4,20),(426,NULL,230,91,0,0,92,92,77,107,3,17),(427,NULL,4232,90,0,0,90,90,89,108,3,16),(428,NULL,19300,98,0,0,87,68,46,109,4,22),(429,NULL,1244,84,0,0,84,84,80,110,3,12),(430,NULL,987,80,0,0,79,76,71,111,3,15),(431,'SD',2000,35,0,0,100,90,65,112,3,2),(432,NULL,205,90,0,0,90,14,12,113,3,13),(433,'SD',98,100,0,0,100,80,30,114,6,2),(434,NULL,1870,95,0,0,100,71,29,115,6,27),(435,NULL,34365,99,0,0,98,75,70,116,5,26),(436,NULL,1250,100,0,0,5,60,15,116,5,25),(437,'SD',431,100,0,0,0,20,5,116,5,2),(438,NULL,7108,72,0,0,59,26,5,117,3,18),(439,NULL,1836,89,0,0,82,33,17,117,3,18),(440,NULL,4399,64,0,0,89,45,37,117,3,11),(441,NULL,581,65,0,0,4,0,0,117,3,18),(442,NULL,9013,100,0,0,95,68,55,118,3,11),(443,'SD',470,100,0,0,57,9,2,118,3,2),(444,NULL,81,0,0,0,100,100,100,119,4,19),(445,NULL,15582,14,0,0,100,100,100,119,4,22),(446,NULL,15486,93,0,0,99,85,85,120,5,26),(447,NULL,14,100,0,0,100,100,78,120,5,26),(448,NULL,1248,92,0,0,98,90,30,120,5,25),(449,NULL,6107,92,0,0,98,41,7,120,5,25),(450,NULL,25,100,0,0,100,60,0,120,5,25),(451,NULL,3937,90,0,0,77,80,30,120,7,28),(452,NULL,76,100,0,0,100,95,90,120,5,26),(453,NULL,370,100,0,0,100,70,25,120,5,26),(454,'Ilustraciones Botánicas',1050,0,0,0,100,70,50,120,5,2),(455,NULL,49,0,0,0,90,70,50,120,5,26),(456,NULL,487,90,0,0,86,75,25,120,6,27),(457,NULL,306,51,0,0,9,28,63,121,2,3),(458,'SD',106,100,0,0,39,27,39,121,2,2),(459,'SD',849,50,0,0,100,40,10,121,2,2),(460,'SD',73,100,0,0,53,51,2,121,2,2),(461,'SD',662,88,0,0,100,100,85,122,2,2),(462,NULL,8072,90,0,0,99,88,52,123,5,26),(463,NULL,350,64,0,0,93,80,57,123,5,25),(464,NULL,1018,99,0,0,96,85,47,124,5,26),(465,NULL,14800,83,0,0,98,70,40,125,5,26),(466,NULL,14000,33,0,0,99,90,25,126,5,26),(467,NULL,35,0,0,0,100,95,95,126,5,26),(468,NULL,370,0,0,0,60,30,10,126,5,26),(469,NULL,5,0,0,0,100,100,50,126,5,26),(470,NULL,2,0,0,0,100,100,50,126,5,26),(471,NULL,10,0,0,0,100,100,80,126,5,26),(472,NULL,90,0,0,0,100,80,20,126,5,26),(473,NULL,150,0,0,0,100,95,85,126,5,26),(474,NULL,250,8,0,0,100,90,70,126,5,26),(475,NULL,4,0,0,0,50,0,0,126,5,25),(476,NULL,200,0,0,0,50,20,10,126,5,25),(477,'SD',40,0,0,0,20,0,0,126,7,2),(478,NULL,11779,79,0,0,99,97,93,127,5,26),(479,NULL,2290,76,0,0,98,94,82,127,5,25),(480,NULL,24230,30,0,0,94,25,18,128,3,11),(481,NULL,619,94,0,0,99,98,93,129,5,26),(482,NULL,56,68,0,0,97,92,47,129,5,25),(483,NULL,5588,98,0,0,99,98,84,130,5,26),(484,NULL,1005,100,0,0,99,99,91,130,5,26),(485,NULL,936,97,0,0,100,100,76,130,5,25),(486,NULL,19507,100,0,0,100,100,79,131,5,26),(487,NULL,5665,87,0,0,95,65,40,132,5,26),(488,NULL,392,61,0,0,95,70,30,132,5,25),(489,NULL,19520,94,0,0,10,20,70,133,5,26),(490,NULL,2573,80,0,0,18,33,68,133,5,25),(491,NULL,760,88,0,0,100,100,100,134,4,20),(492,NULL,2155,63,0,0,100,95,95,134,4,21),(493,NULL,275,71,0,0,100,100,100,135,3,16),(494,NULL,59,41,0,0,100,100,100,135,3,12),(495,NULL,887,77,0,0,64,66,63,135,4,22),(496,NULL,5946,97,0,0,92,82,61,136,5,26),(497,NULL,340,100,0,0,27,27,4,136,5,25),(498,NULL,31364,98,0,0,3,25,72,137,5,26),(499,NULL,7950,90,0,0,1,61,37,137,5,25),(500,NULL,4000,95,0,0,90,4,6,138,3,11),(501,NULL,4495,82,0,0,100,100,70,139,5,25),(502,NULL,55424,37,0,0,80,80,60,140,5,26),(503,NULL,6500,23,0,0,80,80,40,140,5,25),(504,NULL,21450,94,0,0,100,99,97,141,5,26),(505,NULL,200,75,0,0,95,90,85,141,5,25),(506,NULL,0,0,0,0,80,60,0,142,5,26),(507,NULL,40408,50,0,0,100,78,0,143,3,11),(508,NULL,8312,100,0,0,100,24,23,144,3,11),(509,NULL,5647,100,0,0,90,85,45,145,5,26),(510,NULL,35,100,0,0,100,90,60,145,5,25),(511,NULL,2212,100,0,0,100,100,98,146,5,26),(512,NULL,3007,100,0,0,100,79,64,147,3,11),(513,NULL,12520,94,0,0,98,73,40,148,5,26),(514,NULL,360,47,0,0,64,63,43,148,5,25),(515,NULL,16584,79,0,0,98,79,65,149,5,26),(516,NULL,6,100,0,0,100,100,100,149,5,25),(517,NULL,1417,65,0,0,99,99,95,149,5,25),(518,NULL,40,50,0,0,100,80,60,150,5,25),(519,'Cianophytas',12,17,0,0,100,100,0,150,2,2),(520,NULL,70559,70,0,0,99,65,72,151,5,26),(521,NULL,4000,90,0,0,90,70,60,151,5,25),(522,NULL,6800,63,0,0,98,95,85,152,5,26),(523,NULL,4293,91,0,0,100,84,61,153,3,16),(524,NULL,161,69,0,0,94,68,0,153,3,12),(525,NULL,211,86,0,0,100,66,0,153,3,13),(526,NULL,16493,88,0,0,100,91,3,153,3,11),(527,NULL,1231,92,0,0,26,6,0,153,3,17),(528,NULL,13357,97,0,0,1,3,96,154,4,22),(529,NULL,3764,73,0,0,100,90,80,155,5,26),(530,NULL,66300,62,0,0,95,90,85,156,5,26),(531,NULL,10200,56,0,0,90,90,75,156,5,25),(532,NULL,59416,66,0,0,95,70,50,157,3,11),(533,NULL,14645,66,0,0,10,5,2,157,3,17),(534,NULL,730,79,0,0,100,80,20,158,3,11),(535,NULL,10485,73,0,0,100,50,30,159,3,11),(536,NULL,337,0,0,0,0,0,0,159,3,17),(537,'SD',196,100,0,0,100,100,0,160,2,2),(538,NULL,2018,50,0,0,87,85,25,161,3,11),(539,NULL,14723,99,0,0,99,95,8,162,3,13),(540,NULL,4441,100,0,0,100,97,95,163,3,11),(541,'SD',8207,57,0,0,100,100,25,164,2,2),(544,NULL,7525,93,0,0,100,100,98,167,3,11),(545,NULL,19350,34,0,0,100,65,45,168,3,11),(546,NULL,295,15,0,0,95,90,90,168,3,17),(547,'Hongos',5295,93,0,0,60,60,51,169,2,2),(548,'SD',0,0,0,0,100,73,10,170,2,2),(549,NULL,14758,100,0,0,2,10,7,175,3,16),(550,NULL,502,97,0,0,37,37,21,175,3,18),(551,NULL,13312,89,0,0,49,35,31,175,3,11),(552,NULL,6704,100,0,0,90,75,60,175,4,19),(553,NULL,8741,100,0,0,97,81,70,175,4,20),(554,NULL,4900,100,0,0,100,100,100,175,4,24),(555,NULL,1482,93,0,0,99,80,70,175,4,21),(556,NULL,1713,96,0,0,96,46,35,175,4,22),(557,NULL,80,0,0,0,4,4,80,184,3,16),(558,NULL,30232,91,0,0,95,30,36,184,3,11),(559,NULL,110,0,0,0,80,50,0,184,3,17),(560,'SD',689,93,0,0,96,96,47,185,2,2),(561,NULL,15000,67,0,0,100,90,80,186,3,11),(562,NULL,11132,97,0,0,100,95,90,187,3,11),(563,NULL,917,100,0,0,0,0,100,188,3,11),(564,NULL,30500,18,0,0,99,95,80,189,3,11),(565,NULL,2707,28,0,0,100,100,95,190,3,11),(566,NULL,261,61,0,0,95,24,21,191,5,26),(567,NULL,235,0,0,0,0,0,0,191,5,25),(570,NULL,26680,47,0,0,100,90,90,193,5,26),(571,NULL,12020,25,0,0,70,60,60,194,5,26),(572,NULL,9024,100,0,0,92,27,12,195,3,11),(573,NULL,17700,83,0,0,99,85,55,196,5,26),(574,NULL,1872,47,0,0,100,99,80,197,5,26),(575,NULL,10642,91,0,0,6,20,72,198,3,16),(576,NULL,8227,83,0,0,9,10,73,198,3,12),(577,NULL,34,100,0,0,0,0,100,198,3,18),(578,NULL,6164,84,0,0,80,4,0,198,3,13),(579,NULL,4329,88,0,0,3,7,89,198,3,15),(580,NULL,4194,80,0,0,1,17,82,198,3,14),(581,NULL,2198,54,0,0,2,9,90,198,3,17),(582,NULL,126,44,0,0,2,10,86,198,3,17),(583,NULL,1642,63,0,0,80,15,96,198,3,17),(584,NULL,131,86,0,0,64,0,0,198,3,17),(585,NULL,38,87,0,0,0,0,0,198,3,17),(586,NULL,20,100,0,0,0,0,0,198,3,17),(587,NULL,10,100,0,0,0,0,0,198,3,17),(588,'SD',934,100,0,0,0,0,100,198,3,2),(589,NULL,3,100,0,0,0,0,100,198,4,21),(590,NULL,10193,85,0,0,1,6,94,198,4,22),(591,NULL,1209,75,0,0,19,17,63,198,5,25),(592,NULL,58,100,0,0,0,31,0,198,2,3),(593,NULL,2348,74,0,0,100,75,50,199,5,26),(594,NULL,63,100,0,0,100,50,50,199,5,25),(595,NULL,4026,17,0,0,100,100,100,200,3,11),(596,NULL,0,0,0,0,100,26,18,201,3,18),(597,NULL,635,87,0,0,98,25,18,201,3,11),(598,NULL,100,50,0,0,100,50,20,202,3,16),(599,NULL,100,50,0,0,50,20,0,202,3,12),(600,NULL,1200,83,0,0,100,85,50,202,3,13),(601,NULL,100,50,0,0,50,0,0,202,3,11),(602,NULL,20,100,0,0,100,100,0,203,3,12),(603,NULL,21,100,0,0,99,99,99,203,4,21),(604,NULL,72,64,0,0,58,64,4,204,2,10),(605,NULL,102,50,0,0,100,100,100,205,5,26),(606,NULL,56,100,0,0,100,100,100,206,5,26),(607,NULL,967,55,0,0,100,100,100,207,5,26),(608,NULL,852,100,0,0,100,98,36,208,5,26),(609,NULL,3200,100,0,0,100,100,70,209,5,26),(610,NULL,4927,95,0,0,95,39,27,210,3,11),(611,NULL,474,74,0,0,0,15,85,211,2,10),(612,NULL,7299,100,0,0,92,84,60,212,5,26),(613,NULL,20,100,0,0,100,100,50,213,2,4),(614,NULL,330,100,0,0,100,100,95,213,2,3),(615,'Hongos Macroscópicos',746,87,0,0,87,70,24,214,2,2),(616,'SD',1614,100,0,0,100,100,97,215,2,2),(617,NULL,172,13,0,0,65,47,47,216,5,26),(618,NULL,52,85,0,0,4,14,82,217,3,16),(619,NULL,43,100,0,0,17,83,0,217,3,12),(620,NULL,70,93,0,0,17,83,0,217,3,13),(621,NULL,52,100,0,0,90,10,0,217,3,17),(622,NULL,1323,100,0,0,35,4,61,217,4,22),(623,'SD',84,30,0,0,69,45,45,217,2,2),(624,NULL,1404,98,0,0,100,100,99,218,5,26),(625,NULL,1125,100,0,0,94,83,78,219,2,10),(626,NULL,281,0,0,0,0,0,0,220,3,16),(627,NULL,1687,0,0,0,10,5,5,220,3,11),(628,NULL,212,0,0,0,100,100,100,220,4,20),(629,NULL,15,0,0,0,90,90,90,220,4,24),(630,NULL,24,0,0,0,80,80,80,220,4,21),(631,NULL,5,0,0,0,100,100,80,220,4,22),(632,NULL,3000,100,95,0,100,75,50,221,5,26),(633,NULL,178,100,0,0,100,50,50,221,5,25),(636,'Microalgas',0,0,0,0,38,38,0,224,2,2),(637,NULL,3996,100,0,0,100,100,94,225,5,26),(638,NULL,112,100,0,0,100,100,89,225,5,25),(639,NULL,763,100,0,0,86,27,23,226,3,18),(640,NULL,788,94,0,0,88,28,24,226,3,11),(641,NULL,1028,90,0,0,11,22,13,227,5,26),(642,NULL,2280,65,0,0,100,78,80,228,3,16),(643,NULL,3074,50,0,0,42,19,19,229,3,11),(644,NULL,192,100,0,0,100,100,100,230,4,21),(645,NULL,25068,100,0,0,92,49,23,231,3,11),(646,NULL,2455,100,0,0,100,85,20,231,3,17),(649,NULL,170,91,0,0,100,100,91,234,5,26),(650,NULL,750,67,0,0,99,86,59,235,5,26),(651,NULL,22456,82,0,0,99,98,60,236,5,26),(652,NULL,6035,76,0,0,100,40,15,236,5,25),(653,NULL,950,26,0,0,98,90,70,237,5,26),(654,NULL,1236,96,0,0,100,100,90,238,3,16),(655,NULL,1220,50,0,0,60,10,0,239,5,26),(656,NULL,2715,100,0,0,100,100,99,240,4,24),(657,NULL,3095,81,0,0,100,95,60,241,3,11),(658,'Microalgas',42,100,0,0,0,0,0,243,2,2),(659,NULL,1225,85,0,0,99,90,85,244,4,20),(660,'SD',1496,100,0,0,8,8,8,245,2,2),(661,NULL,2650,21,0,0,100,100,75,246,5,26),(662,NULL,25,0,0,0,0,0,0,246,5,25),(663,NULL,33,100,0,0,100,100,0,247,3,16),(664,NULL,170,100,0,0,100,100,0,247,3,12),(665,NULL,29,100,0,0,100,0,0,247,3,13),(666,NULL,3011,100,0,0,100,25,0,247,3,18),(667,NULL,3448,82,0,0,78,28,0,247,3,11),(668,NULL,64,100,0,0,100,100,0,247,3,17),(669,NULL,12634,84,0,0,95,70,50,248,5,26),(670,NULL,34637,54,0,0,52,40,32,249,3,11),(671,NULL,710,88,0,0,90,75,73,250,5,26),(672,NULL,1500,0,0,0,99,60,50,251,3,11),(673,NULL,100,0,0,0,0,0,0,251,3,17),(674,NULL,551,77,0,0,100,70,70,252,3,16),(675,NULL,1939,54,0,0,100,92,86,252,3,11),(676,NULL,51,100,0,0,90,70,50,253,5,26),(701,NULL,63403,3,0,3,3,3,3,258,3,11),(702,NULL,1462,100,100,100,100,100,100,258,4,19),(703,NULL,269,100,100,100,100,100,100,258,4,20),(704,NULL,299,100,100,100,100,100,100,258,4,24),(705,NULL,679,100,100,100,100,90,90,258,4,21),(706,NULL,1243,100,100,100,100,100,100,258,4,22),(728,NULL,1,100,0,0,100,100,100,262,4,19),(729,NULL,173,100,0,0,100,100,100,262,4,20),(730,NULL,61,100,0,0,100,100,100,262,4,24),(731,NULL,224,100,0,0,100,100,100,262,4,21),(740,NULL,0,0,0,NULL,NULL,NULL,0,265,3,13),(741,NULL,0,0,0,NULL,NULL,NULL,0,266,3,13),(742,NULL,1025,41,0,0,100,50,40,267,3,18),(743,NULL,10750,29,0,0,90,70,45,267,3,11),(744,NULL,30500,20,0,100,99,95,80,268,3,11),(770,NULL,74,70,0,0,10,8,8,278,3,16),(771,NULL,33,70,0,0,8,8,8,278,3,12),(772,NULL,100,69,0,0,57,100,100,278,4,22),(773,NULL,417,0,0,0,0,0,0,279,3,12),(774,NULL,79,0,0,0,0,0,0,279,3,13),(775,NULL,40600,64,0,0,92,35,20,279,3,11),(776,NULL,2039,100,0,0,100,100,40,279,4,19),(777,NULL,1125,99,0,0,100,100,99,279,4,20),(778,NULL,425,99,0,0,100,94,74,279,4,24),(779,NULL,650,98,0,0,90,90,82,279,4,21),(780,NULL,60,100,0,0,56,25,15,279,4,22),(781,NULL,638,0,0,0,0,0,0,279,3,16),(782,NULL,5588,98,0,0,99,98,84,280,5,26),(783,NULL,1005,100,0,0,99,99,91,280,5,26),(784,NULL,936,97,0,0,100,100,76,280,5,25),(788,NULL,19507,100,0,0,100,100,79,282,5,26),(795,NULL,164,24,0,0,63,23,14,286,3,16),(796,NULL,40,82,0,0,54,28,18,286,3,12),(797,NULL,345,43,0,0,89,80,77,286,3,18),(798,NULL,10248,73,0,0,85,82,57,286,3,11),(799,NULL,656,93,0,0,100,100,96,286,4,19),(800,NULL,4767,97,0,0,99,99,98,286,4,20),(801,NULL,640,98,0,0,100,99,95,286,4,24),(802,NULL,1889,97,0,0,100,100,90,286,4,21),(803,NULL,1062,99,0,0,100,98,87,286,4,22),(813,NULL,164,24,0,0,63,23,14,288,3,16),(814,NULL,40,82,0,0,54,28,18,288,3,12),(815,NULL,345,43,0,0,89,80,77,288,3,18),(816,NULL,10248,73,0,0,85,82,57,288,3,11),(817,NULL,656,93,0,0,100,100,96,288,4,19),(818,NULL,4767,97,0,0,99,99,98,288,4,20),(819,NULL,640,98,0,0,100,99,95,288,4,24),(820,NULL,1889,97,0,0,100,100,90,288,4,21),(821,NULL,1062,99,0,0,100,98,87,288,4,22),(822,NULL,164,24.39,0,100,63,23,14,289,3,16),(823,NULL,40,82.5,0,100,54,28,18,289,3,12),(824,NULL,395,37.97,0,100,89,80,77,289,3,18),(825,NULL,12300,82.92,0,100,90,85,62,289,3,11),(826,NULL,656,93.14,0,100,100,100,96,289,4,19),(827,NULL,5119,98.05,0,100,100,99,98,289,4,20),(828,NULL,640,97.65,0,100,100,99,95,289,4,24),(829,NULL,2002,96.48,0,100,100,100,96,289,4,21),(830,NULL,1156,97.47,0,100,100,96,84,289,4,22),(832,NULL,3200,100,0,0,100,100,70,291,5,26),(839,NULL,12,NULL,100,100,100,100,100,293,4,19),(840,NULL,283,80,80,100,100,100,100,293,4,20),(841,NULL,178,50,100,100,100,100,100,293,4,24),(842,NULL,181,75,90,100,100,100,100,293,4,21),(843,NULL,238,0,80,100,100,100,100,293,4,22),(844,NULL,4026,17,0,0,100,100,100,294,3,11),(845,NULL,14800,83,0,0,98,70,40,295,5,26),(846,NULL,14800,83,0,0,98,70,40,296,5,26),(847,NULL,14800,83,0,0,98,70,40,297,5,26),(849,NULL,30500,18,0,0,99,95,80,299,3,11),(856,NULL,9400,97,30,100,100,100,50,306,3,11),(860,'Microalgas',0,0,0,0,38,38,0,310,2,2),(861,NULL,192,100,0,0,100,100,100,311,4,21),(879,NULL,1404,98,0,0,100,100,99,324,5,26),(898,NULL,19507,100,0,0,100,100,79,338,5,26),(899,NULL,30500,18,0,0,99,95,80,339,3,11),(900,NULL,30500,18,0,0,99,95,80,340,3,11),(902,'Microalgas',0,0,0,0,38,38,0,342,2,2),(903,NULL,0,0,0,0,100,26,18,343,3,18),(904,NULL,635,87,0,0,98,25,18,343,3,11),(912,'Acari',31,100,100,100,100,100,100,350,3,2),(914,NULL,1920,95,80,100,100,100,90,352,4,20),(915,NULL,5000,100,100,100,3,14,83,353,5,26),(928,NULL,5588,98,0,0,99,98,84,364,5,26),(929,NULL,1005,100,0,0,99,99,91,364,5,26),(930,NULL,936,97,0,0,100,100,76,364,5,25),(931,NULL,5588,98,0,0,99,98,84,365,5,26),(932,NULL,1005,100,0,0,99,99,91,365,5,26),(933,NULL,936,97,0,0,100,100,76,365,5,25),(934,NULL,5588,98,0,0,99,98,84,366,5,26),(935,NULL,1005,100,0,0,99,99,91,366,5,26),(936,NULL,936,97,0,0,100,100,76,366,5,25),(937,NULL,5588,98,0,0,99,98,84,367,5,26),(938,NULL,1005,100,0,0,99,99,91,367,5,26),(939,NULL,936,97,0,0,100,100,76,367,5,25),(946,NULL,5925,100,100,0,8.4,38,65,372,5,26),(947,NULL,192,100,1,0,100,90,36,372,5,25),(948,NULL,3005,100,100,0,18,16,66,373,3,11),(949,NULL,344,100,100,0,0,0,100,374,5,26),(950,NULL,344,100,100,0,0,0,100,375,5,26),(952,NULL,2212,100,0,0,100,100,98,377,5,26),(955,NULL,55424,37,0,0,80,80,60,379,5,26),(956,NULL,6500,23,0,0,80,80,40,379,5,25),(957,NULL,59416,66,0,0,95,70,50,380,3,11),(958,NULL,14645,66,0,0,10,5,2,380,3,17),(959,NULL,59416,66,0,0,95,70,50,381,3,11),(960,NULL,14645,66,0,0,10,5,2,381,3,17),(976,NULL,339,100,100,100,100,100,100,397,5,26),(977,NULL,70,100,0,0,100,95,80,398,3,16),(978,NULL,22,100,0,0,100,95,80,398,3,12),(979,NULL,30,100,0,0,100,95,90,398,3,13),(980,NULL,32,100,0,0,100,80,30,398,3,18),(981,NULL,700,100,0,0,95,80,50,398,3,11),(982,NULL,60,100,0,0,95,80,50,398,3,17),(983,NULL,30,100,0,0,100,100,95,398,4,19),(984,NULL,194,100,0,0,100,100,100,398,4,20),(985,NULL,45,100,0,0,100,100,100,398,4,24),(986,NULL,44,100,0,0,100,100,100,398,4,21),(987,NULL,144,100,0,0,100,100,70,398,4,22),(988,NULL,70,100,0,0,100,95,80,399,3,16),(989,NULL,22,100,0,0,100,95,80,399,3,12),(990,NULL,30,100,0,0,100,95,90,399,3,13),(991,NULL,32,100,0,0,100,80,30,399,3,18),(992,NULL,700,100,0,0,95,80,50,399,3,11),(993,NULL,60,100,0,0,95,80,50,399,3,17),(994,NULL,30,100,0,0,100,100,95,399,4,19),(995,NULL,194,100,0,0,100,100,100,399,4,20),(996,NULL,45,100,0,0,100,100,100,399,4,24),(997,NULL,44,100,0,0,100,100,100,399,4,21),(998,NULL,144,100,0,0,100,100,70,399,4,22),(1007,NULL,356,100,100,0,1,13,86,402,3,16),(1008,NULL,62,100,100,25,65,9,2,402,3,12),(1009,NULL,54,100,100,4,85,4,7,402,3,13),(1010,NULL,61,100,100,2,13,2,83,402,3,15),(1011,NULL,72,100,100,60,11,7,22,402,3,14),(1012,'Porifera',20,100,100,85,15,0,0,402,3,2),(1013,'Urochordata',5,100,100,0,60,0,40,402,3,2),(1014,'Arachnida',259,100,100,2,93,3,2,402,3,2),(1015,'Hexapoda',360,100,50,10,80,9,1,402,3,2),(1020,NULL,1225,100,100,0,0,0,100,404,4,20),(1021,'SD',662,88,0,0,100,100,85,405,2,2),(1022,NULL,34365,99,0,0,98,75,70,406,5,26),(1023,NULL,1250,100,0,0,5,60,15,406,5,25),(1024,'SD',431,100,0,0,0,20,5,406,5,2),(1025,NULL,34365,99,0,0,98,75,70,408,5,26),(1026,NULL,1250,100,0,0,5,60,15,408,5,25),(1027,'SD',431,100,0,0,0,20,5,408,5,2),(1029,NULL,9060,97,0,0,100,100,90,410,3,11),(1031,NULL,9060,97,0,0,100,100,90,412,3,11),(1032,NULL,9060,NULL,0,0,0,30,70,413,3,11),(1037,NULL,2705,100,100,100,100,80,0,418,3,11);
/*!40000 ALTER TABLE `composicion_general` ENABLE KEYS */;
UNLOCK TABLES;

--
-- Table structure for table `contactos`
--

DROP TABLE IF EXISTS `contactos`;
/*!40101 SET @saved_cs_client     = @@character_set_client */;
/*!40101 SET character_set_client = utf8 */;
CREATE TABLE `contactos` (
  `id` int(11) NOT NULL AUTO_INCREMENT,
  `nombre` varchar(150) DEFAULT NULL,
  `cargo` varchar(150) DEFAULT NULL,
  `dependencia` varchar(150) DEFAULT NULL,
  `direccion` varchar(150) DEFAULT NULL,
  `ciudad_id` varchar(45) DEFAULT NULL,
  `telefono` varchar(45) DEFAULT NULL,
  `email` varchar(45) DEFAULT NULL,
  `departamento_id` varchar(45) DEFAULT NULL,
  PRIMARY KEY (`id`)
) ENGINE=InnoDB AUTO_INCREMENT=421 DEFAULT CHARSET=utf8;
/*!40101 SET character_set_client = @saved_cs_client */;

--
-- Dumping data for table `contactos`
--

LOCK TABLES `contactos` WRITE;
/*!40000 ALTER TABLE `contactos` DISABLE KEYS */;
INSERT INTO `contactos` VALUES (9,'Hno. José Edilson Espitia Barrera ','Director Museo','Museo ','Carrera 2 No. 10 -70 Universidad de la Salle','11001','3346189','jespitia@lasalle.edu.co',NULL),(10,'Hno. José Edilson Espitia Barrera ','Director Museo','Museo ','Carrera 2 No. 10 -70 Universidad de la Salle','11001','3346189','jespitia@lasalle.edu.co',NULL),(14,'Hanna Lorena Alvarado Moreno','Curadora','Entomopatógenos','Cll 21 No. 42-55, Barrio Quinta Paredes, Bogotá D.C; Centro Experimental Palmar de la Vizcaína, kilómetro 32 de la troncal del Magadalena Medio, del t','11001','2088660','halvarado@ceniplama.org',NULL),(15,'Jesus Salcedo ','Curador','Herbario','Km. 17 Carrertera Cali - Palmira ','76001','4450073','j.m.salcedo@cgiar.org',NULL),(16,'Claudia Alejandra Medina ','Coordinadora Científica de Colecciones','Colecciónes Biológicas','Claustro de San Agustin Villa de Leyva ','15104','7320791 - 3202767 Ext. 9100','coleccionesbiologicas@humboldt.org.co','CO-BOY'),(17,'Claudia Alejandra Medina ','Coordinadora Científica de Colecciones','Colecciónes Biológicas','Claustro de San Agustin Villa de Leyva ','15104','7320791 - 3202767 Ext. 9100','coleccionesbiologicas@humboldt.org.co',NULL),(18,'Claudia Alejandra Medina ','Coordinadora Científica de Colecciones','Colecciónes Biológicas','Km. 17 Carrertera Cali - Palmira ','76520','4450174','colecciontejidos@humboldt.org.co',NULL),(19,'Claudia Alejandra Medina ','Coordinadora Científica de Colecciones','Colecciónes Biológicas','Claustro de San Agustin Villa de Leyva ','15104','7320791 - 3202767 Ext. 9100','coleccionesbiologicas@humboldt.org.co',NULL),(20,'Gonzalo Andrade','Profesor','SD','Carrera 30 No. 45 -03 Ciudad Universitaria ','11001','3165000 Ext. 11503 - 11538','mgandradec@unal.edu.co',NULL),(21,'Gonzalo Andrade','Profesor','SD','Carrera 30 No. 45 -03 Ciudad Universitaria ','11001','3165000 Ext. 11503 - 11538','mgandradec@unal.edu.co',NULL),(22,'Gonzalo Andrade','Profesor','SD','Carrera 30 No. 45 -03 Ciudad Universitaria ','11001','3165000 Ext. 11503 - 11538','mgandradec@unal.edu.co',NULL),(23,'Gonzalo Andrade','Profesor','SD','Carrera 30 No. 45 -03 Ciudad Universitaria ','11001','3165000 Ext. 11503 - 11538','mgandradec@unal.edu.co',NULL),(24,'Gonzalo Andrade','Profesor','SD','Carrera 30 No. 45 -03 Ciudad Universitaria ','11001','3165000 Ext. 11503 - 11538','mgandradec@unal.edu.co',NULL),(25,'Gonzalo Andrade','Profesor','SD','Carrera 30 No. 45 -03 Ciudad Universitaria ','11001','3165000 Ext. 11503 - 11538','mgandradec@unal.edu.co',NULL),(26,'Gonzalo Andrade','Profesor','SD','Carrera 30 No. 45 -03 Ciudad Universitaria ','11001','3165000 Ext. 11503 - 11538','mgandradec@unal.edu.co',NULL),(27,'Gonzalo Andrade','Profesor','SD','Carrera 30 No. 45 -03 Ciudad Universitaria ','11001','3165000 Ext. 11503 - 11538','mgandradec@unal.edu.co',NULL),(28,'Gonzalo Andrade','Profesor','SD','Carrera 30 No. 45 -03 Ciudad Universitaria ','11001','3165000 Ext. 11503 - 11538','mgandradec@unal.edu.co',NULL),(29,'Gonzalo Andrade','Profesor','SD','Carrera 30 No. 45 -03 Ciudad Universitaria ','11001','3165000 Ext. 11503 - 11538','mgandradec@unal.edu.co',NULL),(31,'Dairon Cárdenas López','Botánico generalista','SD','Calle 20 No. 5 - 44','11001','4442087 - 4442060','dcardenas@sinchi.org.co','CO-DC'),(32,'Edwin Agudelo Córdoba','Ictiología continental y pesquerías','SD','Avenida Vásquez Cobo, entre calles 15 y 16','91001','5925481 - 3167481933','eagudelo@sinchi.org.co','CO-AMA'),(33,'Alejandro Lopera','Curador','SD','Carrera 13 No. 106 A - 67 Apto 302','11001','4747428','alejandro.lopera@gmail.com','CO-DC'),(34,'Gonzalo Andrade','Profesor','SD','Carrera 30 No. 45 -03 Ciudad Universitaria ','11001','3165000 Ext. 11503 - 11538','mgandradec@unal.edu.co','CO-DC'),(35,'Gonzalo Andrade','Profesor','SD','Carrera 30 No. 45 -03 Ciudad Universitaria ','11001','3165000 Ext. 11503 - 11538','mgandradec@unal.edu.co','CO-DC'),(36,'Gonzalo Andrade','Profesor','SD','Carrera 30 No. 45 -03 Ciudad Universitaria ','11001','3165000 Ext. 11503 - 11538','mgandradec@unal.edu.co','CO-DC'),(39,'Gonzalo Andrade','Profesor','sd','Carrera 30 No. 45 -03 Ciudad Universitaria ','11001','3165000 Ext. 11503 - 11538','mgandradec@unal.edu.co','CO-DC'),(45,'Gonzalo Andrade','Profesor','SD','Carrera 30 No. 45 -03 Ciudad Universitaria ','11001','3165000 Ext. 11503 - 11538','mgandradec@unal.edu.co','CO-DC'),(46,'Gonzalo Andrade','Profesor','SD','Carrera 30 No. 45 -03 Ciudad Universitaria ','11001','3165000 Ext. 11503 - 11538','mgandradec@unal.edu.co','CO-DC'),(47,'Gonzalo Andrade','Profesor','SD','Carrera 30 No. 45 -03 Ciudad Universitaria ','11001','3165000 Ext. 11503 - 11538','mgandradec@unal.edu.co','CO-DC'),(48,'Gonzalo Andrade','Profesor','SD','Carrera 30 No. 45 -03 Ciudad Universitaria ','11001','3165000 Ext. 11503 - 11538','mgandradec@unal.edu.co','CO-DC'),(49,'Gonzalo Andrade','Profesor','SD','Carrera 30 No. 45 -03 Ciudad Universitaria ','11001','3165000 Ext. 11503 - 11538','mgandradec@unal.edu.co','CO-DC'),(50,'Gonzalo Andrade','Profesor','SD','Carrera 30 No. 45 -03 Ciudad Universitaria ','11001','3165000 Ext. 11503 - 11538','mgandradec@unal.edu.co','CO-DC'),(51,'Gonzalo Andrade','Profesor','SD','Carrera 30 No. 45 -03 Ciudad Universitaria ','11001','3165000 Ext. 11503 - 11538','mgandradec@unal.edu.co','CO-DC'),(52,'Ángela Rocío Amarillo Suárez','Propietaria Colección ','SD','Calle 46 No. 55 -19','11001','2214131','aamarillo@javeriana.edu.co','CO-DC'),(53,'Cesar Caicedo López','Propietario colección ','SD','Calle 75 A No. 19 - 28','11001','2175076','cesar_caicedo@yahoo.com','CO-DC'),(54,'Dora Nancy Padilla Gil ','Propietaria Colección ','SD','Carrera 34 B No. 1 A 77','11001','5622177','dnpadilla@udenar.edu.co','CO-DC'),(55,'Efrain Reinel Henao Bañol','Propietario colección ','SD','Carrera 16 a 6- 48 Floresta','17873','8778733','efrainhenao@yahoo.mx.co','CO-CAL'),(57,'Javier A. Maldonado O. ','Coordinador de Colecciones ','SD','Carrera 7 No. 43 - 82, Edificio 53','11001','3208320 Ext. 4056','maldonadoj@javeriana.edu.co','CO-DC'),(58,'Jhon Jairo Calderon Leyton','Curador Colección ','SD','Calle 18 Carrera 50, Ciudad Universitaria Torobajo, Bloque 1','52001','7311449','jjcalder@udenar.edu.co','CO-NAR'),(59,'Martha Patricia Ramírez Pinilla ','Coordinadora Colección','SD','Calle 27 Carrera 9, Ciudad Universitaria ','68001','6344000 Ext. 2354','mpramir@uis.edu.co','CO-SAN'),(60,'María del Pilar Rivas Pava ','Directora Museo ','SD','Carrera 2 No. 1 A - 25 ','19001','8209800 Ext. 2620 -2626','mprivas@unicauca.edu.co','CO-CAU'),(61,'Abelardo Rodríguez Bolaños ','Profesor encargado de la colección ','SD','Carrera 4 No. 26 B 54 Mac. B. Edificio Laboratorios de Biología ','11001','3419537','arodriguez@udistrital.edu.co','CO-DC'),(64,'Martha García','Profesora Encargada','SD','Calle 72 No. 11 -86, Casita de Biología ','11001','5941894 Ext. 274','valbuena@pedagogica.edu.co','CO-DC'),(65,'Karin Osbahr','Profesor Encargado','SD','Calle 222  No. 54 -25','11001','6762250','kosbahr@udca.edu.co','CO-DC'),(66,'Germán Parra V.','Profesor Encargado','SD','Av. Roosevelt No. 24 - 30, Museo de Ciencias Naturales Federico Carlos Lehmann Valencia','76001','5146866','mnc@inciva.gov.co','CO-VAC'),(67,'Vitelbina Núñez R','Coordinadora Colección','SD','Carrera 50 No. 63 -65','05001','2193515 ','serpentario@udea.edu.co','CO-ANT'),(68,'Fredy Molano','Curador Colección','SD','Avenida Central de Norte. Edificio Centro Laboratorios. Oficina LS 214','15001','7405626 Ext. 2434','fredymolanor@gmail.com','CO-BOY'),(69,'Camilo Angarita ','Curador Zoología General ','SD','Universidad de Pamplona, Campus Universitario Edificio Cote Lemus y Casona central 2 do piso','54518','5682670','keang16-06@hotmail.com','CO-NSA'),(70,'Juan Manuel Daza','Curador GenerAL','SD','Calle 70 No. 52 -21, Laboratorio de Herpetología, Bloque 7, Laboratorio 121','05001','2195629','juanmadaza@gmail.com','CO-ANT'),(71,'Fernando Castro Herrera','Curador Colección','SD','Calle 13 No. 100 -00 Edificio 320 3er Piso Oficina 3114','76001','3393243','fcastro112000@gmail.com','CO-VAC'),(72,'Julian Adolfo Salazar','Curador Colección','SD','Carrera 23 No. 58 - 65. Edificio Palogrande','17001','8862720 Ext. 24132','julianadolfoster@gmail.com','CO-CAL'),(73,'Leonardo Arias Bernal','Curador Colección','SD','Calle 114 No. 6 A 92','11001','620681','lariasbernal@gmail.com','CO-DC'),(74,'Jesus Alberto Gonzalez Villegas ','Director ','SD','Zoológico de Matecaña, Frente al aeropuerto de Matecaña','66001','3360044','zoomate@pereira.multi.net.co','CO-RIS'),(75,'Ivan E. Ramos V','Coordinador de Proyectos','SD','Km. 16 Trocal Tequendama Vía Mesitas del Colegio','11001','8473831','iramos@zoosantacruz.org','CO-DC'),(76,'Juan Camilo Panqueba ','Encargado Colección','SD','Km 104 vía Bogotá - Girardot','25488','3153263527','juan.panqueba@colsubsidio.com','CO-CUN'),(77,'Sandra Milena Correa Montoya','Encargado Colección','SD','Carrera 42 No. 52 - 33','05001','4447787','zoostafe@une.net.co','CO-ANT'),(78,'Fernado León Valencia Vélez','Curador General','SD','Calle 67 No. 53 - 108 Bloque 15','05001','2195183','museo@quimbaya.udea.edu.co','CO-ANT'),(79,'Jaime Alberto Rojas Ruíz','Encargado Colección','SD','Isla San Martin de Pajarales, Islas del Rosario','13001','6734045','oceanario@enred.com','CO-BOL'),(80,'Andrea Echeverry','Curador Colección','SD','Calle 77 No. 68 - 40','08001','3600314','a.echeverry@zoobaq.org','CO-ATL'),(81,'Giovanny Gory','Biologo Encargado','SD','Carrera 1 Calle 8 Esquina. Edificio Fuentemar Local A 3','47001','4227222','gigori@hotmail.com','CO-MAG'),(82,'Julia Miranda Londoño ','Directora ','SD','Carrera 10 No. 20 -30','11001','3532400','ambiente@emcali.net.co','CO-DC'),(83,'Luis Carlos Gutierrez Moreno','Encargado Colección','SD','Km 7 Antigua vía Puerto Colombia','08001','3197247','faccbasic@uniatlantico.edu.co','CO-ATL'),(84,'Carlos Andrés Galvis ','Jefe Colección ','SD','Carrera 2 oeste Calle 14 Esquina','76001','4880888 Ext. 118','carlosgalvis@zoologicodecali.com.co','CO-VAC'),(85,'Juan Carlos Alarcón ','Curador Colección','SD','Carrera 50 No. 63 - 65 Prado Centro','05001','2336081 - 2192315','serpentario@udea.edu.co','CO-ANT'),(86,'Alexander Velasquez Valencia','Curador General','SD','Carrera 11 No. 6 - 69, Barrió Juan XXIII, Sede Centro','18001','4359935','uam@uniamazonia.edu.co','CO-CAQ'),(87,'Gladys Reinoso Flórez ','Curador General','SD','Barrió Santa Helena - Universidad del Tolima ','73001','2771212 - 2771313','greinoso@ut.edu.co','CO-TOL'),(88,'Santiago Madriñan Restrepo ','Director Museo','SD','Carrera 1 No. 18 - 10 Salones M-101/102','11001','3394949 Ext. 2746/3292','samadrin@uniandes.edu.co','CO-DC'),(89,'cibuq@uniquindio.edu.co','Directora CIUQ','SD','Carrera 15 Calle 12 N - Facultad de Ciencias Básicas, Centro de Investigaciones en Biodiversidad  CIBUQ ','63001','7460279 - 7460100 Ext. 356 ','cibuq@uniquindio.edu.co','CO-QUI'),(90,'Fernando Dueñas ','Director Museo','SD','Carrera 7 B bis  No. 132 -11 Museo de Ciencias ','11001','6489900 Ext. 598','biologia@unbosque.edu.co','CO-DC'),(91,'Dany Sulay Urrego Cárdenas','Curador General','SD','Calle 54 A No. 30 - 01 ','05001','4600727 Ext. 5571','curaduriamuseo@itm.edu.co','CO-ANT'),(92,'Paula Polania Zenner','Encargado Colección','SD','Carrera 2 No. 11 - 86 . Edificio Mundo Marino, Rodadero','47001','4229334','mundomarino@utadeo.edu.co','CO-MAG'),(93,'Jhon Tailor Rengifo Mosquera','Curador Colección','SD','Barrio Nicolas Medrano - Ciudadela Universitaria, Edificio de Investigaciones 4to psio ','27001','3128585367','jhontailorrengifo@gmail.com','CO-CHO'),(94,'Isabel Cristina Acero Hoyos ','Curador General','SD','Carrera 50 No. 73 -75','05001','5168300','isabel.acero@parqueexplora.org','CO-ANT'),(95,'Francisco Javier Ruiz Gómez ','Curador General','SD','Calle 26 # 51 - 20','11001','2207700 ext: 1297 / 1317','fruiz@ins.gov.co','CO-DC'),(96,'Paula Andrea Sepúlveda Cano','Curador Colección','SD','Carrera 32 No. 22 -08 Bloque 08','47001','4217940','psepulveda@unimagdalena.edu.co','CO-MAG'),(97,'Alvaro Idágarra Piedrahita','Curador General','SD','Calle 67 No. 53 - 108 Bloque 2 Oficina 411','05001','2195614','alvaro.idarraga@gmail.com','CO-ANT'),(98,'Mario Londoño','Curador General','SD','Calle 70 No. 52 - 21, Instituto de Biología , Bloque 7','05001','2195629','malondo@yahoo.com','CO-ANT'),(99,'Martha Wolff','Curador Colección','SD','Calle 70 No. 52 - 21, Laboratorio 311, Bloque 7','05001','2195619','mwolff@matematicas.udea.edu.co','CO-ANT'),(100,'Fernando León Dueñas Vélez','Curador General','SD','Calle 70 No. 52 - 21 Laboratorio 207, Bloque 7','05001','2771212 Ext. 9264','cienciasmuseo@quimbaya.udea.educo','CO-ANT'),(101,'Luz Elena Velásquez','Curador Colección','SD','Calle 62 No. 52 - 59 sede de investigación universitaria','05001','2196514','luz.elena333@yahoo.com','CO-ANT'),(102,'Camilo Sánchez Giraldo','Curador Colección','SD','Calle 70 No. 52 - 21 Bloque 3, Laboratorio 103','05001','2195624','jcsg_8213@yahoo.com.ar','CO-ANT'),(103,'Luz Fernanda Jimenez ','Curadora Coleccion ','SD','Calle 70 No. 52 - 21- Instituto de Biología Universidad de Antioquia','05001','2195620 - 2195617','udea.giua@gmail.com','CO-ANT'),(104,'Alan Giraldo López ','Profesor Encargado','SD','Calle 13 No. 100 - 00, Departamento de Biología, Sede Melendez','05001','3212234','alan.giraldo@correounivalle.edu.co','CO-ANT'),(105,'Philip Silverstone Sopkin ','Director Herbario','SD','Calle 13 No. 100 - 00, Departamento de Biología.','76001','3212100 Ext. 33200','pasilverstone_sopkin@yahoo.com','CO-VAC'),(106,'Patricia Chacón','Curador General','SD','Calle 13 No. 100 - 00, Departamento de Biología.','76001','3212100 Ext. 2570','inge.armbrecht@correounivalle.edu.co','CO-VAC'),(107,'Lorena Cruz Bernate','Curador Colección','SD','Calle 13 No. 100 - 00, Departamento de Biología.','76001','3393242','lorena.cruz@correounivalle.edu.co','CO-VAC'),(108,'Fernando Zapata ','Curador','SD','Calle 13 No. 100 - 00, Edificio 320 \"Ciencias\" 4to piso, Sección Biología Marina. Espacio 4065','76001','3212100 ','fernando.zapata@correounivalle.edu.co','CO-VAC'),(109,'Jaime Ricardo Cantera','Curador Colección','SD','Calle 13 No. 100 - 00, Edificio 320 \"Ciencias\" 4to piso, Sección Biología Marina. Espacio 4065','76001','3212100 Ext. 3232','jaime.cantera@correounivalle.edu.co','CO-VAC'),(110,'Efrain Rubio','Curador Colección','SD','Calle 13 No. 100 - 00, Departamento de Biología.','76001','3212100','efrain.rubio@correounivalle.edu.co','CO-VAC'),(111,'Jaime Ricardo Cantera','Curador Colección','SD','Calle 13 No. 100 - 00, Edificio 320 \"Ciencias\" 4to piso, Sección Biología Marina. Espacio 4065','76001','3212100 Ext. 3232','jaime.cantera@correounivalle.edu.co','CO-VAC'),(112,'Edgardo Londoño Cruz','Curador Colección','SD','Calle 13 No. 100 - 00, Edificio 320 \"Ciencias\" 4to piso, Sección Biología Marina. Espacio 4065','76001','3212100 Ext. 3232','edgardo.londono@correounivalle.edu.co','CO-VAC'),(113,'Efrain Rubio','Curador Colección','SD','Calle 13 No. 100 - 00, Departamento de Biología.','76001','3212100','efrain.rubio@correounivalle.edu.co','CO-VAC'),(114,'Germán Bolivar','Curador Colección','SD','Calle 13 No. 100 - 00, Edificio 320 \"Ciencias\" 4to piso, Sección Biología Marina. Espacio 4065','76001','3212100 Ext. 3232','german.bolivar@correounivalle.edu.co','CO-VAC'),(115,'Germán Bolivar','Curador Colección','SD','Calle 13 No. 100 - 00, Departamento de Biología.','76001','3212100 Ext. 3232','german.bolivar@correounivalle.edu.co','CO-VAC'),(116,'Efrain Rubio','Curador Colección','SD','Calle 13 No. 100 - 00, Departamento de Biología.','76001','3212100','efrain.rubio@correounivalle.edu.co','CO-VAC'),(117,'Ana Lucia López González','Directora Herbario','SD','Carrera 15 Calle 12 N - Facultad de Ciencias Básicas, Centro de Investigaciones en Biodiversidad  CIBUQ','63001','7460100 Ext. 356','analucia@uniquindio.edu.co','CO-QUI'),(118,'Dairo Humberto Marin Casas','Coordinador de Colecciones','SD','Carrera 15 Calle 12 N - Facultad de Ciencias Básicas, Centro de Investigaciones en Biodiversidad  CIBUQ','63001','7359346','dhmarin@uniquindio.edu.co','CO-QUI'),(119,'Ana Lucia López González','Coordinadora Colecciónes','SD','Carrera 15 Calle 12 N - Facultad de Ciencias Básicas, Centro de Investigaciones en Biodiversidad  CIBUQ','63001','7460100 Ext. 356','analucia@uniquindio.edu.co','CO-QUI'),(120,'Ana Lucia López González','Coordinadora Colección','SD','Carrera 15 Calle 12 N - Facultad de Ciencias Básicas, Centro de Investigaciones en Biodiversidad  CIBUQ','63001','7460100 Ext. 356','analucia@uniquindio.edu.co','CO-QUI'),(121,'Nestor Julio García','Profesor Encargado','SD','Carrera 7 No. 43 - 82, Edificio 53, Laboratorio 206b. Herbario','11001','3208320 Ext. 4157','nestor.garcia@javeriana.edu.co','CO-DC'),(122,'Javier A. Maldonado O.','Profesor Encargado','SD','Carrera 7 No. 43 - 82, Edificio 53','11001','3208320 Ext. 4127','maldonadoj@javeriana.edu.co','CO-DC'),(123,'Alba Trespalacios','Directora Colección','SD','Carrera 7 No. 43 - 82, Edificio 50','11001','3208320 Ext. 4155 - 4107','alba.trespalacios@javeriana.edu.co','CO-DC'),(124,'Lucia López Carvajal','Curadora Herbario','SD','Km. 8 vía al sur. Sede Campestre Los Robles','19001','8238378','lucavajal3@hotmai.com','CO-CAU'),(125,'Lucia López Carvajal','Curador Colección','SD','Km. 8 vía al sur. Sede Campestre Los Robles','19001','8238378','jardinbotanico@fup.edu.co','CO-CAU'),(126,'Luz Mila Quiñones Méndez','Directora Herbario','SD','Km. 12 vía Puerto López','50001','6698000','luzmila@unillanos.edu.co','CO-MET'),(127,'Luis Roberto Sánchez Montaño','Curador Colección','SD','Universidad de Pamplona, Campus Universitario Edificio Camilo Daza ','54518','5685603','lrsanchezm@gmail.com','CO-NSA'),(128,'Hector Eduardo Esquivel','Director Herbario','SD','Barrio Santa Helena Parte Alta - Campus Universitario','73001','2771212 Ext. 9351 - 3006173675','hesquive@ut.edu.co','CO-TOL'),(129,'Nelson Augusto Canal Daza','Coordinador Laboratorio','SD','Barrio Santa Helena Parte Alta - Campus Universitario','73001','2771212 Ext. 9351 - 3006173675','nacanal@ut.edu.co','CO-TOL'),(130,'Hector Eduardo Esquivel','Curador Colección','SD','Barrio Santa Helena Parte Alta - Campus Universitario','73001','2771212 Ext. 9351 - 3006173675','hesquive@ut.edu.co','CO-TOL'),(131,'Janeth Valencia','Curadora Herbario','SD','Avenida Calle 57 No. 61 -13','11001','4377060 Ext. 241','jvalencia@gmail.com','CO-DC'),(132,'Bilma Jaimes','Curadora Colección Viva ','SD','Avenida Calle 63 No. 68-98','11001','4377060 Ext. 233','bjaimes.s@gmail.com','CO-DC'),(133,'Heidy Saab Ramos','Auxiliar Herbario','SD','Carrera 6 No. 76 - 103','23001','7860154 Ext. 125','heidysaab@hotmail.com','CO-COR'),(134,'Eva Dolores Ledezma Renteria','Gerenalista Herbario','SD','Barrio Nicolas Medrano - Ciudadela Universitaria, Bloque 11','27001','6726565 Ext. 5033','evaledezma06@gmail.com','CO-CHO'),(135,'Alex Mauricio Jiménez Ortega','Coordinador Colección','SD','Barrio Nicolas Medrano - Ciudadela Universitaria, Edificio de Investigaciones 4to piso','27001','3122042327','alexmauriciojimenez@gmail.com','CO-CHO'),(136,'Pedro Felipe Angulo','Curador Colección','SD','Barrio Nicolas Medrano - Ciudadela Universitaria, Bloque 11','27001','3113035777','felipeangulo@hotmail.com','CO-CHO'),(137,'Fany Llanos','Directora Herbario','SD','Carrera 5 No. 23 - 40, Facultad de Ingeniería','41001','8758775','filasno@usco.edu.co','CO-HUI'),(138,'William Ariza Cortez','Curador Herbario','SD','Avenida Circunvalar - Venado de Oro, Facultad de Medio Ambiente y Recursos Naturales ','11001','3239300 Ext. 4037','herbarioforestal@udistrital.edu.co','CO-DC'),(139,'Olga Patricia Pinzón Florian','Profesora Encargada','SD','Avenida Circunvalar - Venado de Oro, Facultad de Medio Ambiente y Recursos Naturales','11001','3239300 Ext. 4037','opatriciap@udistrital.edu.co','CO-DC'),(140,'Esperanza Nancy Pulido','Gerenalista ','SD','Avenida Circunvalar - Venado de Oro, Facultad de Medio Ambiente y Recursos Naturales','11001','3376917','enpulidor@udistrital.edu.co','CO-DC'),(141,'Liliana Rosero Lasprilla','Directora Herbario','SD','Avenida Central de Norte. Edificio Centro Laboratorios. Oficina LS 214','15001','7422176 Ext. 1733','lilianaroslas@yahoo.mx.co','CO-BOY'),(142,'Luis Miguel Álvarez Mejía','Generalista Herbario','SD','Calle 65 No. 26 - 10, Edificio Bicentenario - Bloque U','17001','8781500 Ext. 18040','luis.alvarez@ucaldas.edu.co','CO-CAL'),(143,'José Humberto Gallego Aristizabal','Director Jardín Botánico','SD','Calle 65 No. 26 - 10 ','17001','8781573 Ext. 13408','josegallego@ucaldas.edu.co','CO-CAL'),(145,'Lucimar Gomes Dias ','Profesora Encargada','SD','Calle 65 No. 26 -10. Edificio Sierra Hernández, 1er Piso','17001','8781573 Ext. 12189','lucimar.dias@ucaldas.edu.co','CO-CAL'),(146,'Luis Fernando Vallejo Espinosa','Coordinador del Laboratorio de Entomología','SD','Calle 65 No. 26 - 10. Facultad de ciencias Agropecuarias ','17001','8781500','luis.vallejo_e@ucaldas.edu.co','CO-CAL'),(147,'Alicia Rojas','Curadora Colección','SD','Carrera 23 No. 37 - 63','68001','3168374913','alicia.rojas@cdmb.gov.co','CO-SAN'),(148,'Alicia Rojas','Curador Colección','SD','Carrera 23 No. 37 - 63','68001','3168374913','alicia.rojas@cdmb.gov.co','CO-SAN'),(149,'Alicia Rojas','Curador Colección','SD','Carrera 23 No. 37 - 63','68001','3168374913','alicia.rojas@cdmb.gov.co','CO-SAN'),(150,'Humberto García Pinzón','Profesor Encargado','SD','Calle 27 Carrera 9, Ciudad Universitaria. ','68001','6346149 Ext. 2169','hugarcia@uis.edu.co','CO-SAN'),(151,'Eduino Carbono ','Curador Herbario','SD','Carrera 32 No. 22 - 08','47001','4217940 Ext. 152','eduinoc@yahoo.com','CO-MAG'),(152,'Luz Adriana Velasco','Curadora Colección','SD','Carrera 2 No. 18 - 27 ','47001','4219133','molmarcol@gmail.com','CO-MAG'),(153,'Alvaro Cogollo','Curador Herbario','SD','Calle  73 No. 51 D - 14','05001','4445500 Ext. 103','alvaro.cogollo@botanicomedellin.org','CO-ANT'),(154,'Alvaro Cogollo','Curador Colección','SD','Calle  73 No. 51 D - 14','05001','4606991 - 4445500','alvaro.cogollo@botanicomedellin.org','CO-ANT'),(155,'Luis Fernanda Álvarez Arango','Profesora Encargada','SD','Carrera 46 No. 40 B - 50','05615','5699090 Ext. 285 - 532','luisafernanda.alavarezarango@gmail.com','CO-ANT'),(156,'Luis Fernanda Álvarez Arango','Curador Colección','SD','Carrera 46 No. 40 B - 50, Laboratoro de Limnología','05615','5699090 Ext. 285 - 532','luisafernanda.alavarezarango@gmail.com','CO-ANT'),(157,'Mario Alberto Quijano Abril','Profesor Encargado','SD','Carrera 46 No. 40 B - 50, Herbario de la Universidad','05615','5699090 Ext. 332','maquijano@uco.edu.co','CO-ANT'),(158,'Martha Sofía González Insuasti','Directora Herbario','SD','Calle 18 Carrera 50, Ciudad Universitaria Torobajo, Bloque 1','52001','7311449 Ext. 236','masogo@gmail.com','CO-NAR'),(159,'Lorena Cruz Bernate','Curadora Colección','SD','Calle 13 No. 100 - 00, Facultad de Salud','76001','3393243','lorena.cruz@correounivalle.edu.co','CO-VAC'),(160,'Edgar Orlay Valbuena','Profesor Encargado','SD','Calle 72 No 11 - 86','11001','5941894 Ext. 274','valbuena@pedagogica.edu.co','CO-DC'),(161,'Luz Stella Fuentes','Profesora Encargada','SD','Carrera 4 No.22-61','11001','2407030 Ext. 3674','luz.fuentes@utadeo.edu.co','CO-DC'),(162,'Javier Hernández Fernández','Curador Colección','SD','Carrera 4 No. 22 - 61','11001','2407030 Ext. 1818','javier.hernandez@utadeo.edu.co','CO-DC'),(163,'Juan Santiago Zuluaga','Curador Generel','SD','Carrera 72 A No. 78 B - 141','05001','4410855 Ext. 226','j.zuluaga@cib.org.co','CO-ANT'),(164,'Juan Santiago Zuluaga','Curador Colección','SD','Carrera 72 A No. 78 B - 141','05001','4410855 Ext. 226','j.zuluaga@cib.org.co','CO-ANT'),(165,'Juan Santiago Zuluaga','Curador Colección','SD','Carrera 72 A No. 78 B - 141','05001','4410855 Ext. 226','j.zuluaga@cib.org.co','CO-ANT'),(166,'Juan Santiago Zuluaga','Curador Colección','SD','Carrera 72 A No. 78 B - 141','05001','4410855 Ext. 226','j.zuluaga@cib.org.co','CO-ANT'),(169,'Jaime RamÍrez Avila','Coordinador de Entomología','SD','Av. Calle 26 No. 51 - 20, Zona 6 CAN','11001','2207700 Ext. 1297 - 1317','jramireza@ins.gov.co','CO-DC'),(170,'Pablo Andrés Osorio Mejía','Curador Colección','SD','Km 14 vía Mosquera','25473','4227300','posorio@corpoica.org.co','CO-CUN'),(171,'Pablo Andrés Osorio Mejía','Curador Colección','SD','Km 14 vía Mosquera','25473','4227300 Ext. 1390','posorio@corpoica.org.co','CO-CUN'),(172,'Carolina González','Curadora General','SD','Km 14 vía Mosquera','25473','4227300 Ext. 1311','cgonzaleza@corpoica.org.co','CO-CUN'),(173,'Hno. José Edilson Espitia Barrera ','Director Museo','Museo de La Salle','Cr. 2 No. 10 -70 Universidad de La Salle','11001','3346189','jespitia@lasalle.edu.co','CO-DC'),(174,'Hno. José Edilson Espitia Barrera ','Director Museo','Museo de La Salle','Cr. 2 No. 10 -70 Universidad de La Salle','11001','3346189','jespitia@lasalle.edu.co','CO-DC'),(175,'Hno. José Edilson Espitia Barrera ','Director Museo','Museo de La Salle','Cr. 2 No. 10 -70 Universidad de La Salle','11001','3346189','jespitia@lasalle.edu.co','CO-DC'),(176,'Luis Miguel Constantino','Curador','SD','Km 4 vía Chinchiná - Manizales','17174','8506550','luismiguel.constantino@cafedecolombia.com','CO-CAL'),(177,'Carlos Alberto Rivillas','Curador Colección','SD','Km 4 vía Chinchiná - Manizales','17174','8506550 Ext. 327','carlos.rivillas@cafedecolombia.co','CO-CAL'),(179,'Luis Miguel Constantino ','Curador colección','SD','Carrera 3 Oeste No. 7 - 66, Barrio Arboledas','76001','3166922871','luismiguel.constantino@hotmail.com','CO-VAC'),(180,'Hans W. Dahners','Curador colección','SD','Calle 8 oeste No. 4 - 32','76001','8932592','hdahners@gmx.de','CO-VAC'),(181,'Rodrigo Torres Núñez','Curador colección','SD','Carrera 9 No. 47- 52 Apto. 206','11001','2850212','rtorresn@colomsat.net.co','CO-DC'),(182,'Jean Francois Le Crom','Curador Colección','SD','Calle 61 No.37-31','11001','3102307808','jflecrom@hotmail.com','CO-DC'),(183,'José Ignacio Vargas Chica ','Curador Coleccion ','SD','Barrio Turin Casa 11','17873','8773429','joseigancio_05@yahoo.es','CO-CAL'),(184,'Carlo Da Ros','Curador Colección','SD','Carrera 4 con calle 3. Edificio para la educación superior ','25297','0','museogacheta@yahoo.com','CO-CUN'),(186,'Adriana Tinoco','Directora Colección','SD','Sector Matatute, Bolivar ','13001','6637172','adriana.tinoco@gmail.com','CO-BOL'),(187,'Adriana Tinoco','Directora Colección','SD','Sector Matatute, Bolivar','13001','6637172','adriana.tinoco@gmail.com','CO-BOL'),(188,'Victor Nieto','Curador colección','SD','Facultad de Medio Ambiente, Sede Venado de Oro Universidad Distrital','11001','2118020','victornieto@conif.org.co','CO-DC'),(189,'Alejandro Castaño Naranjo','Curador colección','SD','Calle 6 No. 24-80 Avenida Rooselvelt','76001','5146848','alecastulua@gmail.com','CO-VAC'),(190,'Alejandro Castaño Naranjo','Curador Colección','SD','Calle 6 No. 24-80 Avenida Rooselvelt','76001','5146848','alecastulua@gmail.com','CO-VAC'),(191,'Giomar H. Borrero Pérez','Curador Colección','SD','Calle 25 No. 2 -55. Playa Salguero','47001','4328600','giomar.borrero@invemar.org.co','CO-MAG'),(192,'Hernes Cuadros Villalobos','Curador Colección','SD','Km 7 Antigua vía Puerto Colombia','08001','3197247','hcuadros@uniatlantico.edu.co','CO-ATL'),(193,'Julián Adolfo Salazar','Curador Colección','SD','Carrera 17A No. 49-13','17873','8853568','julianadolfoster@gmail.com','CO-CAL'),(194,'Luis Carlos Pardo Locarno ','Curador Colección','SD','Carrera 21 No. 24 A - 63','76520','2721198','pardolc@hotmail.com','CO-VAC'),(195,'Juan J. A. Laverde Castillo ','Curador Colección','SD','Condominio Boca Salinas Apto 318, Sector Pozos Colorados','47001','4321403','jjalaverde@hotmail.com','CO-MAG'),(196,'Lilián Flórez González','Curadora Colección','SD','Carrera 24 F oeste No. 3 - 110','76001','5585585','yubarta@emcali.net.co','CO-VAC'),(197,'Alejandro Gutierrez','Curador Colección','SD','Km 17 recta Cali- Palmira CIAT','76520',' 4450114','usi1-biotec@cgiar.org','CO-VAC'),(198,'Victo Andres Galindo','Curador Colección','SD','Carrera 25 No. 6 - 62','76001','5243061','victor@cipav.org.co','CO-VAC'),(199,'Victo Andres Galindo','Curador Colección','SD','Carrera 25 No. 6 - 62','76001','5243061','victor@cipav.org.co','CO-VAC'),(200,'Gloria Arboleda','Curador Colección','SD','Av 3 OE No. 22 B 140','76001','315 740 6444','jbc.arboleda@gmail.com','CO-VAC'),(201,'German Orlando Oyuela Torres','Curador Colección','SD','Antigua Granja San Jorgue Vía Calambeo','73001','2638334','oyuelat@gmail.com','CO-TOL'),(202,'Juan Lazaro Toro ','Curador Colección','SD','Carrera 65 No. 44 A -32','05001','4938888','jtoro@corantioquia.gov.co','CO-ANT'),(203,'Diego Miguel Sierra Botero','Curador Colección','SD','Calle 42 No. 52 - 106 Centro Administrativo Departamental \"José María Córdova\"','05001','4099000','gloriae@cis.net.co','CO-ANT'),(204,'Santiago Madriñan Restrepo','Director Museo','SD','Carrera 1 No. 18 A - 12','11001','3394949','samadrin@uniandes.edu.co','CO-DC'),(205,'Santiago Madriñan Restrepo','Director Herbario','SD','Carrera 1 No. 18 A - 12','11001','3394949','samadrin@uniandes.edu.co','CO-DC'),(206,'Santiago Madriñan Restrepo','Curador Colección','SD','Carrera 1 No. 18 A - 12','11001','3394949','samadrin@uniandes.edu.co','CO-DC'),(207,'Santiago Madriñan Restrepo','Curador Colección','SD','Carrera 1 No. 18 A - 12','11001','3394949','samadrin@uniandes.edu.co','CO-DC'),(208,'Santiago Madriñan Restrepo','Curador Colección','SD','Carrera 1 No. 18 A - 12','11001','3394949','samadrin@uniandes.edu.co','CO-DC'),(209,'Santiago Madriñan Restrepo','SD','SD','Av. El Libertador, Carrera 15. Arriba del cerro','47001','4216644','vludovica@hotmail.com','CO-MAG'),(210,'Mónica María Zambrano Ortiz ','Curadora Colección','SD','Vía \"El Morro\", Capitanía de ´Puerto, Tumaco Nariño.','52001','7272637','monyzambrano@yahoo.com','CO-NAR'),(211,'Dorian Ruiz Penagos ','Curador Colección','SD','Calle 17 , Campus Universitario','66001','3131700','juglans@colombia.com','CO-RIS'),(212,'Martha Lucia Cependa ','Curador General','SD','Carrera 5 No. 66 A - 34','11001','8050106','mlcepedah@corpogen.org','CO-DC'),(213,'SD','SD','SD','SD','17001','SD','rnc@humboldt.org.co','CO-CAL'),(214,'Hernes Cuadros Villalobos','Curador Colección','Facultad de Ciencias Básicas','Km 7 Antigua vía Puerto Colombia','08001','3599481','hermescuadros@mail.uniatlantico.edu.co','CO-ATL'),(218,'Leonor Botero','Directora General de Investigacióm','Dirección de Investigación','KM 7 AUOTONORTE PUENTE EL COMUN CAMPUS UNIVESITARIO CHIA','25175','8615555','leonor.botero@unisabana.edu.co','CO-CUN'),(219,'Rodrigo Iván Romero Zúñiga ','Curador colección','SD','Av. Centenario 15 - 190 Km. 3 vía al Valle ','63130','7425274','rromeroz@gmail.com','CO-QUI'),(220,'Paula Andrea Téllez Jaramillo','Curadora colección','SD','Av. Centenario 15 - 190 Km. 3 vía al Valle','63130','7425274','investigaciones@jardinbotanico.org','CO-QUI'),(221,'Clara Ines Medina Bermudez ','Cordinadora Colecciones','SD','Carrera 11 No.101-80 ','11001','3006343288','clara.medina@umilitar.edu.co','CO-DC'),(222,'Clara Ines Medina Bermudez','Cordinadora Colecciones','SD','Carrera 11 No. 101 - 80','11001','6500000','clara.medina@umilitar.edu.co','CO-DC'),(223,'Clara Ines Medina Bermudez','Cordinadora Colecciones','SD','Carrera 11 No. 101 - 80','11001','6500000','clara.medina@umilitar.edu.co','CO-DC'),(224,'Myriam Arévalo Ramírez','SD','SD','Km 6 vía Cali, Puerto Tejada','76001','5216231','ensayos@inmuno.org','CO-VAC'),(225,'Martha Wolff','Cordinadora','SD','Carrera 50 No. 53 -43 Piso 15','05001','5113133','mwolff@matematicas.udea.edu.co','CO-ANT'),(228,'Edgar Giraldo Herrera ','Curador Colección','SD','Calle 19 Norte No. 19 - 55','63001','7460600','edgier2006@hotmail.com','CO-QUI'),(229,'Laura Lorena Rivera Parada','Curadora colección','SD','Carrera 17 No. 14 - 85','86001','4295267','lauraceae_lrp@yahoo.es','CO-PUT'),(230,'Bernando Ramírez Padilla ','Director Herbario ','SD','Carrera 2 No. 1A -25 ','19001','8209900','branly@unicauca.edu.co','CO-CAU'),(231,'Jose Castillo','Cordinador colección','SD','Av. El Libertador Quinta de San Pedro Alejandrino','47001','4330589 - 4331021','ecojoc@yahoo.com','CO-MAG'),(232,'Enrique Alberto Yidi Daccarett ','Propietario colección','SD','Vía 40 Carretera eternit loma 3, Edificio Euromarmol','08001','3600208','enriyidi@yahoo.com','CO-ATL'),(233,'María Cristina Martinez H. ','Curadora Herbario ','SD','Carrera 7 bis No. 132 - 11 salon k101','11001','6489000 Ext. 1598','biologia@unbosque.edu.co','CO-DC'),(234,'Juan J. Silva Haad','Propietario colección','SD','Calle 144 No. 11 -07 edificio Zafiro apto 405','11001','2580416','juanjhaad@yahoo.com','CO-DC'),(235,'Gabriel Jaime Parra','Curador colección','SD','Calle 10 A No. 22 -04','05001','4440059','gparra@ces.edu.co','CO-ANT'),(237,'LEONOR BOTERO','DIRECTORA GENERAL DE INVESTIGACIÓN','DIRECCIÓN DE INVESTIGACIÓN','KM 7 AUOTONORTE PUENTE EL COMUN CAMPUS UNIVESITARIO CHIA','25175','8615555','leonor.botero@unisabana.edu.co','CO-CUN'),(238,'Adriana Girón ','Curadora colección','SD','Diagonal 21 45 A 19 Bosque','13001','3105050762','adrigironflorez@yahoo.es','CO-BOL'),(239,'Valeska Villegas Escobar ','Directora de Grupo','SD','Carrera 49 No. 7 Sur - 50','05001','4489500','vvilleg2@eafit.edu.co','CO-ANT'),(240,'William Vargas','Curador Colección','SD','Calle 18 No. 122 - 135','76001','5552334','wgvargas@icesi.edu.co','CO-VAC'),(241,'Gerardo Arenas Salazar ','Curador Colección','SD','Av. Calle 24 No. 37 - 15','11001','3447000','garenas@acueducto.com.co','CO-DC'),(242,'Edwin Trujillo Trujillo','Curador Colección','SD','Calle 17 Diagonal 17 con Carrera 3F, Barrio Porvenir','18001','4358786','j.botanicouniamazonia@gmail.com','CO-CAQ'),(243,'Manuel Alejandro Rampirez','Curador General ','SD','Calle 78 B No. 72 A - 220','05001','45470000','manalejo1781@gmail.com','CO-ANT'),(244,'SD','SD','SD','SD','25473','0','mip@corpoica.org.co','CO-CUN'),(245,'Carlos Sarmiento','Propietario colección','SD','Carrera 40 No. 36 - 21 Sur ','11001','7200024','cesarmiento@yahoo.com','CO-DC'),(246,'Carlo Da Ros','Curador Colección','SD','Museo Vittoriano Calle 3 No. 4 -10','25297','8535718','museohn@unicauca.edu.co','CO-CUN'),(247,'Dagoberto Castro Restrepo','Directora Colección','SD','Carrera 46 No. 40 B - 50','05615','5316666 Ext. 248','dcastro@uco.edu.co','CO-ANT'),(252,'Alexander Velasquez Valencia','Curador General','Centro de Investigaciones de la biodiversidad Andino Amazonica','Carrera 11 No. 6 - 69, Barrió Juan XXIII, Sede Centro','18001','3143939933','alexandervelasquezvalencia@gmail.com','CO-CAQ'),(256,'Catalina Rodríguez Álvarez','Directora Conservación y Educación','Departamento de Conservación y Educacion','Calle 114 No. 6 A 92 Int. 335 Local D327','11001','6200681','crodriguez@parquejaimeduque.com','CO-DC'),(259,'sd','sd','sd','sd','11001','sd','jpdiaz.111@gmail.com','CO-DC'),(264,'sd','sd','sd','sd','11001','sd','jpdiaz.111@gmail.com','CO-DC'),(265,'Efrain Reinel Henao Bañol','Propietario colección ','SD','Carrera 16 a 6- 48 Floresta','17873','8778733','efrainhenao@yahoo.mx.co','CO-CAL'),(266,'Jean Francois Le Crom','Curador Colección','SD','Calle 61 No.37-31','11001','3102307808','jflecrom@hotmail.com','CO-DC'),(267,'Efrain Reinel Henao Bañol','Propietario colección ','SD','Carrera 16 a 6- 48 Floresta','17873','8778733','efrainhenao@yahoo.mx.co','CO-CAL'),(273,'Efrain Reinel Henao Bañol','Propietario colección ','SD','Carrera 16 a 6- 48 Floresta','17873','8778733','efrainhenao@yahoo.mx.co','CO-CAL'),(277,'Pedro Felipe Angulo','Curador Colección','SD','Barrio Nicolas Medrano - Ciudadela Universitaria, Bloque 11','27001','3113035777','felipeangulo@hotmail.com','CO-CHO'),(278,'Jhon Jairo Calderon Leyton','Coordinador Museo','SD','Calle 18 Carrera 50, Ciudad Universitaria Torobajo, Bloque 1','52001','3006548397','jjcalder@udenar.edu.co','CO-NAR'),(279,'Janeth Valencia','Curadora Herbario','SD','Avenida Calle 57 No. 61 -13','11001','4377060 Ext. 241','jvalencia@gmail.com','CO-DC'),(281,'Bilma Jaimes','Curadora Colección Viva ','SD','Avenida Calle 63 No. 68-98','11001','4377060 Ext. 233','bjaimes.s@gmail.com','CO-DC'),(285,'Juana Giraldo','Coordinador de Colección y Conservación','Parque Recreativo y Zoológico Piscilago','Km 104 vía Bogotá - Girardot','25488','3175757431','juana.giraldo@colsubsidio.com','CO-CUN'),(286,'María del Pilar Rivas Pava ','Directora Museo ','SD','Carrera 2 No. 1 A - 25 ','19001','8209800 Ext. 2620 -2626','mprivas@unicauca.edu.co','CO-CAU'),(288,'María del Pilar Rivas Pava ','Directora Museo ','SD','Carrera 2 No. 1 A - 25 ','19001','8209800 Ext. 2620 -2626','mprivas@unicauca.edu.co','CO-CAU'),(289,'María del Pilar Rivas Pava ','Directora Museo ','SD','Carrera 2 No. 1 A - 25 ','19001','8209800 Ext. 2620 -2626','mprivas@unicauca.edu.co','CO-CAU'),(291,'Juan Lazaro Toro ','Curador Colección','SD','Carrera 65 No. 44 A -32','05001','4938888','jtoro@corantioquia.gov.co','CO-ANT'),(293,'Juana Giraldo','Coordinador de Colección y Conservación','SD','Km 104 vía Bogotá - Girardot','25488','3175757431','juana.giraldo@colsubsidio.com','CO-CUN'),(294,'Julián Adolfo Salazar','Curador Colección','SD','Carrera 17A No. 49-13','17873','8853568','julianadolfoster@gmail.com','CO-CAL'),(295,'Luz Mila Quiñones Méndez','Directora Herbario','SD','Km. 12 vía Puerto López','50001','6698000','luzmila@unillanos.edu.co','CO-MET'),(296,'Luz Mila Quiñones Méndez','Directora Herbario','SD','Km. 12 vía Puerto López','50001','6698000','luzmila@unillanos.edu.co','CO-MET'),(297,'Luz Mila Quiñones Méndez','Directora Herbario','SD','Km. 12 vía Puerto López','50001','6698000','luzmila@unillanos.edu.co','CO-MET'),(299,'Jean Francois Le Crom','Curador Colección','SD','Calle 61 No.37-31','11001','3102307808','jflecrom@hotmail.com','CO-DC'),(306,'Alejandro Lopera','Curador','SD','Carrera 13 No. 106 A - 67 Apto 302','11001','4747428','alejandro.lopera@gmail.com','CO-DC'),(310,'Leonor Botero','Directora General de Investigacióm','Dirección de Investigación','KM 7 AUOTONORTE PUENTE EL COMUN CAMPUS UNIVESITARIO CHIA','25175','8615555','leonor.botero@unisabana.edu.co','CO-CUN'),(311,'Myriam Arévalo Ramírez','SD','SD','Km 6 vía Cali, Puerto Tejada','76001','5216231','ensayos@inmuno.org','CO-VAC'),(324,'Dorian Ruiz Penagos ','Curador Colección','SD','Calle 17 , Campus Universitario','66001','(6) 3137538','juglans@colombia.com','CO-RIS'),(338,'Bilma Jaimes','Curadora Colección Viva ','SD','Avenida Calle 63 No. 68-98','11001','4377060 Ext. 233','bjaimes.s@gmail.com','CO-DC'),(339,'Jean Francois Le Crom','Curador Colección','SD','Calle 61 No.37-31','11001','3102307808','jflecrom@hotmail.com','CO-DC'),(340,'Jean Francois Le Crom','Curador Colección','SD','Calle 61 No.37-31','11001','3102307808','jflecrom@hotmail.com','CO-DC'),(342,'Leonor Botero','Directora General de Investigacióm','Dirección de Investigación','KM 7 AUOTONORTE PUENTE EL COMUN CAMPUS UNIVESITARIO CHIA','25175','8615555','leonor.botero@unisabana.edu.co','CO-CUN'),(343,'Luis Carlos Pardo Locarno ','Curador Colección','SD','Carrera 21 No. 24 A - 63','76520','2721198','pardolc@hotmail.com','CO-VAC'),(350,'Aymer Andrés Vásquez Ordóñez','Asistente de Investigación','Programa de Entomología','Km 17 recta Cali-Palmira','76520','+57 2 4450000, ext. 3382-3383','a.a.vasquez@cgiar.org','CO-VAC'),(352,'Adriana Girón ','Curadora colección','SD','Diagonal 21 45 A 19 Bosque','13001','3105050762','adrigironflorez@yahoo.es','CO-BOL'),(353,'Mario Alberto Quijano Abril','Director HUCO','SD','Carrera 46 No. 40 B - 50, Herbario de la Universidad','05615','5699090 Ext. 332','maquijano@uco.edu.co','CO-ANT'),(364,'Janeth Valencia','Curadora Herbario','SD','Avenida Calle 57 No. 61 -13','11001','4377060 Ext. 241','jvalencia@gmail.com','CO-DC'),(365,'Janeth Valencia','Curadora Herbario','SD','Avenida Calle 57 No. 61 -13','11001','4377060 Ext. 241','herbario@jbb.gov.co','CO-DC'),(366,'Janeth Valencia','Curadora Herbario','SD','Avenida Calle 57 No. 61 -13','11001','4377060 Ext. 241','jvalencia@gmail.com','CO-DC'),(367,'Janeth Valencia','Curadora Herbario','SD','Avenida Calle 57 No. 61 -13','11001','4377060 Ext. 241','jvalencia@gmail.com','CO-DC'),(372,'Alicia Rojas','Curadora Colección','SD','Carrera 23 No. 37 - 63','68001','3168374913','alicia.rojas@cdmb.gov.co','CO-SAN'),(373,'Alicia Rojas','Curador Colección','SD','Carrera 23 No. 37 - 63','68001','3168374913','alicia.rojas@cdmb.gov.co','CO-SAN'),(374,'Alicia Rojas','Curador Colección','SD','Carrera 23 No. 37 - 63','68001','3168374913','alicia.rojas@cdmb.gov.co','CO-SAN'),(375,'Alicia Rojas','Curador Colección','SD','Carrera 23 No. 37 - 63','68001','3168374913','alicia.rojas@cdmb.gov.co','CO-SAN'),(377,'Alicia Rojas','Curador Colección','Subdirección de Ordenamiento y Planificación Integral del Territorio- CDMB','Carrera 23 No. 37 - 63','68001','3156420875','biolog1@cdmb.gov.co','CO-SAN'),(379,'María Eugenia Morales Puentes','Directora Herbario','Herbario','Avenida Central de Norte. Edificio Centro Laboratorios','15001','7405626 Ext. 2433 celular: 3125864962','maria.morales@uptc.edu.co','CO-BOY'),(380,'Lorena Cruz Bernate','Curadora Colección','SD','Calle 13 No. 100 - 00, Facultad de Salud','76001','3393243','lorena.cruz@correounivalle.edu.co','CO-VAC'),(381,'Mauricio Barreto','Profesor Titular','Departamento de Microbiología','Av. 1 N # 3N-35, Sede Centenario','76001','6670327 ext 2201','mauricio.barreto@correounivalle.edu.co','CO-VAC'),(398,'Thaura Ghneim Herrera	','Profesora Asociada','Facultad de Ciencias Naturales','Universidad Icesi. Calle 18, No. 122-135. Pance.','76001','5725552334','tghneim@icesi.edu.co','CO-VAC'),(399,'Fredy Molano','Curador Colección','SD','Avenida Central de Norte. Edificio Centro Laboratorios. Oficina LS 214','15001','7405626 Ext. 2434','fredymolanor@gmail.com','CO-BOY'),(400,'Fredy Molano','Curador Colección','SD','Avenida Central de Norte. Edificio Centro Laboratorios. Oficina LS 214','15001','7405626 Ext. 2434','fredymolanor@gmail.com','CO-BOY'),(403,'Fernando Dueñas ','Director Museo','SD','Carrera 7 B bis  No. 132 -11 Museo de Ciencias ','11001','6489900 Ext. 598','biologia@unbosque.edu.co','CO-DC'),(405,'Adriana Girón ','Curadora colección','SD','Diagonal 21 45 A 19 Bosque','13001','3105050762','adrigironflorez@yahoo.es','CO-BOL'),(406,'Alba Trespalacios','Directora Colección de Microorganismos Pontificia Universidad Javeriana','Facultad de Ciencias Básicas - Departamento de Microbiología ','Carrera 7 No. 43 - 82, Edificio 50','11001','3208320 Ext. 4155 - 4107','alba.trespalacios@javeriana.edu.co','CO-DC'),(407,'Ana Lucia López González','Directora Herbario','SD','Carrera 15 Calle 12 N - Facultad de Ciencias Básicas, Centro de Investigaciones en Biodiversidad  CIBUQ','63001','7460100 Ext. 356','analucia@uniquindio.edu.co','CO-QUI'),(408,'Ana Lucia López González','Directora Herbario','SD','Carrera 15 Calle 12 N - Facultad de Ciencias Básicas, Centro de Investigaciones en Biodiversidad  CIBUQ','63001','7460100 Ext. 356','analucia@uniquindio.edu.co','CO-QUI'),(409,'Ana Lucia López González','Directora Herbario','SD','Carrera 15 Calle 12 N - Facultad de Ciencias Básicas, Centro de Investigaciones en Biodiversidad  CIBUQ','63001','7460100 Ext. 356','analucia@uniquindio.edu.co','CO-QUI'),(410,'Ana Lucia López González - Andres Felipe Orozco Cardona','DIRECTORA CIBUQ, CURADOR HERBARIO HUQ ','SD CENTRO DE ESTUDIOS E INVESTIGACIONES EN BIODIVERSIDAD Y BIOTECNOLOGÍA CIBUQ ','Carrera 15 Calle 12 Norte, Universidad del Quindío, Bloque de Ciencias Básicas, A-416','63001','7359300 EXT.338 7359876 ','analucia@uniquindio.edu.co','CO-QUI'),(412,'Alejandro Lopera','Curador','SD','Carrera 22 No. 137 - 79','11001','2741714','alejandro.lopera@gmail.com','CO-DC'),(414,'Alejandro Lopera','Curador','SD','Carrera 13 No. 106 A - 67 Apto 302','11001','4747428','alejandro.lopera@gmail.com','CO-DC'),(415,'Alejandro Lopera','Curador','SD','Carrera 13 No. 106 A - 67 Apto 302','11001','4747428','alejandro.lopera@gmail.com','CO-DC'),(420,'Zuleyma Mosquera Murillo','Docente Ocasional Tiempo Completo','Facultad de Ciencias Básicas - Programa de Biología ','Ciudadela Universitaria - Barrio Nicolas Medrano - Quibdó','27001','6726565 ext. 1048 3147273552','zuleymamosquera@gmail.com','CO-CHO');
/*!40000 ALTER TABLE `contactos` ENABLE KEYS */;
UNLOCK TABLES;

--
-- Table structure for table `county`
--

DROP TABLE IF EXISTS `county`;
/*!40101 SET @saved_cs_client     = @@character_set_client */;
/*!40101 SET character_set_client = utf8 */;
CREATE TABLE `county` (
  `id` int(10) NOT NULL,
  `iso_county_code` char(8) NOT NULL,
  `department_id` int(10) DEFAULT NULL,
  `county_name` varchar(255) DEFAULT NULL,
  `species_count` int(10) DEFAULT NULL,
  `occurrence_count` int(10) DEFAULT NULL,
  `occurrence_coordinate_count` int(10) DEFAULT NULL,
  PRIMARY KEY (`iso_county_code`)
) ENGINE=MyISAM DEFAULT CHARSET=utf8;
/*!40101 SET character_set_client = @saved_cs_client */;

--
-- Dumping data for table `county`
--

LOCK TABLES `county` WRITE;
/*!40000 ALTER TABLE `county` DISABLE KEYS */;
INSERT INTO `county` VALUES (1,'05001',2,'Medellín',NULL,NULL,NULL),(2,'05002',2,'Abejorral',NULL,NULL,NULL),(3,'05004',2,'Abriaquí',NULL,NULL,NULL),(4,'05021',2,'AlejandrÍa',NULL,NULL,NULL),(5,'05030',2,'Amagá',NULL,NULL,NULL),(6,'05031',2,'Amalfi',NULL,NULL,NULL),(7,'05034',2,'Andes',NULL,NULL,NULL),(8,'05036',2,'Angelópolis',NULL,NULL,NULL),(9,'05038',2,'Angostura',NULL,NULL,NULL),(10,'05040',2,'AnorÍ',NULL,NULL,NULL),(11,'05042',2,'Santafé de antioquia',NULL,NULL,NULL),(12,'05044',2,'Anza',NULL,NULL,NULL),(13,'05045',2,'Apartadó',NULL,NULL,NULL),(14,'05051',2,'Arboletes',NULL,NULL,NULL),(15,'05055',2,'Argelia',NULL,NULL,NULL),(16,'05059',2,'Armenia',NULL,NULL,NULL),(17,'05079',2,'Barbosa',NULL,NULL,NULL),(18,'05086',2,'Belmira',NULL,NULL,NULL),(19,'05088',2,'Bello',NULL,NULL,NULL),(20,'05091',2,'Betania',NULL,NULL,NULL),(21,'05093',2,'Betulia',NULL,NULL,NULL),(22,'05101',2,'Ciudad bolívar',NULL,NULL,NULL),(23,'05107',2,'Briceño',NULL,NULL,NULL),(24,'05113',2,'Buriticá',NULL,NULL,NULL),(25,'05120',2,'Cáceres',NULL,NULL,NULL),(26,'05125',2,'Caicedo',NULL,NULL,NULL),(27,'05129',2,'Caldas',NULL,NULL,NULL),(28,'05134',2,'Campamento',NULL,NULL,NULL),(29,'05138',2,'Cañasgordas',NULL,NULL,NULL),(30,'05142',2,'Caracolí',NULL,NULL,NULL),(31,'05145',2,'Caramanta',NULL,NULL,NULL),(32,'05147',2,'Carepa',NULL,NULL,NULL),(33,'05148',2,'El carmen de viboral',NULL,NULL,NULL),(34,'05150',2,'Carolina',NULL,NULL,NULL),(35,'05154',2,'Caucasia',NULL,NULL,NULL),(36,'05172',2,'Chigorodó',NULL,NULL,NULL),(37,'05190',2,'Cisneros',NULL,NULL,NULL),(38,'05197',2,'Cocorná',NULL,NULL,NULL),(39,'05206',2,'Concepción',NULL,NULL,NULL),(40,'05209',2,'Concordia',NULL,NULL,NULL),(41,'05212',2,'Copacabana',NULL,NULL,NULL),(42,'05234',2,'Dabeiba',NULL,NULL,NULL),(43,'05237',2,'Donmatías',NULL,NULL,NULL),(44,'05240',2,'Ebéjico',NULL,NULL,NULL),(45,'05250',2,'El bagre',NULL,NULL,NULL),(46,'05264',2,'Entrerrios',NULL,NULL,NULL),(47,'05266',2,'Envigado',NULL,NULL,NULL),(48,'05282',2,'Fredonia',NULL,NULL,NULL),(49,'05284',2,'Frontino',NULL,NULL,NULL),(50,'05306',2,'Giraldo',NULL,NULL,NULL),(51,'05308',2,'Girardota',NULL,NULL,NULL),(52,'05310',2,'Gómez plata',NULL,NULL,NULL),(53,'05313',2,'Granada',NULL,NULL,NULL),(54,'05315',2,'Guadalupe',NULL,NULL,NULL),(55,'05318',2,'Guarne',NULL,NULL,NULL),(56,'05321',2,'Guatape',NULL,NULL,NULL),(57,'05347',2,'Heliconia',NULL,NULL,NULL),(58,'05353',2,'Hispania',NULL,NULL,NULL),(59,'05360',2,'Itagui',NULL,NULL,NULL),(60,'05361',2,'Ituango',NULL,NULL,NULL),(61,'05364',2,'Jardín',NULL,NULL,NULL),(62,'05368',2,'Jericó',NULL,NULL,NULL),(63,'05376',2,'La ceja',NULL,NULL,NULL),(64,'05380',2,'La estrella',NULL,NULL,NULL),(65,'05390',2,'La pintada',NULL,NULL,NULL),(66,'05400',2,'La unión',NULL,NULL,NULL),(67,'05411',2,'Liborina',NULL,NULL,NULL),(68,'05425',2,'Maceo',NULL,NULL,NULL),(69,'05440',2,'Marinilla',NULL,NULL,NULL),(70,'05467',2,'Montebello',NULL,NULL,NULL),(71,'05475',2,'Murindó',NULL,NULL,NULL),(72,'05480',2,'Mutatá',NULL,NULL,NULL),(73,'05483',2,'Nariño',NULL,NULL,NULL),(74,'05490',2,'NecoclÍ',NULL,NULL,NULL),(75,'05495',2,'Nechí',NULL,NULL,NULL),(76,'05501',2,'Olaya',NULL,NULL,NULL),(77,'05541',2,'Peñol',NULL,NULL,NULL),(78,'05543',2,'Peque',NULL,NULL,NULL),(79,'05576',2,'Pueblorrico',NULL,NULL,NULL),(80,'05579',2,'Puerto berrío',NULL,NULL,NULL),(81,'05585',2,'Puerto nare',NULL,NULL,NULL),(82,'05591',2,'Puerto triunfo',NULL,NULL,NULL),(83,'05604',2,'Remedios',NULL,NULL,NULL),(84,'05607',2,'Retiro',NULL,NULL,NULL),(85,'05615',2,'Rionegro',NULL,NULL,NULL),(86,'05628',2,'Sabanalarga',NULL,NULL,NULL),(87,'05631',2,'Sabaneta',NULL,NULL,NULL),(88,'05642',2,'Salgar',NULL,NULL,NULL),(89,'05647',2,'San andrés de cuerquia',NULL,NULL,NULL),(90,'05649',2,'San carlos',NULL,NULL,NULL),(91,'05652',2,'San francisco',NULL,NULL,NULL),(92,'05656',2,'San jerónimo',NULL,NULL,NULL),(93,'05658',2,'San josé de la montaña',NULL,NULL,NULL),(94,'05659',2,'San juan de urabá',NULL,NULL,NULL),(95,'05660',2,'San luis',NULL,NULL,NULL),(96,'05664',2,'San pedro de los milagros',NULL,NULL,NULL),(97,'05665',2,'San pedro de uraba',NULL,NULL,NULL),(98,'05667',2,'San rafael',NULL,NULL,NULL),(99,'05670',2,'San roque',NULL,NULL,NULL),(100,'05674',2,'San vicente',NULL,NULL,NULL),(101,'05679',2,'Santa bárbara',NULL,NULL,NULL),(102,'05686',2,'Santa rosa de osos',NULL,NULL,NULL),(103,'05690',2,'Santo domingo',NULL,NULL,NULL),(104,'05697',2,'El santuario',NULL,NULL,NULL),(105,'05736',2,'Segovia',NULL,NULL,NULL),(106,'05756',2,'Sonson',NULL,NULL,NULL),(107,'05761',2,'Sopetrán',NULL,NULL,NULL),(108,'05789',2,'Támesis',NULL,NULL,NULL),(109,'05790',2,'Tarazá',NULL,NULL,NULL),(110,'05792',2,'Tarso',NULL,NULL,NULL),(111,'05809',2,'Titiribí',NULL,NULL,NULL),(112,'05819',2,'Toledo',NULL,NULL,NULL),(113,'05837',2,'Turbo',NULL,NULL,NULL),(114,'05842',2,'Uramita',NULL,NULL,NULL),(115,'05847',2,'Urrao',NULL,NULL,NULL),(116,'05854',2,'Valdivia',NULL,NULL,NULL),(117,'05856',2,'Valparaíso',NULL,NULL,NULL),(118,'05858',2,'Vegachi',NULL,NULL,NULL),(119,'05861',2,'Venecia',NULL,NULL,NULL),(120,'05873',2,'Vigía del fuerte',NULL,NULL,NULL),(121,'05885',2,'YalÍ',NULL,NULL,NULL),(122,'05887',2,'Yarumal',NULL,NULL,NULL),(123,'05890',2,'Yolombó',NULL,NULL,NULL),(124,'05893',2,'Yondó',NULL,NULL,NULL),(125,'05895',2,'Zaragoza',NULL,NULL,NULL),(126,'08001',4,'Barranquilla',NULL,NULL,NULL),(127,'08078',4,'Baranoa',NULL,NULL,NULL),(128,'08137',4,'Campo de la cruz',NULL,NULL,NULL),(129,'08141',4,'Candelaria',NULL,NULL,NULL),(130,'08296',4,'Galapa',NULL,NULL,NULL),(131,'08372',4,'Juan de acosta',NULL,NULL,NULL),(132,'08421',4,'Luruaco',NULL,NULL,NULL),(133,'08433',4,'Malambo',NULL,NULL,NULL),(134,'08436',4,'Manatí',NULL,NULL,NULL),(135,'08520',4,'Palmar de varela',NULL,NULL,NULL),(136,'08549',4,'Piojó',NULL,NULL,NULL),(137,'08558',4,'Polonuevo',NULL,NULL,NULL),(138,'08560',4,'Ponedera',NULL,NULL,NULL),(139,'08573',4,'Puerto colombia',NULL,NULL,NULL),(140,'08606',4,'Repelón',NULL,NULL,NULL),(141,'08634',4,'Sabanagrande',NULL,NULL,NULL),(142,'08638',4,'Sabanalarga',NULL,NULL,NULL),(143,'08675',4,'Santa lucía',NULL,NULL,NULL),(144,'08685',4,'Santo tomás',NULL,NULL,NULL),(145,'08758',4,'Soledad',NULL,NULL,NULL),(146,'08770',4,'Suan',NULL,NULL,NULL),(147,'08832',4,'Tubará',NULL,NULL,NULL),(148,'08849',4,'Usiacurí',NULL,NULL,NULL),(149,'11001',15,'Bogotá D.C.',NULL,NULL,NULL),(150,'13001',5,'Cartagena',NULL,NULL,NULL),(151,'13006',5,'Achí',NULL,NULL,NULL),(152,'13030',5,'Altos del rosario',NULL,NULL,NULL),(153,'13042',5,'Arenal',NULL,NULL,NULL),(154,'13052',5,'Arjona',NULL,NULL,NULL),(155,'13062',5,'Arroyohondo',NULL,NULL,NULL),(156,'13074',5,'Barranco de loba',NULL,NULL,NULL),(157,'13140',5,'Calamar',NULL,NULL,NULL),(158,'13160',5,'Cantagallo',NULL,NULL,NULL),(159,'13188',5,'Cicuco',NULL,NULL,NULL),(160,'13212',5,'Córdoba',NULL,NULL,NULL),(161,'13222',5,'Clemencia',NULL,NULL,NULL),(162,'13244',5,'El carmen de bolívar',NULL,NULL,NULL),(163,'13248',5,'El guamo',NULL,NULL,NULL),(164,'13268',5,'El peñón',NULL,NULL,NULL),(165,'13300',5,'Hatillo de loba',NULL,NULL,NULL),(166,'13430',5,'Magangué',NULL,NULL,NULL),(167,'13433',5,'Mahates',NULL,NULL,NULL),(168,'13440',5,'Margarita',NULL,NULL,NULL),(169,'13442',5,'María la baja',NULL,NULL,NULL),(170,'13458',5,'Montecristo',NULL,NULL,NULL),(171,'13468',5,'Mompós',NULL,NULL,NULL),(172,'13473',5,'Morales',NULL,NULL,NULL),(173,'13490',5,'Norosí',NULL,NULL,NULL),(174,'13549',5,'Pinillos',NULL,NULL,NULL),(175,'13580',5,'Regidor',NULL,NULL,NULL),(176,'13600',5,'Río viejo',NULL,NULL,NULL),(177,'13620',5,'San cristóbal',NULL,NULL,NULL),(178,'13647',5,'San estanislao',NULL,NULL,NULL),(179,'13650',5,'San fernando',NULL,NULL,NULL),(180,'13654',5,'San jacinto',NULL,NULL,NULL),(181,'13655',5,'San jacinto del cauca',NULL,NULL,NULL),(182,'13657',5,'San juan nepomuceno',NULL,NULL,NULL),(183,'13667',5,'San martín de loba',NULL,NULL,NULL),(184,'13670',5,'San pablo',NULL,NULL,NULL),(185,'13673',5,'Santa catalina',NULL,NULL,NULL),(186,'13683',5,'Santa rosa',NULL,NULL,NULL),(187,'13688',5,'Santa rosa del sur',NULL,NULL,NULL),(188,'13744',5,'Simití',NULL,NULL,NULL),(189,'13760',5,'Soplaviento',NULL,NULL,NULL),(190,'13780',5,'Talaigua nuevo',NULL,NULL,NULL),(191,'13810',5,'Tiquisio',NULL,NULL,NULL),(192,'13836',5,'Turbaco',NULL,NULL,NULL),(193,'13838',5,'Turbaná',NULL,NULL,NULL),(194,'13873',5,'Villanueva',NULL,NULL,NULL),(195,'13894',5,'Zambrano',NULL,NULL,NULL),(196,'15001',6,'Tunja',NULL,NULL,NULL),(197,'15022',6,'Almeida',NULL,NULL,NULL),(198,'15047',6,'Aquitania',NULL,NULL,NULL),(199,'15051',6,'Arcabuco',NULL,NULL,NULL),(200,'15087',6,'Belén',NULL,NULL,NULL),(201,'15090',6,'Berbeo',NULL,NULL,NULL),(202,'15092',6,'Betéitiva',NULL,NULL,NULL),(203,'15097',6,'Boavita',NULL,NULL,NULL),(204,'15104',6,'Boyacá',NULL,NULL,NULL),(205,'15106',6,'Briceño',NULL,NULL,NULL),(206,'15109',6,'Buenavista',NULL,NULL,NULL),(207,'15114',6,'Busbanzá',NULL,NULL,NULL),(208,'15131',6,'Caldas',NULL,NULL,NULL),(209,'15135',6,'Campohermoso',NULL,NULL,NULL),(210,'15162',6,'Cerinza',NULL,NULL,NULL),(211,'15172',6,'Chinavita',NULL,NULL,NULL),(212,'15176',6,'Chiquinquirá',NULL,NULL,NULL),(213,'15180',6,'Chiscas',NULL,NULL,NULL),(214,'15183',6,'Chita',NULL,NULL,NULL),(215,'15185',6,'Chitaraque',NULL,NULL,NULL),(216,'15187',6,'Chivatá',NULL,NULL,NULL),(217,'15189',6,'Ciénega',NULL,NULL,NULL),(218,'15204',6,'Cómbita',NULL,NULL,NULL),(219,'15212',6,'Coper',NULL,NULL,NULL),(220,'15215',6,'Corrales',NULL,NULL,NULL),(221,'15218',6,'CovarachÍa',NULL,NULL,NULL),(222,'15223',6,'Cubará',NULL,NULL,NULL),(223,'15224',6,'Cucaita',NULL,NULL,NULL),(224,'15226',6,'Cuítiva',NULL,NULL,NULL),(225,'15232',6,'Chíquiza',NULL,NULL,NULL),(226,'15236',6,'Chivor',NULL,NULL,NULL),(227,'15238',6,'Duitama',NULL,NULL,NULL),(228,'15244',6,'El cocuy',NULL,NULL,NULL),(229,'15248',6,'El espino',NULL,NULL,NULL),(230,'15272',6,'Firavitoba',NULL,NULL,NULL),(231,'15276',6,'Floresta',NULL,NULL,NULL),(232,'15293',6,'Gachantivá',NULL,NULL,NULL),(233,'15296',6,'Gameza',NULL,NULL,NULL),(234,'15299',6,'Garagoa',NULL,NULL,NULL),(235,'15317',6,'Guacamayas',NULL,NULL,NULL),(236,'15322',6,'Guateque',NULL,NULL,NULL),(237,'15325',6,'Guayatá',NULL,NULL,NULL),(238,'15332',6,'Güicán',NULL,NULL,NULL),(239,'15362',6,'Iza',NULL,NULL,NULL),(240,'15367',6,'jenesano',NULL,NULL,NULL),(241,'15368',6,'Jericó',NULL,NULL,NULL),(242,'15377',6,'Labranzagrande',NULL,NULL,NULL),(243,'15380',6,'La capilla',NULL,NULL,NULL),(244,'15401',6,'La victoria',NULL,NULL,NULL),(245,'15403',6,'La uvita',NULL,NULL,NULL),(246,'15407',6,'Villa de leyva',NULL,NULL,NULL),(247,'15425',6,'Macanal',NULL,NULL,NULL),(248,'15442',6,'Maripí',NULL,NULL,NULL),(249,'15455',6,'Miraflores',NULL,NULL,NULL),(250,'15464',6,'Mongua',NULL,NULL,NULL),(251,'15466',6,'Monguí',NULL,NULL,NULL),(252,'15469',6,'Moniquirá',NULL,NULL,NULL),(253,'15476',6,'Motavita',NULL,NULL,NULL),(254,'15480',6,'Muzo',NULL,NULL,NULL),(255,'15491',6,'Nobsa',NULL,NULL,NULL),(256,'15494',6,'Nuevo colón',NULL,NULL,NULL),(257,'15500',6,'Oicatá',NULL,NULL,NULL),(258,'15507',6,'Otanche',NULL,NULL,NULL),(259,'15511',6,'Pachavita',NULL,NULL,NULL),(260,'15514',6,'Páez',NULL,NULL,NULL),(261,'15516',6,'Paipa',NULL,NULL,NULL),(262,'15518',6,'Pajarito',NULL,NULL,NULL),(263,'15522',6,'Panqueba',NULL,NULL,NULL),(264,'15531',6,'Pauna',NULL,NULL,NULL),(265,'15533',6,'Paya',NULL,NULL,NULL),(266,'15537',6,'Paz de río',NULL,NULL,NULL),(267,'15542',6,'Pesca',NULL,NULL,NULL),(268,'15550',6,'Pisba',NULL,NULL,NULL),(269,'15572',6,'Puerto boyacá',NULL,NULL,NULL),(270,'15580',6,'Quípama',NULL,NULL,NULL),(271,'15599',6,'Ramiriquí',NULL,NULL,NULL),(272,'15600',6,'Ráquira',NULL,NULL,NULL),(273,'15621',6,'Rondón',NULL,NULL,NULL),(274,'15632',6,'Saboyá',NULL,NULL,NULL),(275,'15638',6,'Sáchica',NULL,NULL,NULL),(276,'15646',6,'Samacá',NULL,NULL,NULL),(277,'15660',6,'San eduardo',NULL,NULL,NULL),(278,'15664',6,'San josé de pare',NULL,NULL,NULL),(279,'15667',6,'San luis de gaceno',NULL,NULL,NULL),(280,'15673',6,'San mateo',NULL,NULL,NULL),(281,'15676',6,'San miguel de sema',NULL,NULL,NULL),(282,'15681',6,'San pablo de borbur',NULL,NULL,NULL),(283,'15686',6,'Santana',NULL,NULL,NULL),(284,'15690',6,'Santa maría',NULL,NULL,NULL),(285,'15693',6,'Santa rosa de viterbo',NULL,NULL,NULL),(286,'15696',6,'Santa sofía',NULL,NULL,NULL),(287,'15720',6,'Sativanorte',NULL,NULL,NULL),(288,'15723',6,'Sativasur',NULL,NULL,NULL),(289,'15740',6,'Siachoque',NULL,NULL,NULL),(290,'15753',6,'Soatá',NULL,NULL,NULL),(291,'15755',6,'Socota',NULL,NULL,NULL),(292,'15757',6,'Socha',NULL,NULL,NULL),(293,'15759',6,'Sogamoso',NULL,NULL,NULL),(294,'15761',6,'Somondoco',NULL,NULL,NULL),(295,'15762',6,'Sora',NULL,NULL,NULL),(296,'15763',6,'Sotaquirá',NULL,NULL,NULL),(297,'15764',6,'Soracá',NULL,NULL,NULL),(298,'15774',6,'Susacón',NULL,NULL,NULL),(299,'15776',6,'Sutamarchán',NULL,NULL,NULL),(300,'15778',6,'Sutatenza',NULL,NULL,NULL),(301,'15790',6,'Tasco',NULL,NULL,NULL),(302,'15798',6,'Tenza',NULL,NULL,NULL),(303,'15804',6,'Tibaná',NULL,NULL,NULL),(304,'15806',6,'Tibasosa',NULL,NULL,NULL),(305,'15808',6,'Tinjacá',NULL,NULL,NULL),(306,'15810',6,'Tipacoque',NULL,NULL,NULL),(307,'15814',6,'Toca',NULL,NULL,NULL),(308,'15816',6,'Togüí',NULL,NULL,NULL),(309,'15820',6,'Tópaga',NULL,NULL,NULL),(310,'15822',6,'Tota',NULL,NULL,NULL),(311,'15832',6,'Tununguá',NULL,NULL,NULL),(312,'15835',6,'Turmequé',NULL,NULL,NULL),(313,'15837',6,'Tuta',NULL,NULL,NULL),(314,'15839',6,'Tutazá',NULL,NULL,NULL),(315,'15842',6,'Umbita',NULL,NULL,NULL),(316,'15861',6,'Ventaquemada',NULL,NULL,NULL),(317,'15879',6,'Viracachá',NULL,NULL,NULL),(318,'15897',6,'Zetaquira',NULL,NULL,NULL),(319,'17001',7,'Manizales',NULL,NULL,NULL),(320,'17013',7,'Aguadas',NULL,NULL,NULL),(321,'17042',7,'Anserma',NULL,NULL,NULL),(322,'17050',7,'Aranzazu',NULL,NULL,NULL),(323,'17088',7,'Belalcázar',NULL,NULL,NULL),(324,'17174',7,'Chinchiná',NULL,NULL,NULL),(325,'17272',7,'Filadelfia',NULL,NULL,NULL),(326,'17380',7,'La dorada',NULL,NULL,NULL),(327,'17388',7,'La merced',NULL,NULL,NULL),(328,'17433',7,'Manzanares',NULL,NULL,NULL),(329,'17442',7,'Marmato',NULL,NULL,NULL),(330,'17444',7,'Marquetalia',NULL,NULL,NULL),(331,'17446',7,'Marulanda',NULL,NULL,NULL),(332,'17486',7,'Neira',NULL,NULL,NULL),(333,'17495',7,'Norcasia',NULL,NULL,NULL),(334,'17513',7,'Pácora',NULL,NULL,NULL),(335,'17524',7,'Palestina',NULL,NULL,NULL),(336,'17541',7,'Pensilvania',NULL,NULL,NULL),(337,'17614',7,'Riosucio',NULL,NULL,NULL),(338,'17616',7,'Risaralda',NULL,NULL,NULL),(339,'17653',7,'Salamina',NULL,NULL,NULL),(340,'17662',7,'Samaná',NULL,NULL,NULL),(341,'17665',7,'San josé',NULL,NULL,NULL),(342,'17777',7,'Supía',NULL,NULL,NULL),(343,'17867',7,'Victoria',NULL,NULL,NULL),(344,'17873',7,'Villamaría',NULL,NULL,NULL),(345,'17877',7,'Viterbo',NULL,NULL,NULL),(346,'18001',8,'Florencia',NULL,NULL,NULL),(347,'18029',8,'Albania',NULL,NULL,NULL),(348,'18094',8,'Belén de los andaquies',NULL,NULL,NULL),(349,'18150',8,'Cartagena del chairá',NULL,NULL,NULL),(350,'18205',8,'Curillo',NULL,NULL,NULL),(351,'18247',8,'El doncello',NULL,NULL,NULL),(352,'18256',8,'El paujil',NULL,NULL,NULL),(353,'18410',8,'La montañita',NULL,NULL,NULL),(354,'18460',8,'Milán',NULL,NULL,NULL),(355,'18479',8,'Morelia',NULL,NULL,NULL),(356,'18592',8,'Puerto rico',NULL,NULL,NULL),(357,'18610',8,'San josé del fragua',NULL,NULL,NULL),(358,'18753',8,'San vicente del caguan',NULL,NULL,NULL),(359,'18756',8,'Solano',NULL,NULL,NULL),(360,'18785',8,'Solita',NULL,NULL,NULL),(361,'18860',8,'Valparaíso',NULL,NULL,NULL),(362,'19001',10,'Popayán',NULL,NULL,NULL),(363,'19022',10,'Almaguer',NULL,NULL,NULL),(364,'19050',10,'Argelia',NULL,NULL,NULL),(365,'19075',10,'Balboa',NULL,NULL,NULL),(366,'19100',10,'BolÍvar',NULL,NULL,NULL),(367,'19110',10,'Buenos aires',NULL,NULL,NULL),(368,'19130',10,'Cajibío',NULL,NULL,NULL),(369,'19137',10,'Caldono',NULL,NULL,NULL),(370,'19142',10,'Caloto',NULL,NULL,NULL),(371,'19212',10,'Corinto',NULL,NULL,NULL),(372,'19256',10,'El tambo',NULL,NULL,NULL),(373,'19290',10,'Florencia',NULL,NULL,NULL),(374,'19300',10,'Guachené',NULL,NULL,NULL),(375,'19318',10,'Guapi',NULL,NULL,NULL),(376,'19355',10,'Inzá',NULL,NULL,NULL),(377,'19364',10,'Jambaló',NULL,NULL,NULL),(378,'19392',10,'La sierra',NULL,NULL,NULL),(379,'19397',10,'La vega',NULL,NULL,NULL),(380,'19418',10,'López',NULL,NULL,NULL),(381,'19450',10,'Mercaderes',NULL,NULL,NULL),(382,'19455',10,'Miranda',NULL,NULL,NULL),(383,'19473',10,'Morales',NULL,NULL,NULL),(384,'19513',10,'Padilla',NULL,NULL,NULL),(385,'19517',10,'Paez',NULL,NULL,NULL),(386,'19532',10,'Patía',NULL,NULL,NULL),(387,'19533',10,'Piamonte',NULL,NULL,NULL),(388,'19548',10,'Piendamó',NULL,NULL,NULL),(389,'19573',10,'Puerto tejada',NULL,NULL,NULL),(390,'19585',10,'Puracé',NULL,NULL,NULL),(391,'19622',10,'Rosas',NULL,NULL,NULL),(392,'19693',10,'San sebastián',NULL,NULL,NULL),(393,'19698',10,'Santander de quilichao',NULL,NULL,NULL),(394,'19701',10,'Santa rosa',NULL,NULL,NULL),(395,'19743',10,'Silvia',NULL,NULL,NULL),(396,'19760',10,'Sotara',NULL,NULL,NULL),(397,'19780',10,'Suárez',NULL,NULL,NULL),(398,'19785',10,'Sucre',NULL,NULL,NULL),(399,'19807',10,'Timbío',NULL,NULL,NULL),(400,'19809',10,'Timbiquí',NULL,NULL,NULL),(401,'19821',10,'Toribio',NULL,NULL,NULL),(402,'19824',10,'Totoró',NULL,NULL,NULL),(403,'19845',10,'Villa rica',NULL,NULL,NULL),(404,'20001',11,'Valledupar',NULL,NULL,NULL),(405,'20011',11,'Aguachica',NULL,NULL,NULL),(406,'20013',11,'Agustín codazzi',NULL,NULL,NULL),(407,'20032',11,'Astrea',NULL,NULL,NULL),(408,'20045',11,'Becerril',NULL,NULL,NULL),(409,'20060',11,'Bosconia',NULL,NULL,NULL),(410,'20175',11,'Chimichagua',NULL,NULL,NULL),(411,'20178',11,'Chiriguaná',NULL,NULL,NULL),(412,'20228',11,'Curumaní',NULL,NULL,NULL),(413,'20238',11,'El copey',NULL,NULL,NULL),(414,'20250',11,'El paso',NULL,NULL,NULL),(415,'20295',11,'Gamarra',NULL,NULL,NULL),(416,'20310',11,'González',NULL,NULL,NULL),(417,'20383',11,'La gloria',NULL,NULL,NULL),(418,'20400',11,'La jagua de ibirico',NULL,NULL,NULL),(419,'20443',11,'Manaure',NULL,NULL,NULL),(420,'20517',11,'Pailitas',NULL,NULL,NULL),(421,'20550',11,'Pelaya',NULL,NULL,NULL),(422,'20570',11,'Pueblo bello',NULL,NULL,NULL),(423,'20614',11,'Río de oro',NULL,NULL,NULL),(424,'20621',11,'La paz',NULL,NULL,NULL),(425,'20710',11,'San alberto',NULL,NULL,NULL),(426,'20750',11,'San diego',NULL,NULL,NULL),(427,'20770',11,'San martín',NULL,NULL,NULL),(428,'20787',11,'Tamalameque',NULL,NULL,NULL),(429,'23001',13,'Montería',NULL,NULL,NULL),(430,'23068',13,'Ayapel',NULL,NULL,NULL),(431,'23079',13,'Buenavista',NULL,NULL,NULL),(432,'23090',13,'Canalete',NULL,NULL,NULL),(433,'23162',13,'Cereté',NULL,NULL,NULL),(434,'23168',13,'Chimá',NULL,NULL,NULL),(435,'23182',13,'Chinú',NULL,NULL,NULL),(436,'23189',13,'Ciénaga de oro',NULL,NULL,NULL),(437,'23300',13,'Cotorra',NULL,NULL,NULL),(438,'23350',13,'La apartada',NULL,NULL,NULL),(439,'23417',13,'Lorica',NULL,NULL,NULL),(440,'23419',13,'Los córdobas',NULL,NULL,NULL),(441,'23464',13,'Momil',NULL,NULL,NULL),(442,'23466',13,'Montelíbano',NULL,NULL,NULL),(443,'23500',13,'Moñitos',NULL,NULL,NULL),(444,'23555',13,'Planeta rica',NULL,NULL,NULL),(445,'23570',13,'Pueblo nuevo',NULL,NULL,NULL),(446,'23574',13,'Puerto escondido',NULL,NULL,NULL),(447,'23580',13,'Puerto libertador',NULL,NULL,NULL),(448,'23586',13,'Purísima',NULL,NULL,NULL),(449,'23660',13,'Sahagún',NULL,NULL,NULL),(450,'23670',13,'San andrés sotavento',NULL,NULL,NULL),(451,'23672',13,'San antero',NULL,NULL,NULL),(452,'23675',13,'San bernardo del viento',NULL,NULL,NULL),(453,'23678',13,'San carlos',NULL,NULL,NULL),(454,'23682',13,'San josé de uré',NULL,NULL,NULL),(455,'23686',13,'San pelayo',NULL,NULL,NULL),(456,'23807',13,'Tierralta',NULL,NULL,NULL),(457,'23815',13,'Tuchín',NULL,NULL,NULL),(458,'23855',13,'Valencia',NULL,NULL,NULL),(459,'25001',14,'Agua de dios',NULL,NULL,NULL),(460,'25019',14,'Albán',NULL,NULL,NULL),(461,'25035',14,'Anapoima',NULL,NULL,NULL),(462,'25040',14,'Anolaima',NULL,NULL,NULL),(463,'25053',14,'Arbeláez',NULL,NULL,NULL),(464,'25086',14,'Beltrán',NULL,NULL,NULL),(465,'25095',14,'Bituima',NULL,NULL,NULL),(466,'25099',14,'Bojacá',NULL,NULL,NULL),(467,'25120',14,'Cabrera',NULL,NULL,NULL),(468,'25123',14,'Cachipay',NULL,NULL,NULL),(469,'25126',14,'Cajicá',NULL,NULL,NULL),(470,'25148',14,'Caparrapí',NULL,NULL,NULL),(471,'25151',14,'Caqueza',NULL,NULL,NULL),(472,'25154',14,'Carmen de carupa',NULL,NULL,NULL),(473,'25168',14,'Chaguaní',NULL,NULL,NULL),(474,'25175',14,'ChÍa',NULL,NULL,NULL),(475,'25178',14,'chipaque',NULL,NULL,NULL),(476,'25181',14,'Choachí',NULL,NULL,NULL),(477,'25183',14,'Chocontá',NULL,NULL,NULL),(478,'25200',14,'Cogua',NULL,NULL,NULL),(479,'25214',14,'Cota',NULL,NULL,NULL),(480,'25224',14,'Cucunubá',NULL,NULL,NULL),(481,'25245',14,'El colegio',NULL,NULL,NULL),(482,'25258',14,'El peñón',NULL,NULL,NULL),(483,'25260',14,'El rosal',NULL,NULL,NULL),(484,'25269',14,'Facatativá',NULL,NULL,NULL),(485,'25279',14,'Fomeque',NULL,NULL,NULL),(486,'25281',14,'Fosca',NULL,NULL,NULL),(487,'25286',14,'Funza',NULL,NULL,NULL),(488,'25288',14,'Fúquene',NULL,NULL,NULL),(489,'25290',14,'Fusagasugá',NULL,NULL,NULL),(490,'25293',14,'Gachala',NULL,NULL,NULL),(491,'25295',14,'Gachancipá',NULL,NULL,NULL),(492,'25297',14,'Gachetá',NULL,NULL,NULL),(493,'25299',14,'Gama',NULL,NULL,NULL),(494,'25307',14,'Girardot',NULL,NULL,NULL),(495,'25312',14,'Granada',NULL,NULL,NULL),(496,'25317',14,'Guachetá',NULL,NULL,NULL),(497,'25320',14,'Guaduas',NULL,NULL,NULL),(498,'25322',14,'Guasca',NULL,NULL,NULL),(499,'25324',14,'Guataquí',NULL,NULL,NULL),(500,'25326',14,'Guatavita',NULL,NULL,NULL),(501,'25328',14,'Guayabal de siquima',NULL,NULL,NULL),(502,'25335',14,'Guayabetal',NULL,NULL,NULL),(503,'25339',14,'Gutiérrez',NULL,NULL,NULL),(504,'25368',14,'Jerusalén',NULL,NULL,NULL),(505,'25372',14,'Junín',NULL,NULL,NULL),(506,'25377',14,'La calera',NULL,NULL,NULL),(507,'25386',14,'La mesa',NULL,NULL,NULL),(508,'25394',14,'La palma',NULL,NULL,NULL),(509,'25398',14,'La peña',NULL,NULL,NULL),(510,'25402',14,'La vega',NULL,NULL,NULL),(511,'25407',14,'Lenguazaque',NULL,NULL,NULL),(512,'25426',14,'Macheta',NULL,NULL,NULL),(513,'25430',14,'Madrid',NULL,NULL,NULL),(514,'25436',14,'Manta',NULL,NULL,NULL),(515,'25438',14,'Medina',NULL,NULL,NULL),(516,'25473',14,'Mosquera',NULL,NULL,NULL),(517,'25483',14,'Nariño',NULL,NULL,NULL),(518,'25486',14,'Nemocón',NULL,NULL,NULL),(519,'25488',14,'Nilo',NULL,NULL,NULL),(520,'25489',14,'Nimaima',NULL,NULL,NULL),(521,'25491',14,'Nocaima',NULL,NULL,NULL),(522,'25506',14,'Venecia',NULL,NULL,NULL),(523,'25513',14,'Pacho',NULL,NULL,NULL),(524,'25518',14,'Paime',NULL,NULL,NULL),(525,'25524',14,'Pandi',NULL,NULL,NULL),(526,'25530',14,'Paratebueno',NULL,NULL,NULL),(527,'25535',14,'Pasca',NULL,NULL,NULL),(528,'25572',14,'Puerto salgar',NULL,NULL,NULL),(529,'25580',14,'Pulí',NULL,NULL,NULL),(530,'25592',14,'Quebradanegra',NULL,NULL,NULL),(531,'25594',14,'Quetame',NULL,NULL,NULL),(532,'25596',14,'Quipile',NULL,NULL,NULL),(533,'25599',14,'Apulo',NULL,NULL,NULL),(534,'25612',14,'Ricaurte',NULL,NULL,NULL),(535,'25645',14,'San antonio del tequendama',NULL,NULL,NULL),(536,'25649',14,'San bernardo',NULL,NULL,NULL),(537,'25653',14,'San cayetano',NULL,NULL,NULL),(538,'25658',14,'San francisco',NULL,NULL,NULL),(539,'25662',14,'San juan de río seco',NULL,NULL,NULL),(540,'25718',14,'Sasaima',NULL,NULL,NULL),(541,'25736',14,'Sesquilé',NULL,NULL,NULL),(542,'25740',14,'Sibaté',NULL,NULL,NULL),(543,'25743',14,'Silvania',NULL,NULL,NULL),(544,'25745',14,'Simijaca',NULL,NULL,NULL),(545,'25754',14,'Soacha',NULL,NULL,NULL),(546,'25758',14,'Sopó',NULL,NULL,NULL),(547,'25769',14,'Subachoque',NULL,NULL,NULL),(548,'25772',14,'Suesca',NULL,NULL,NULL),(549,'25777',14,'Supatá',NULL,NULL,NULL),(550,'25779',14,'Susa',NULL,NULL,NULL),(551,'25781',14,'Sutatausa',NULL,NULL,NULL),(552,'25785',14,'Tabio',NULL,NULL,NULL),(553,'25793',14,'Tausa',NULL,NULL,NULL),(554,'25797',14,'Tena',NULL,NULL,NULL),(555,'25799',14,'Tenjo',NULL,NULL,NULL),(556,'25805',14,'Tibacuy',NULL,NULL,NULL),(557,'25807',14,'Tibirita',NULL,NULL,NULL),(558,'25815',14,'Tocaima',NULL,NULL,NULL),(559,'25817',14,'Tocancipá',NULL,NULL,NULL),(560,'25823',14,'Topaipí',NULL,NULL,NULL),(561,'25839',14,'Ubalá',NULL,NULL,NULL),(562,'25841',14,'Ubaque',NULL,NULL,NULL),(563,'25843',14,'Villa de san diego de ubate',NULL,NULL,NULL),(564,'25845',14,'Une',NULL,NULL,NULL),(565,'25851',14,'Útica',NULL,NULL,NULL),(566,'25862',14,'Vergara',NULL,NULL,NULL),(567,'25867',14,'Vianí',NULL,NULL,NULL),(568,'25871',14,'Villagómez',NULL,NULL,NULL),(569,'25873',14,'Villapinzón',NULL,NULL,NULL),(570,'25875',14,'Villeta',NULL,NULL,NULL),(571,'25878',14,'Viotá',NULL,NULL,NULL),(572,'25885',14,'Yacopí',NULL,NULL,NULL),(573,'25898',14,'Zipacón',NULL,NULL,NULL),(574,'25899',14,'Zipaquirá',NULL,NULL,NULL),(575,'27001',12,'Quibdó',NULL,NULL,NULL),(576,'27006',12,'Acandí',NULL,NULL,NULL),(577,'27025',12,'Alto baudó',NULL,NULL,NULL),(578,'27050',12,'Atrato',NULL,NULL,NULL),(579,'27073',12,'Bagadó',NULL,NULL,NULL),(580,'27075',12,'Bahía solano',NULL,NULL,NULL),(581,'27077',12,'Bajo baudó',NULL,NULL,NULL),(582,'27099',12,'Bojaya',NULL,NULL,NULL),(583,'27135',12,'El cantón del san pablo',NULL,NULL,NULL),(584,'27150',12,'Carmen del darien',NULL,NULL,NULL),(585,'27160',12,'Cértegui',NULL,NULL,NULL),(586,'27205',12,'Condoto',NULL,NULL,NULL),(587,'27245',12,'El carmen de atrato',NULL,NULL,NULL),(588,'27250',12,'El litoral del san juan',NULL,NULL,NULL),(589,'27361',12,'Istmina',NULL,NULL,NULL),(590,'27372',12,'Juradó',NULL,NULL,NULL),(591,'27413',12,'Lloró',NULL,NULL,NULL),(592,'27425',12,'Medio atrato',NULL,NULL,NULL),(593,'27430',12,'Medio baudó',NULL,NULL,NULL),(594,'27450',12,'Medio san juan',NULL,NULL,NULL),(595,'27491',12,'Nóvita',NULL,NULL,NULL),(596,'27495',12,'Nuquí',NULL,NULL,NULL),(597,'27580',12,'Río iró',NULL,NULL,NULL),(598,'27600',12,'Río quito',NULL,NULL,NULL),(599,'27615',12,'Riosucio',NULL,NULL,NULL),(600,'27660',12,'San josé del palmar',NULL,NULL,NULL),(601,'27745',12,'Sipí',NULL,NULL,NULL),(602,'27787',12,'Tadó',NULL,NULL,NULL),(603,'27800',12,'Unguía',NULL,NULL,NULL),(604,'27810',12,'Unión panamericana',NULL,NULL,NULL),(605,'41001',18,'Neiva',NULL,NULL,NULL),(606,'41006',18,'Acevedo',NULL,NULL,NULL),(607,'41013',18,'Agrado',NULL,NULL,NULL),(608,'41016',18,'Aipe',NULL,NULL,NULL),(609,'41020',18,'Algeciras',NULL,NULL,NULL),(610,'41026',18,'Altamira',NULL,NULL,NULL),(611,'41078',18,'Baraya',NULL,NULL,NULL),(612,'41132',18,'Campoalegre',NULL,NULL,NULL),(613,'41206',18,'Colombia',NULL,NULL,NULL),(614,'41244',18,'Elías',NULL,NULL,NULL),(615,'41298',18,'Garzón',NULL,NULL,NULL),(616,'41306',18,'Gigante',NULL,NULL,NULL),(617,'41319',18,'Guadalupe',NULL,NULL,NULL),(618,'41349',18,'Hobo',NULL,NULL,NULL),(619,'41357',18,'Iquira',NULL,NULL,NULL),(620,'41359',18,'Isnos',NULL,NULL,NULL),(621,'41378',18,'La argentina',NULL,NULL,NULL),(622,'41396',18,'La plata',NULL,NULL,NULL),(623,'41483',18,'Nátaga',NULL,NULL,NULL),(624,'41503',18,'Oporapa',NULL,NULL,NULL),(625,'41518',18,'Paicol',NULL,NULL,NULL),(626,'41524',18,'Palermo',NULL,NULL,NULL),(627,'41530',18,'Palestina',NULL,NULL,NULL),(628,'41548',18,'Pital',NULL,NULL,NULL),(629,'41551',18,'Pitalito',NULL,NULL,NULL),(630,'41615',18,'Rivera',NULL,NULL,NULL),(631,'41660',18,'Saladoblanco',NULL,NULL,NULL),(632,'41668',18,'San agustín',NULL,NULL,NULL),(633,'41676',18,'Santa maría',NULL,NULL,NULL),(634,'41770',18,'Suaza',NULL,NULL,NULL),(635,'41791',18,'Tarqui',NULL,NULL,NULL),(636,'41797',18,'Tesalia',NULL,NULL,NULL),(637,'41799',18,'Tello',NULL,NULL,NULL),(638,'41801',18,'Teruel',NULL,NULL,NULL),(639,'41807',18,'Timaná',NULL,NULL,NULL),(640,'41872',18,'Villavieja',NULL,NULL,NULL),(641,'41885',18,'Yaguará',NULL,NULL,NULL),(642,'44001',19,'Riohacha',NULL,NULL,NULL),(643,'44035',19,'Albania',NULL,NULL,NULL),(644,'44078',19,'Barrancas',NULL,NULL,NULL),(645,'44090',19,'Dibulla',NULL,NULL,NULL),(646,'44098',19,'Distracción',NULL,NULL,NULL),(647,'44110',19,'El molino',NULL,NULL,NULL),(648,'44279',19,'Fonseca',NULL,NULL,NULL),(649,'44378',19,'Hatonuevo',NULL,NULL,NULL),(650,'44420',19,'La jagua del pilar',NULL,NULL,NULL),(651,'44430',19,'Maicao',NULL,NULL,NULL),(652,'44560',19,'Manaure',NULL,NULL,NULL),(653,'44650',19,'San juan del cesar',NULL,NULL,NULL),(654,'44847',19,'Uribia',NULL,NULL,NULL),(655,'44855',19,'Urumita',NULL,NULL,NULL),(656,'44874',19,'Villanueva',NULL,NULL,NULL),(657,'47001',20,'Santa marta',NULL,NULL,NULL),(658,'47030',20,'Algarrobo',NULL,NULL,NULL),(659,'47053',20,'Aracataca',NULL,NULL,NULL),(660,'47058',20,'Ariguaní',NULL,NULL,NULL),(661,'47161',20,'Cerro san antonio',NULL,NULL,NULL),(662,'47170',20,'Chibolo',NULL,NULL,NULL),(663,'47189',20,'Ciénaga',NULL,NULL,NULL),(664,'47205',20,'Concordia',NULL,NULL,NULL),(665,'47245',20,'El banco',NULL,NULL,NULL),(666,'47258',20,'El piñon',NULL,NULL,NULL),(667,'47268',20,'El retén',NULL,NULL,NULL),(668,'47288',20,'Fundación',NULL,NULL,NULL),(669,'47318',20,'Guamal',NULL,NULL,NULL),(670,'47460',20,'Nueva granada',NULL,NULL,NULL),(671,'47541',20,'Pedraza',NULL,NULL,NULL),(672,'47545',20,'Pijiño del carmen',NULL,NULL,NULL),(673,'47551',20,'Pivijay',NULL,NULL,NULL),(674,'47555',20,'Plato',NULL,NULL,NULL),(675,'47570',20,'Puebloviejo',NULL,NULL,NULL),(676,'47605',20,'Remolino',NULL,NULL,NULL),(677,'47660',20,'Sabanas de san angel',NULL,NULL,NULL),(678,'47675',20,'Salamina',NULL,NULL,NULL),(679,'47692',20,'San sebastián de buenavista',NULL,NULL,NULL),(680,'47703',20,'San zenón',NULL,NULL,NULL),(681,'47707',20,'Santa ana',NULL,NULL,NULL),(682,'47720',20,'Santa bárbara de pinto',NULL,NULL,NULL),(683,'47745',20,'Sitionuevo',NULL,NULL,NULL),(684,'47798',20,'Tenerife',NULL,NULL,NULL),(685,'47960',20,'Zapayán',NULL,NULL,NULL),(686,'47980',20,'Zona bananera',NULL,NULL,NULL),(687,'50001',21,'Villavicencio',NULL,NULL,NULL),(688,'50006',21,'Acacías',NULL,NULL,NULL),(689,'50110',21,'Barranca de upía',NULL,NULL,NULL),(690,'50124',21,'Cabuyaro',NULL,NULL,NULL),(691,'50150',21,'Castilla la nueva',NULL,NULL,NULL),(692,'50223',21,'Cubarral',NULL,NULL,NULL),(693,'50226',21,'Cumaral',NULL,NULL,NULL),(694,'50245',21,'El calvario',NULL,NULL,NULL),(695,'50251',21,'El castillo',NULL,NULL,NULL),(696,'50270',21,'El dorado',NULL,NULL,NULL),(697,'50287',21,'Fuente de oro',NULL,NULL,NULL),(698,'50313',21,'Granada',NULL,NULL,NULL),(699,'50318',21,'Guamal',NULL,NULL,NULL),(700,'50325',21,'Mapiripán',NULL,NULL,NULL),(701,'50330',21,'Mesetas',NULL,NULL,NULL),(702,'50350',21,'La macarena',NULL,NULL,NULL),(703,'50370',21,'Uribe',NULL,NULL,NULL),(704,'50400',21,'Lejanías',NULL,NULL,NULL),(705,'50450',21,'Puerto concordia',NULL,NULL,NULL),(706,'50568',21,'Puerto gaitán',NULL,NULL,NULL),(707,'50573',21,'Puerto lópez',NULL,NULL,NULL),(708,'50577',21,'Puerto lleras',NULL,NULL,NULL),(709,'50590',21,'Puerto rico',NULL,NULL,NULL),(710,'50606',21,'Restrepo',NULL,NULL,NULL),(711,'50680',21,'San carlos de guaroa',NULL,NULL,NULL),(712,'50683',21,'San juan de arama',NULL,NULL,NULL),(713,'50686',21,'San juanito',NULL,NULL,NULL),(714,'50689',21,'San martín',NULL,NULL,NULL),(715,'50711',21,'Vistahermosa',NULL,NULL,NULL),(716,'52001',22,'Pasto',NULL,NULL,NULL),(717,'52019',22,'Albán',NULL,NULL,NULL),(718,'52022',22,'Aldana',NULL,NULL,NULL),(719,'52036',22,'Ancuyá',NULL,NULL,NULL),(720,'52051',22,'Arboleda',NULL,NULL,NULL),(721,'52079',22,'Barbacoas',NULL,NULL,NULL),(722,'52083',22,'Belén',NULL,NULL,NULL),(723,'52110',22,'Buesaco',NULL,NULL,NULL),(724,'52203',22,'Colón',NULL,NULL,NULL),(725,'52207',22,'Consaca',NULL,NULL,NULL),(726,'52210',22,'Contadero',NULL,NULL,NULL),(727,'52215',22,'Córdoba',NULL,NULL,NULL),(728,'52224',22,'Cuaspud',NULL,NULL,NULL),(729,'52227',22,'Cumbal',NULL,NULL,NULL),(730,'52233',22,'Cumbitara',NULL,NULL,NULL),(731,'52240',22,'Chachagüí',NULL,NULL,NULL),(732,'52250',22,'El charco',NULL,NULL,NULL),(733,'52254',22,'El peñol',NULL,NULL,NULL),(734,'52256',22,'El rosario',NULL,NULL,NULL),(735,'52258',22,'El tablón de gómez',NULL,NULL,NULL),(736,'52260',22,'El tambo',NULL,NULL,NULL),(737,'52287',22,'Funes',NULL,NULL,NULL),(738,'52317',22,'Guachucal',NULL,NULL,NULL),(739,'52320',22,'Guaitarilla',NULL,NULL,NULL),(740,'52323',22,'Gualmatán',NULL,NULL,NULL),(741,'52352',22,'Iles',NULL,NULL,NULL),(742,'52354',22,'Imués',NULL,NULL,NULL),(743,'52356',22,'Ipiales',NULL,NULL,NULL),(744,'52378',22,'La cruz',NULL,NULL,NULL),(745,'52381',22,'La florida',NULL,NULL,NULL),(746,'52385',22,'La llanada',NULL,NULL,NULL),(747,'52390',22,'La tola',NULL,NULL,NULL),(748,'52399',22,'La unión',NULL,NULL,NULL),(749,'52405',22,'Leiva',NULL,NULL,NULL),(750,'52411',22,'Linares',NULL,NULL,NULL),(751,'52418',22,'Los andes',NULL,NULL,NULL),(752,'52427',22,'Magüí',NULL,NULL,NULL),(753,'52435',22,'Mallama',NULL,NULL,NULL),(754,'52473',22,'Mosquera',NULL,NULL,NULL),(755,'52480',22,'Nariño',NULL,NULL,NULL),(756,'52490',22,'Olaya herrera',NULL,NULL,NULL),(757,'52506',22,'Ospina',NULL,NULL,NULL),(758,'52520',22,'Francisco pizarro',NULL,NULL,NULL),(759,'52540',22,'Policarpa',NULL,NULL,NULL),(760,'52560',22,'Potosí',NULL,NULL,NULL),(761,'52565',22,'Providencia',NULL,NULL,NULL),(762,'52573',22,'Puerres',NULL,NULL,NULL),(763,'52585',22,'Pupiales',NULL,NULL,NULL),(764,'52612',22,'Ricaurte',NULL,NULL,NULL),(765,'52621',22,'Roberto payán',NULL,NULL,NULL),(766,'52678',22,'Samaniego',NULL,NULL,NULL),(767,'52683',22,'Sandoná',NULL,NULL,NULL),(768,'52685',22,'San bernardo',NULL,NULL,NULL),(769,'52687',22,'San lorenzo',NULL,NULL,NULL),(770,'52693',22,'San pablo',NULL,NULL,NULL),(771,'52694',22,'San pedro de cartago',NULL,NULL,NULL),(772,'52696',22,'Santa bárbara',NULL,NULL,NULL),(773,'52699',22,'Santacruz',NULL,NULL,NULL),(774,'52720',22,'Sapuyes',NULL,NULL,NULL),(775,'52786',22,'Taminango',NULL,NULL,NULL),(776,'52788',22,'Tangua',NULL,NULL,NULL),(777,'52835',22,'San andres de tumaco',NULL,NULL,NULL),(778,'52838',22,'Túquerres',NULL,NULL,NULL),(779,'52885',22,'Yacuanquer',NULL,NULL,NULL),(780,'54001',23,'Cúcuta',NULL,NULL,NULL),(781,'54003',23,'Abrego',NULL,NULL,NULL),(782,'54051',23,'Arboledas',NULL,NULL,NULL),(783,'54099',23,'Bochalema',NULL,NULL,NULL),(784,'54109',23,'Bucarasica',NULL,NULL,NULL),(785,'54125',23,'Cácota',NULL,NULL,NULL),(786,'54128',23,'Cachirá',NULL,NULL,NULL),(787,'54172',23,'Chinácota',NULL,NULL,NULL),(788,'54174',23,'Chitagá',NULL,NULL,NULL),(789,'54206',23,'Convención',NULL,NULL,NULL),(790,'54223',23,'Cucutilla',NULL,NULL,NULL),(791,'54239',23,'Durania',NULL,NULL,NULL),(792,'54245',23,'El carmen',NULL,NULL,NULL),(793,'54250',23,'El tarra',NULL,NULL,NULL),(794,'54261',23,'El zulia',NULL,NULL,NULL),(795,'54313',23,'Gramalote',NULL,NULL,NULL),(796,'54344',23,'Hacarí',NULL,NULL,NULL),(797,'54347',23,'Herrán',NULL,NULL,NULL),(798,'54377',23,'Labateca',NULL,NULL,NULL),(799,'54385',23,'La esperanza',NULL,NULL,NULL),(800,'54398',23,'La playa',NULL,NULL,NULL),(801,'54405',23,'Los patios',NULL,NULL,NULL),(802,'54418',23,'Lourdes',NULL,NULL,NULL),(803,'54480',23,'Mutiscua',NULL,NULL,NULL),(804,'54498',23,'Ocaña',NULL,NULL,NULL),(805,'54518',23,'Pamplona',NULL,NULL,NULL),(806,'54520',23,'Pamplonita',NULL,NULL,NULL),(807,'54553',23,'Puerto santander',NULL,NULL,NULL),(808,'54599',23,'Ragonvalia',NULL,NULL,NULL),(809,'54660',23,'Salazar',NULL,NULL,NULL),(810,'54670',23,'San calixto',NULL,NULL,NULL),(811,'54673',23,'San cayetano',NULL,NULL,NULL),(812,'54680',23,'Santiago',NULL,NULL,NULL),(813,'54720',23,'Sardinata',NULL,NULL,NULL),(814,'54743',23,'Silos',NULL,NULL,NULL),(815,'54800',23,'Teorama',NULL,NULL,NULL),(816,'54810',23,'Tibú',NULL,NULL,NULL),(817,'54820',23,'Toledo',NULL,NULL,NULL),(818,'54871',23,'Villa caro',NULL,NULL,NULL),(819,'54874',23,'Villa del rosario',NULL,NULL,NULL),(820,'63001',25,'Armenia',NULL,NULL,NULL),(821,'63111',25,'Buenavista',NULL,NULL,NULL),(822,'63130',25,'Calarca',NULL,NULL,NULL),(823,'63190',25,'Circasia',NULL,NULL,NULL),(824,'63212',25,'Córdoba',NULL,NULL,NULL),(825,'63272',25,'Filandia',NULL,NULL,NULL),(826,'63302',25,'Génova',NULL,NULL,NULL),(827,'63401',25,'La tebaida',NULL,NULL,NULL),(828,'63470',25,'Montenegro',NULL,NULL,NULL),(829,'63548',25,'Pijao',NULL,NULL,NULL),(830,'63594',25,'Quimbaya',NULL,NULL,NULL),(831,'63690',25,'Salento',NULL,NULL,NULL),(832,'66001',26,'Pereira',NULL,NULL,NULL),(833,'66045',26,'Apía',NULL,NULL,NULL),(834,'66075',26,'Balboa',NULL,NULL,NULL),(835,'66088',26,'Belén de umbría',NULL,NULL,NULL),(836,'66170',26,'Dosquebradas',NULL,NULL,NULL),(837,'66318',26,'Guática',NULL,NULL,NULL),(838,'66383',26,'La celia',NULL,NULL,NULL),(839,'66400',26,'La virginia',NULL,NULL,NULL),(840,'66440',26,'Marsella',NULL,NULL,NULL),(841,'66456',26,'Mistrató',NULL,NULL,NULL),(842,'66572',26,'Pueblo rico',NULL,NULL,NULL),(843,'66594',26,'Quinchía',NULL,NULL,NULL),(844,'66682',26,'Santa rosa de cabal',NULL,NULL,NULL),(845,'66687',26,'Santuario',NULL,NULL,NULL),(846,'68001',28,'Bucaramanga',NULL,NULL,NULL),(847,'68013',28,'Aguada',NULL,NULL,NULL),(848,'68020',28,'Albania',NULL,NULL,NULL),(849,'68051',28,'Aratoca',NULL,NULL,NULL),(850,'68077',28,'Barbosa',NULL,NULL,NULL),(851,'68079',28,'Barichara',NULL,NULL,NULL),(852,'68081',28,'Barrancabermeja',NULL,NULL,NULL),(853,'68092',28,'Betulia',NULL,NULL,NULL),(854,'68101',28,'Bolívar',NULL,NULL,NULL),(855,'68121',28,'Cabrera',NULL,NULL,NULL),(856,'68132',28,'California',NULL,NULL,NULL),(857,'68147',28,'Capitanejo',NULL,NULL,NULL),(858,'68152',28,'Carcasí',NULL,NULL,NULL),(859,'68160',28,'Cepitá',NULL,NULL,NULL),(860,'68162',28,'Cerrito',NULL,NULL,NULL),(861,'68167',28,'Charalá',NULL,NULL,NULL),(862,'68169',28,'Charta',NULL,NULL,NULL),(863,'68176',28,'Chima',NULL,NULL,NULL),(864,'68179',28,'Chipatá',NULL,NULL,NULL),(865,'68190',28,'Cimitarra',NULL,NULL,NULL),(866,'68207',28,'Concepción',NULL,NULL,NULL),(867,'68209',28,'Confines',NULL,NULL,NULL),(868,'68211',28,'Contratación',NULL,NULL,NULL),(869,'68217',28,'Coromoro',NULL,NULL,NULL),(870,'68229',28,'Curití',NULL,NULL,NULL),(871,'68235',28,'El carmen de chucurí',NULL,NULL,NULL),(872,'68245',28,'El guacamayo',NULL,NULL,NULL),(873,'68250',28,'El peñón',NULL,NULL,NULL),(874,'68255',28,'El playón',NULL,NULL,NULL),(875,'68264',28,'Encino',NULL,NULL,NULL),(876,'68266',28,'Enciso',NULL,NULL,NULL),(877,'68271',28,'Florián',NULL,NULL,NULL),(878,'68276',28,'Floridablanca',NULL,NULL,NULL),(879,'68296',28,'Galán',NULL,NULL,NULL),(880,'68298',28,'Gambita',NULL,NULL,NULL),(881,'68307',28,'Girón',NULL,NULL,NULL),(882,'68318',28,'Guaca',NULL,NULL,NULL),(883,'68320',28,'Guadalupe',NULL,NULL,NULL),(884,'68322',28,'Guapotá',NULL,NULL,NULL),(885,'68324',28,'Guavatá',NULL,NULL,NULL),(886,'68327',28,'Güepsa',NULL,NULL,NULL),(887,'68344',28,'Hato',NULL,NULL,NULL),(888,'68368',28,'Jesús maría',NULL,NULL,NULL),(889,'68370',28,'Jordán',NULL,NULL,NULL),(890,'68377',28,'La belleza',NULL,NULL,NULL),(891,'68385',28,'Landázuri',NULL,NULL,NULL),(892,'68397',28,'La paz',NULL,NULL,NULL),(893,'68406',28,'Lebrija',NULL,NULL,NULL),(894,'68418',28,'Los santos',NULL,NULL,NULL),(895,'68425',28,'Macaravita',NULL,NULL,NULL),(896,'68432',28,'Málaga',NULL,NULL,NULL),(897,'68444',28,'Matanza',NULL,NULL,NULL),(898,'68464',28,'Mogotes',NULL,NULL,NULL),(899,'68468',28,'Molagavita',NULL,NULL,NULL),(900,'68498',28,'Ocamonte',NULL,NULL,NULL),(901,'68500',28,'Oiba',NULL,NULL,NULL),(902,'68502',28,'Onzaga',NULL,NULL,NULL),(903,'68522',28,'Palmar',NULL,NULL,NULL),(904,'68524',28,'Palmas del socorro',NULL,NULL,NULL),(905,'68533',28,'Páramo',NULL,NULL,NULL),(906,'68547',28,'Piedecuesta',NULL,NULL,NULL),(907,'68549',28,'Pinchote',NULL,NULL,NULL),(908,'68572',28,'Puente nacional',NULL,NULL,NULL),(909,'68573',28,'Puerto parra',NULL,NULL,NULL),(910,'68575',28,'Puerto wilches',NULL,NULL,NULL),(911,'68615',28,'Rionegro',NULL,NULL,NULL),(912,'68655',28,'Sabana de torres',NULL,NULL,NULL),(913,'68669',28,'San andrés',NULL,NULL,NULL),(914,'68673',28,'San benito',NULL,NULL,NULL),(915,'68679',28,'San gil',NULL,NULL,NULL),(916,'68682',28,'San joaquín',NULL,NULL,NULL),(917,'68684',28,'San josé de miranda',NULL,NULL,NULL),(918,'68686',28,'San miguel',NULL,NULL,NULL),(919,'68689',28,'San vicente de chucuri',NULL,NULL,NULL),(920,'68705',28,'Santa bárbara',NULL,NULL,NULL),(921,'68720',28,'Santa helena del opon',NULL,NULL,NULL),(922,'68745',28,'Simacota',NULL,NULL,NULL),(923,'68755',28,'Socorro',NULL,NULL,NULL),(924,'68770',28,'Suaita',NULL,NULL,NULL),(925,'68773',28,'Sucre',NULL,NULL,NULL),(926,'68780',28,'Suratá',NULL,NULL,NULL),(927,'68820',28,'Tona',NULL,NULL,NULL),(928,'68855',28,'Valle de san josé',NULL,NULL,NULL),(929,'68861',28,'Vélez',NULL,NULL,NULL),(930,'68867',28,'Vetas',NULL,NULL,NULL),(931,'68872',28,'Villanueva',NULL,NULL,NULL),(932,'68895',28,'Zapatoca',NULL,NULL,NULL),(933,'70001',29,'Sincelejo',NULL,NULL,NULL),(934,'70110',29,'Buenavista',NULL,NULL,NULL),(935,'70124',29,'Caimito',NULL,NULL,NULL),(936,'70204',29,'Coloso',NULL,NULL,NULL),(937,'70215',29,'Corozal',NULL,NULL,NULL),(938,'70221',29,'Coveñas',NULL,NULL,NULL),(939,'70230',29,'Chalán',NULL,NULL,NULL),(940,'70233',29,'El roble',NULL,NULL,NULL),(941,'70235',29,'Galeras',NULL,NULL,NULL),(942,'70265',29,'Guaranda',NULL,NULL,NULL),(943,'70400',29,'La unión',NULL,NULL,NULL),(944,'70418',29,'Los palmitos',NULL,NULL,NULL),(945,'70429',29,'Majagual',NULL,NULL,NULL),(946,'70473',29,'Morroa',NULL,NULL,NULL),(947,'70508',29,'Ovejas',NULL,NULL,NULL),(948,'70523',29,'Palmito',NULL,NULL,NULL),(949,'70670',29,'Sampúes',NULL,NULL,NULL),(950,'70678',29,'San benito abad',NULL,NULL,NULL),(951,'70702',29,'San juan de betulia',NULL,NULL,NULL),(952,'70708',29,'San marcos',NULL,NULL,NULL),(953,'70713',29,'San onofre',NULL,NULL,NULL),(954,'70717',29,'San pedro',NULL,NULL,NULL),(955,'70742',29,'San luis de sincé',NULL,NULL,NULL),(956,'70771',29,'Sucre',NULL,NULL,NULL),(957,'70820',29,'Santiago de tolú',NULL,NULL,NULL),(958,'70823',29,'Tolú viejo',NULL,NULL,NULL),(959,'73001',30,'Ibagué',NULL,NULL,NULL),(960,'73024',30,'Alpujarra',NULL,NULL,NULL),(961,'73026',30,'Alvarado',NULL,NULL,NULL),(962,'73030',30,'Ambalema',NULL,NULL,NULL),(963,'73043',30,'Anzoátegui',NULL,NULL,NULL),(964,'73055',30,'Armero',NULL,NULL,NULL),(965,'73067',30,'Ataco',NULL,NULL,NULL),(966,'73124',30,'Cajamarca',NULL,NULL,NULL),(967,'73148',30,'Carmen de apicalá',NULL,NULL,NULL),(968,'73152',30,'Casabianca',NULL,NULL,NULL),(969,'73168',30,'Chaparral',NULL,NULL,NULL),(970,'73200',30,'Coello',NULL,NULL,NULL),(971,'73217',30,'Coyaima',NULL,NULL,NULL),(972,'73226',30,'Cunday',NULL,NULL,NULL),(973,'73236',30,'Dolores',NULL,NULL,NULL),(974,'73268',30,'Espinal',NULL,NULL,NULL),(975,'73270',30,'Falan',NULL,NULL,NULL),(976,'73275',30,'Flandes',NULL,NULL,NULL),(977,'73283',30,'Fresno',NULL,NULL,NULL),(978,'73319',30,'Guamo',NULL,NULL,NULL),(979,'73347',30,'Herveo',NULL,NULL,NULL),(980,'73349',30,'Honda',NULL,NULL,NULL),(981,'73352',30,'Icononzo',NULL,NULL,NULL),(982,'73408',30,'Lérida',NULL,NULL,NULL),(983,'73411',30,'Líbano',NULL,NULL,NULL),(984,'73443',30,'San sebastián de mariquita',NULL,NULL,NULL),(985,'73449',30,'Melgar',NULL,NULL,NULL),(986,'73461',30,'Murillo',NULL,NULL,NULL),(987,'73483',30,'Natagaima',NULL,NULL,NULL),(988,'73504',30,'Ortega',NULL,NULL,NULL),(989,'73520',30,'Palocabildo',NULL,NULL,NULL),(990,'73547',30,'Piedras',NULL,NULL,NULL),(991,'73555',30,'Planadas',NULL,NULL,NULL),(992,'73563',30,'Prado',NULL,NULL,NULL),(993,'73585',30,'Purificación',NULL,NULL,NULL),(994,'73616',30,'Rioblanco',NULL,NULL,NULL),(995,'73622',30,'Roncesvalles',NULL,NULL,NULL),(996,'73624',30,'Rovira',NULL,NULL,NULL),(997,'73671',30,'Saldaña',NULL,NULL,NULL),(998,'73675',30,'San antonio',NULL,NULL,NULL),(999,'73678',30,'San luis',NULL,NULL,NULL),(1000,'73686',30,'Santa isabel',NULL,NULL,NULL),(1001,'73770',30,'Suárez',NULL,NULL,NULL),(1002,'73854',30,'Valle de san juan',NULL,NULL,NULL),(1003,'73861',30,'Venadillo',NULL,NULL,NULL),(1004,'73870',30,'Villahermosa',NULL,NULL,NULL),(1005,'73873',30,'Villarrica',NULL,NULL,NULL),(1006,'76001',31,'Cali',NULL,NULL,NULL),(1007,'76020',31,'Alcalá',NULL,NULL,NULL),(1008,'76036',31,'Andalucía',NULL,NULL,NULL),(1009,'76041',31,'Ansermanuevo',NULL,NULL,NULL),(1010,'76054',31,'Argelia',NULL,NULL,NULL),(1011,'76100',31,'Bolívar',NULL,NULL,NULL),(1012,'76109',31,'Buenaventura',NULL,NULL,NULL),(1013,'76111',31,'Guadalajara de buga',NULL,NULL,NULL),(1014,'76113',31,'Bugalagrande',NULL,NULL,NULL),(1015,'76122',31,'Caicedonia',NULL,NULL,NULL),(1016,'76126',31,'Calima',NULL,NULL,NULL),(1017,'76130',31,'Candelaria',NULL,NULL,NULL),(1018,'76147',31,'Cartago',NULL,NULL,NULL),(1019,'76233',31,'Dagua',NULL,NULL,NULL),(1020,'76243',31,'El águila',NULL,NULL,NULL),(1021,'76246',31,'El cairo',NULL,NULL,NULL),(1022,'76248',31,'El cerrito',NULL,NULL,NULL),(1023,'76250',31,'El dovio',NULL,NULL,NULL),(1024,'76275',31,'Florida',NULL,NULL,NULL),(1025,'76306',31,'Ginebra',NULL,NULL,NULL),(1026,'76318',31,'Guacarí',NULL,NULL,NULL),(1027,'76364',31,'Jamundí',NULL,NULL,NULL),(1028,'76377',31,'La cumbre',NULL,NULL,NULL),(1029,'76400',31,'La unión',NULL,NULL,NULL),(1030,'76403',31,'La victoria',NULL,NULL,NULL),(1031,'76497',31,'Obando',NULL,NULL,NULL),(1032,'76520',31,'Palmira',NULL,NULL,NULL),(1033,'76563',31,'Pradera',NULL,NULL,NULL),(1034,'76606',31,'Restrepo',NULL,NULL,NULL),(1035,'76616',31,'Riofrío',NULL,NULL,NULL),(1036,'76622',31,'Roldanillo',NULL,NULL,NULL),(1037,'76670',31,'San pedro',NULL,NULL,NULL),(1038,'76736',31,'Sevilla',NULL,NULL,NULL),(1039,'76823',31,'Toro',NULL,NULL,NULL),(1040,'76828',31,'Trujillo',NULL,NULL,NULL),(1041,'76834',31,'Tuluá',NULL,NULL,NULL),(1042,'76845',31,'Ulloa',NULL,NULL,NULL),(1043,'76863',31,'Versalles',NULL,NULL,NULL),(1044,'76869',31,'Vijes',NULL,NULL,NULL),(1045,'76890',31,'Yotoco',NULL,NULL,NULL),(1046,'76892',31,'Yumbo',NULL,NULL,NULL),(1047,'76895',31,'Zarzal',NULL,NULL,NULL),(1048,'81001',3,'Arauca',NULL,NULL,NULL),(1049,'81065',3,'Arauquita',NULL,NULL,NULL),(1050,'81220',3,'Cravo norte',NULL,NULL,NULL),(1051,'81300',3,'Fortul',NULL,NULL,NULL),(1052,'81591',3,'Puerto rondón',NULL,NULL,NULL),(1053,'81736',3,'Saravena',NULL,NULL,NULL),(1054,'81794',3,'Tame',NULL,NULL,NULL),(1055,'85001',9,'Yopal',NULL,NULL,NULL),(1056,'85010',9,'Aguazul',NULL,NULL,NULL),(1057,'85015',9,'Chameza',NULL,NULL,NULL),(1058,'85125',9,'Hato corozal',NULL,NULL,NULL),(1059,'85136',9,'La salina',NULL,NULL,NULL),(1060,'85139',9,'Maní',NULL,NULL,NULL),(1061,'85162',9,'Monterrey',NULL,NULL,NULL),(1062,'85225',9,'Nunchía',NULL,NULL,NULL),(1063,'85230',9,'Orocué',NULL,NULL,NULL),(1064,'85250',9,'Paz de ariporo',NULL,NULL,NULL),(1065,'85263',9,'Pore',NULL,NULL,NULL),(1066,'85279',9,'Recetor',NULL,NULL,NULL),(1067,'85300',9,'Sabanalarga',NULL,NULL,NULL),(1068,'85315',9,'Sácama',NULL,NULL,NULL),(1069,'85325',9,'San luis de palenque',NULL,NULL,NULL),(1070,'85400',9,'Támara',NULL,NULL,NULL),(1071,'85410',9,'Tauramena',NULL,NULL,NULL),(1072,'85430',9,'Trinidad',NULL,NULL,NULL),(1073,'85440',9,'Villanueva',NULL,NULL,NULL),(1074,'86001',24,'Mocoa',NULL,NULL,NULL),(1075,'86219',24,'Colón',NULL,NULL,NULL),(1076,'86320',24,'Orito',NULL,NULL,NULL),(1077,'86568',24,'Puerto asís',NULL,NULL,NULL),(1078,'86569',24,'Puerto caicedo',NULL,NULL,NULL),(1079,'86571',24,'Puerto guzmán',NULL,NULL,NULL),(1080,'86573',24,'Puerto leguízamo',NULL,NULL,NULL),(1081,'86749',24,'Sibundoy',NULL,NULL,NULL),(1082,'86755',24,'San francisco',NULL,NULL,NULL),(1083,'86757',24,'San miguel',NULL,NULL,NULL),(1084,'86760',24,'Santiago',NULL,NULL,NULL),(1085,'86865',24,'Valle del guamuez',NULL,NULL,NULL),(1086,'86885',24,'Villagarzón',NULL,NULL,NULL),(1087,'88001',27,'San andrés',NULL,NULL,NULL),(1088,'88564',27,'Providencia',NULL,NULL,NULL),(1089,'91001',1,'Leticia',NULL,NULL,NULL),(1090,'91263',1,'El encanto',NULL,NULL,NULL),(1091,'91405',1,'La chorrera',NULL,NULL,NULL),(1092,'91407',1,'La pedrera',NULL,NULL,NULL),(1093,'91430',1,'La victoria',NULL,NULL,NULL),(1094,'91460',1,'Miriti - paraná',NULL,NULL,NULL),(1095,'91530',1,'Puerto alegría',NULL,NULL,NULL),(1096,'91536',1,'Puerto arica',NULL,NULL,NULL),(1097,'91540',1,'Puerto nariño',NULL,NULL,NULL),(1098,'91669',1,'Puerto santander',NULL,NULL,NULL),(1099,'91798',1,'Tarapacá',NULL,NULL,NULL),(1100,'94001',16,'Inírida',NULL,NULL,NULL),(1101,'94343',16,'Barranco minas',NULL,NULL,NULL),(1102,'94663',16,'Mapiripana',NULL,NULL,NULL),(1103,'94883',16,'San felipe',NULL,NULL,NULL),(1104,'94884',16,'Puerto colombia',NULL,NULL,NULL),(1105,'94885',16,'La guadalupe',NULL,NULL,NULL),(1106,'94886',16,'Cacahual',NULL,NULL,NULL),(1107,'94887',16,'Pana pana',NULL,NULL,NULL),(1108,'94888',16,'Morichal',NULL,NULL,NULL),(1109,'95001',17,'San josé del guaviare',NULL,NULL,NULL),(1110,'95015',17,'Calamar',NULL,NULL,NULL),(1111,'95025',17,'El retorno',NULL,NULL,NULL),(1112,'95200',17,'Miraflores',NULL,NULL,NULL),(1113,'97001',32,'Mitú',NULL,NULL,NULL),(1114,'97161',32,'Caruru',NULL,NULL,NULL),(1115,'97511',32,'Pacoa',NULL,NULL,NULL),(1116,'97666',32,'Taraira',NULL,NULL,NULL),(1117,'97777',32,'Papunaua',NULL,NULL,NULL),(1118,'97889',32,'Yavaraté',NULL,NULL,NULL),(1119,'99001',33,'Puerto carreño',NULL,NULL,NULL),(1120,'99524',33,'La primavera',NULL,NULL,NULL),(1121,'99624',33,'Santa rosalía',NULL,NULL,NULL),(1122,'99773',33,'Cumaribo',NULL,NULL,NULL);
/*!40000 ALTER TABLE `county` ENABLE KEYS */;
UNLOCK TABLES;

--
-- Table structure for table `department`
--

DROP TABLE IF EXISTS `department`;
/*!40101 SET @saved_cs_client     = @@character_set_client */;
/*!40101 SET character_set_client = utf8 */;
CREATE TABLE `department` (
  `id` int(10) NOT NULL AUTO_INCREMENT,
  `iso_department_code` char(8) DEFAULT NULL,
  `department_name` varchar(255) DEFAULT NULL,
  `concept_count` int(10) DEFAULT NULL,
  `species_count` int(10) DEFAULT NULL,
  `occurrence_count` int(10) DEFAULT NULL,
  `occurrence_coordinate_count` int(10) DEFAULT NULL,
  `lat` varchar(40) DEFAULT NULL,
  `lng` varchar(40) DEFAULT NULL,
  `min_latitude` float DEFAULT NULL,
  `max_latitude` float DEFAULT NULL,
  `min_longitude` float DEFAULT NULL,
  `max_longitude` float DEFAULT NULL,
  PRIMARY KEY (`id`)
) ENGINE=MyISAM AUTO_INCREMENT=34 DEFAULT CHARSET=utf8;
/*!40101 SET character_set_client = @saved_cs_client */;

--
-- Dumping data for table `department`
--

LOCK TABLES `department` WRITE;
/*!40000 ALTER TABLE `department` DISABLE KEYS */;
INSERT INTO `department` VALUES (1,'CO-AMA','Amazonas',NULL,5845,58248,22461,'-1.4429123','-71.5723953',-5,1,-75,-69),(2,'CO-ANT','Antioquia',NULL,7419,100407,85391,'7.1986064','-75.3412179',5,10,-78,-73),(3,'CO-ARA','Arauca',NULL,1024,4594,1418,'7.079371','-70.758377',6,8,-73,-69),(4,'CO-ATL','Atlántico',NULL,584,2369,861,'10.6966159','-74.8741045',10,15,-76,-74),(5,'CO-BOL','Bolívar',NULL,1150,9502,5458,'8.6704382','-74.0300122',7,15,-76,-73),(6,'CO-BOY','Boyacá',NULL,4592,40512,19187,'5.6396331','-72.8988069',4,8,-75,-71),(7,'CO-CAL','Caldas',NULL,2336,16262,7706,'5.25001','-75.50003',4,6,-76,-74),(8,'CO-CAQ','Caquetá',NULL,4882,41288,9472,'0.869892','-73.8419063',-1,3,-77,-71),(9,'CO-CAS','Casanare',NULL,2307,16608,9221,'5.7589269','-71.5723953',4,7,-74,-69),(10,'CO-CAU','Cauca',NULL,4218,35724,22237,'2.2435893','-77.010385',0,4,-85,-75),(11,'CO-CES','Cesar',NULL,844,3417,1919,'9.3372948','-73.6536209',7,11,-75,-72),(12,'CO-CHO','Chocó',NULL,4641,48274,27204,'5.2528033','-76.8259652',3,9,-85,-76),(13,'CO-COR','Córdoba',NULL,581,3102,2092,'8.4029253','-75.8998674',7,12,-77,-74),(14,'CO-CUN','Cundinamarca',NULL,6994,76527,36339,'5.026003','-74.0300122',3,6,-75,-73),(15,'CO-DC','Bogotá Distrito Capital',NULL,1082,5486,1534,'4.5980556','-74.0758333',3,5,-75,-73),(16,'CO-GUA','Guainía',NULL,1858,38060,32352,'2.585393','-68.5247149',1,5,-71,-66),(17,'CO-GUV','Guaviare',NULL,1997,8077,1645,'2.043924','-72.331113',0,3,-74,-70),(18,'CO-HUI','Huila',NULL,2805,21772,10640,'2.5359349','-75.5276699',1,4,-77,-74),(19,'CO-LAG','La Guajira',NULL,1142,5521,2983,'11.3547743','-72.5204827',10,16,-74,-72),(20,'CO-MAG','Magdalena',NULL,3581,46374,28253,'10.4113014','-74.4056612',8,15,-75,-73),(21,'CO-MET','Meta',NULL,5379,36217,12018,'3.2719904','-73.087749',1,5,-75,-71),(22,'CO-NAR','Nariño',NULL,4040,35215,23159,'1.6378981','-77.7452081',0,3,-85,-76),(23,'CO-NSA','Norte de Santander',NULL,2067,10816,4487,'7.9462831','-72.8988069',6,10,-74,-72),(24,'CO-PUT','Putumayo',NULL,3060,30064,22073,'0.4359506','-75.5276699',-1,2,-78,-73),(25,'CO-QUI','Quindío',NULL,1914,18275,13716,'4.4610191','-75.667356',3,5,-76,-75),(26,'CO-RIS','Risaralda',NULL,2750,18182,10666,'4.99243','-76.01866',4,6,-77,-75),(27,'CO-SAP','San Andrés, Providencia y Santa Catalina',NULL,250,1697,736,'12.5567324','-81.7185253',10,15,-82,-77),(28,'CO-SAN','Santander',NULL,4498,28279,18264,'6.6437076','-73.6536209',5,9,-75,-72),(29,'CO-SUC','Sucre',NULL,695,4259,1960,'9.1420384','-75.0611147',8,11,-77,-74),(30,'CO-TOL','Tolima',NULL,2824,12647,6425,'4.0925168','-75.1545381',2,6,-77,-74),(31,'CO-VAC','Valle del Cauca',NULL,4907,89493,53734,'3.8008893','-76.6412712',3,6,-85,-75),(32,'CO-VAU','Vaupés',NULL,2847,13787,3404,'0.8553561','-70.8119953',-2,3,-73,-69),(33,'CO-VID','Vichada',NULL,2132,15073,5531,'4.4234452','-69.2877535',2,7,-72,-67);
/*!40000 ALTER TABLE `department` ENABLE KEYS */;
UNLOCK TABLES;

--
-- Table structure for table `dilegenciadores`
--

DROP TABLE IF EXISTS `dilegenciadores`;
/*!40101 SET @saved_cs_client     = @@character_set_client */;
/*!40101 SET character_set_client = utf8 */;
CREATE TABLE `dilegenciadores` (
  `id` int(11) NOT NULL AUTO_INCREMENT,
  `nombre` varchar(150) DEFAULT NULL,
  `dependencia` varchar(150) DEFAULT NULL,
  `cargo` varchar(150) DEFAULT NULL,
  `telefono` varchar(150) DEFAULT NULL,
  `email` varchar(45) DEFAULT NULL,
  PRIMARY KEY (`id`)
) ENGINE=InnoDB AUTO_INCREMENT=531 DEFAULT CHARSET=utf8;
/*!40101 SET character_set_client = @saved_cs_client */;

--
-- Dumping data for table `dilegenciadores`
--

LOCK TABLES `dilegenciadores` WRITE;
/*!40000 ALTER TABLE `dilegenciadores` DISABLE KEYS */;
INSERT INTO `dilegenciadores` VALUES (50,'Administrador Sistema','RNC','Sistema RNC','3202767','rnc@humboldt.org.co'),(72,'Jeimmy Diaz','GIC','Administrador','3202767','jpdiaz.111@gmail.com'),(75,'Administrador RNC','Registro Nacional de Colecciones','Administrador','3202761','rnc@humboldt.org.co'),(76,'Administrador RNC','Registro Nacional de Colecciones','Administrador','3202761','rnc@humboldt.org.co'),(81,'Administrador RNC','Registro Nacional de Colecciones','Administrador','3202761','rnc@humboldt.org.co'),(82,'Administrador RNC','Registro Nacional de Colecciones','Administrador','3202761','rnc@humboldt.org.co'),(83,'Administrador RNC','Registro Nacional de Colecciones','Administrador','3202761','rnc@humboldt.org.co'),(84,'Administrador RNC','Registro Nacional de Colecciones','Administrador','3202761','rnc@humboldt.org.co'),(85,'Administrador RNC','Registro Nacional de Colecciones','Administrador','3202761','rnc@humboldt.org.co'),(86,'Administrador RNC','Registro Nacional de Colecciones','Administrador','3202761','rnc@humboldt.org.co'),(87,'Administrador RNC','Registro Nacional de Colecciones','Administrador','3202761','rnc@humboldt.org.co'),(88,'Administrador RNC','Registro Nacional de Colecciones','Administrador','3202761','rnc@humboldt.org.co'),(89,'Administrador RNC','Registro Nacional de Colecciones','Administrador','3202761','rnc@humboldt.org.co'),(90,'Administrador RNC','Registro Nacional de Colecciones','Administrador','3202761','rnc@humboldt.org.co'),(91,'Administrador RNC','Registro Nacional de Colecciones','Administrador','3202761','rnc@humboldt.org.co'),(92,'Administrador RNC','Registro Nacional de Colecciones','Administrador','3202761','rnc@humboldt.org.co'),(93,'Administrador RNC','Registro Nacional de Colecciones','Administrador','3202761','rnc@humboldt.org.co'),(94,'Administrador RNC','Registro Nacional de Colecciones','Administrador','3202761','rnc@humboldt.org.co'),(95,'Administrador RNC','Registro Nacional de Colecciones','Administrador','3202761','rnc@humboldt.org.co'),(96,'Administrador RNC','Registro Nacional de Colecciones','Administrador','3202761','rnc@humboldt.org.co'),(98,'Administrador RNC','Registro Nacional de Colecciones','Administrador','3202767','rnc@humboldt.org.co'),(99,'Administrador RNC','Registro Nacional de Colecciones','Administrador','3202767','rnc@humboldt.org.co'),(100,'Administrador RNC','Registro Nacional de Colecciones','Administrador','3202767','rnc@humboldt.org.co'),(101,'Administrador RNC','Registro Nacional de Colecciones','Administrador','3202767','rnc@humboldt.org.co'),(102,'Administrador RNC','Registro Nacional de Colecciones','Administrador','3202767','rnc@humboldt.org.co'),(103,'Administrador RNC','Registro Nacional de Colecciones','Administrador','3202767','rnc@humboldt.org.co'),(104,'Cristian Sánchez Beltrán','Herbario de La Guajira ','Administrador y Curador del Herbario ','3144448838','ccsanchezb@uniguajira.edu.co'),(105,'Cristian Sánchez Beltrán','Herbario de La Guajira ','Administrador y Curador del Herbario ','3144448838','csanchezb@uniguajira.edu.co'),(106,'Cristian Sánchez Beltrán','Herbario de La Guajira ','Administrador y Curador del Herbario ','3144448838','csanchezb@uniguajira.edu.co'),(107,'Kerry Johana Díaz Fuenmayor','Facultad de Ciencias Básicas y Aplicadas','Decana','3012413933','kdiaz@uniguajira.edu.co'),(111,'Administrador RNC','Registro Nacional de Colecciones','Administrador','3202767','rnc@humboldt.org.co'),(117,'Administrador RNC','Registro Nacional de Colecciones','Administrador','3202767','rnc@humboldt.org.co'),(118,'Administrador RNC','Registro Nacional de Colecciones','Administrador','3202767','rnc@humboldt.org.co'),(119,'Administrador RNC','Registro Nacional de Colecciones','Administrador','3202767','rnc@humboldt.org.co'),(120,'Administrador RNC','Registro Nacional de Colecciones','Administrador','3202767','rnc@humboldt.org.co'),(121,'Administrador RNC','Registro Nacional de Colecciones','Administrador','3202767','rnc@humboldt.org.co'),(122,'Administrador RNC','Registro Nacional de Colecciones','Administrador','3202767','rnc@humboldt.org.co'),(123,'Administrador RNC','Registro Nacional de Colecciones','Administrador','3202767','rnc@humboldt.org.co'),(124,'Administrador RNC','Registro Nacional de Colecciones','Administrador','3202767','rnc@humboldt.org.co'),(125,'Administrador RNC','Registro Nacional de Colecciones','Administrador','3202767','rnc@humboldt.org.co'),(126,'Administrador RNC','Registro Nacional de Colecciones','Administrador','3202767','rnc@humboldt.org.co'),(127,'Administrador RNC','Registro Nacional de Colecciones','Administrador','3202767','rnc@humboldt.org.co'),(129,'Alexander Velasquez Valencia','Museo de Historia Natural UAM de la Universidad de la Amazonia','Director y curador de Colecciones  Biológicas','314 393 9933','alexandervelasquezvalencia@gmail.com'),(130,'Administrador RNC','RNC','Administrador','3202767 Ext. 2111','rnc@humboldt.org.co'),(131,'Administrador RNC','RNC','Administrador','3202767 Ext. 2111','rnc@humboldt.org.co'),(132,'Administrador RNC','RNC','Administrador','3','rnc@humboldt.org.co'),(133,'Administrador RNC','RNC','Administrador','3202767 Ext. 2111','rnc@humboldt.org.co'),(134,'Jean Francois Le Crom','dueño','sin','3102307808','jflecrom@hotmail.com'),(135,'Administrador RNC','RNC','Administrador','3202767 Ext. 2111','rnc@humboldt.org.co'),(139,'Administrador RNC','RNC','Administrador','3202767 Ext. 2111','rnc@humboldt.org.co'),(140,'Administrador RNC','RNC','Administrador','3202767 Ext. 2111','rnc@humboldt.org.co'),(143,'Administrador RNC','RNC','Administrador','3202767 Ext. 2111','rnc@humboldt.org.co'),(145,'Administrador RNC','RNC','Administrador','3202767 Ext. 2111','rnc@humboldt.org.co'),(146,'Administrador RNC','RNC','Administrador','3202767 Ext. 2111','rnc@humboldt.org.co'),(147,'Administrador RNC','RNC','Administrador','3202767 Ext. 2111','rnc@humboldt.org.co'),(148,'Administrador RNC','RNC','Administrador','3202767 Ext. 2111','rnc@humboldt.org.co'),(149,'Administrador RNC','RNC','Administrador','3202767 Ext. 2111','rnc@humboldt.org.co'),(150,'Administrador RNC','RNC','Administrador','3202767 Ext. 2111','rnc@humboldt.org.co'),(151,'Administrador RNC','RNC','Administrador','3202767 Ext. 2111','rnc@humboldt.org.co'),(152,'Administrador RNC','RNC','Administrador','3202767 Ext. 2111','rnc@humboldt.org.co'),(153,'Administrador RNC','RNC','Administrador','3202767 Ext. 2111','rnc@humboldt.org.co'),(154,'Administrador RNC','RNC','Administrador','3202767 Ext. 2111','rnc@humboldt.org.co'),(155,'Administrador RNC','RNC','Administrador','3202767 Ext. 2111','rnc@humboldt.org.co'),(156,'Administrador RNC','RNC','Administrador','3202767 Ext. 2111','rnc@humboldt.org.co'),(157,'Administrador RNC','RNC','Administrador','3202767 Ext. 2111','rnc@humboldt.org.co'),(158,'Administrador RNC','RNC','Administrador','3202767 Ext. 2111','rnc@humboldt.org.co'),(159,'Administrador RNC','RNC','Administrador','3202767 Ext. 2111','rnc@humboldt.org.co'),(160,'Administrador RNC','RNC','Administrador','3202767 Ext. 2111','rnc@humboldt.org.co'),(161,'Administrador RNC','RNC','Administrador','3202767 Ext. 2111','rnc@humboldt.org.co'),(162,'Administrador RNC','RNC','Administrador','3202767 Ext. 2111','rnc@humboldt.org.co'),(163,'Administrador RNC','RNC','Administrador','3202767 Ext. 2111','rnc@humboldt.org.co'),(164,'Administrador RNC','RNC','Administrador','3202767 Ext. 2111','rnc@humboldt.org.co'),(165,'Administrador RNC','RNC','Administrador','3202767 Ext. 2111','rnc@humboldt.org.co'),(166,'Administrador RNC','RNC','Administrador','3202767 Ext. 2111','rnc@humboldt.org.co'),(167,'Administrador RNC','RNC','Administrador','3202767 Ext. 2111','rnc@humboldt.org.co'),(168,'Administrador RNC','RNC','Administrador','3202767 Ext. 2111','rnc@humboldt.org.co'),(169,'Administrador RNC','RNC','Administrador','3202767 Ext. 2111','rnc@humboldt.org.co'),(170,'Administrador RNC','RNC','Administrador','3202767 Ext. 2111','rnc@humboldt.org.co'),(171,'Administrador RNC','RNC','Administrador','3202767 Ext. 2111','rnc@humboldt.org.co'),(172,'Administrador RNC','RNC','Administrador','3202767 Ext. 2111','rnc@humboldt.org.co'),(173,'Administrador RNC','RNC','Administrador','3202767 Ext. 2111','rnc@humboldt.org.co'),(174,'Administrador RNC','RNC','Administrador','3202767 Ext. 2111','rnc@humboldt.org.co'),(175,'Diana Rocío Carvajal Contreras','Programa de Arqueologia, Universidad Externado','Docente','3144038055','diana.carvajal@uexternado.edu.co'),(176,'Administrador RNC','RNC','Administrador','3202767 Ext. 2111','rnc@humboldt.org.co'),(177,'Administrador RNC','RNC','Administrador','3202767 Ext. 2111','rnc@humboldt.org.co'),(178,'Administrador RNC','RNC','Administrador','3202767 Ext. 2111','rnc@humboldt.org.co'),(179,'Administrador RNC','RNC','Administrador','3202767 Ext. 2111','rnc@humboldt.org.co'),(180,'Administrador RNC','RNC','Administrador','3202767 Ext. 2111','rnc@humboldt.org.co'),(181,'Administrador RNC','RNC','Administrador','3202767 Ext. 2111','rnc@humboldt.org.co'),(182,'Administrador RNC','RNC','Administrador','3202767 Ext. 2111','rnc@humboldt.org.co'),(183,'Administrador RNC','RNC','Administrador','3202767 Ext. 2111','rnc@humboldt.org.co'),(184,'Administrador RNC','RNC','Administrador','3202767 Ext. 2111','rnc@humboldt.org.co'),(185,'Administrador RNC','RNC','Administrador','3202767 Ext. 2111','rnc@humboldt.org.co'),(186,'Administrador RNC','RNC','Administrador','3202767 Ext. 2111','rnc@humboldt.org.co'),(187,'Administrador RNC','RNC','Administrador','3202767 Ext. 2111','rnc@humboldt.org.co'),(188,'Administrador RNC','RNC','Administrador','3202767 Ext. 2111','rnc@humboldt.org.co'),(189,'Administrador RNC','RNC','Administrador','3202767 Ext. 2111','rnc@humboldt.org.co'),(190,'Administrador RNC','RNC','Administrador','3202767 Ext. 2111','rnc@humboldt.org.co'),(191,'Administrador RNC','RNC','Administrador','3202767 Ext. 2111','rnc@humboldt.org.co'),(192,'Administrador RNC','RNC','Administrador','3202767 Ext. 2111','rnc@humboldt.org.co'),(193,'Administrador RNC','RNC','Administrador','3202767 Ext. 2111','rnc@humboldt.org.co'),(194,'Administrador RNC','RNC','Administrador','3202767 Ext. 2111','rnc@humboldt.org.co'),(195,'Administrador RNC','RNC','Administrador','3202767 Ext. 2111','rnc@humboldt.org.co'),(196,'Administrador RNC','RNC','Administrador','3202767 Ext. 2111','rnc@humboldt.org.co'),(197,'Administrador RNC','RNC','Administrador','3202767 Ext. 2111','rnc@humboldt.org.co'),(198,'Administrador RNC','RNC','Administrador','3202767 Ext. 2111','rnc@humboldt.org.co'),(199,'Administrador RNC','RNC','Administrador','3202767 Ext. 2111','rnc@humboldt.org.co'),(200,'Administrador RNC','RNC','Administrador','3202767 Ext. 2111','rnc@humboldt.org.co'),(201,'Administrador RNC','RNC','Administrador','3202767 Ext. 2111','rnc@humboldt.org.co'),(202,'Administrador RNC','RNC','Administrador','3202767 Ext. 2111','rnc@humboldt.org.co'),(203,'Alejandro  Castaño Naranjo','Jardín Botánico del Valle Juan María Céspedes','Técnico Operativo - Curador Colecciones del Jardín Botánico del Valle Juan María Céspedes','315-4687938','alecastulua@gmail.com'),(204,'Administrador RNC','RNC','Administrador','3202767 Ext. 2111','rnc@humboldt.org.co'),(205,'Administrador RNC','RNC','Administrador','3202767 Ext. 2111','rnc@humboldt.org.co'),(206,'Administrador RNC','RNC','Administrador','3202767 Ext. 2111','rnc@humboldt.org.co'),(207,'Administrador RNC','RNC','Administrador','3202767 Ext. 2111','rnc@humboldt.org.co'),(208,'Administrador RNC','RNC','Administrador','3202767 Ext. 2111','rnc@humboldt.org.co'),(209,'Administrador RNC','RNC','Administrador','3202767 Ext. 2111','rnc@humboldt.org.co'),(210,'Administrador RNC','RNC','Administrador','3202767 Ext. 2111','rnc@humboldt.org.co'),(211,'Administrador RNC','RNC','Administrador','3202767 Ext. 2111','rnc@humboldt.org.co'),(212,'Administrador RNC','RNC','Administrador','3202767 Ext. 2111','rnc@humboldt.org.co'),(213,'Administrador RNC','RNC','Administrador','3202767 Ext. 2111','rnc@humboldt.org.co'),(214,'Administrador RNC','RNC','Administrador','3202767 Ext. 2111','rnc@humboldt.org.co'),(215,'Administrador RNC','RNC','Administrador','3202767 Ext. 2111','rnc@humboldt.org.co'),(216,'Administrador RNC','RNC','Administrador','3202767 Ext. 2111','rnc@humboldt.org.co'),(217,'Administrador RNC','RNC','Administrador','3202767 Ext. 2111','rnc@humboldt.org.co'),(218,'Administrador RNC','RNC','Administrador','3202767 Ext. 2111','rnc@humboldt.org.co'),(219,'Administrador RNC','RNC','Administrador','3202767 Ext. 2111','rnc@humboldt.org.co'),(220,'Administrador RNC','RNC','Administrador','3202767 Ext. 2111','rnc@humboldt.org.co'),(221,'Administrador RNC','RNC','Administrador','3202767 Ext. 2111','rnc@humboldt.org.co'),(222,'Administrador RNC','RNC','Administrador','3202767 Ext. 2111','rnc@humboldt.org.co'),(223,'Administrador RNC','RNC','Administrador','3202767 Ext. 2111','rnc@humboldt.org.co'),(225,'Administrador RNC','RNC','Administrador','3202767 Ext. 2111','rnc@humboldt.org.co'),(226,'Administrador RNC','RNC','Administrador','3202767 Ext. 2111','rnc@humboldt.org.co'),(227,'Administrador RNC','RNC','Administrador','3202767 Ext. 2111','rnc@humboldt.org.co'),(228,'Administrador RNC','RNC','Administrador','3202767 Ext. 2111','rnc@humboldt.org.co'),(229,'Administrador RNC','RNC','Administrador','3202767 Ext. 2111','rnc@humboldt.org.co'),(230,'Administrador RNC','RNC','Administrador','3202767 Ext. 2111','rnc@humboldt.org.co'),(231,'Administrador RNC','RNC','Administrador','3202767 Ext. 2111','rnc@humboldt.org.co'),(232,'Administrador RNC','RNC','Administrador','3202767 Ext. 2111','rnc@humboldt.org.co'),(233,'Administrador RNC','RNC','Administrador','3202767 Ext. 2111','rnc@humboldt.org.co'),(234,'Administrador RNC','RNC','Administrador','3202767 Ext. 2111','rnc@humboldt.org.co'),(235,'Administrador RNC','RNC','Administrador','3202767 Ext. 2111','rnc@humboldt.org.co'),(236,'Administrador RNC','RNC','Administrador','3202767 Ext. 2111','rnc@humboldt.org.co'),(237,'Administrador RNC','RNC','Administrador','3202767 Ext. 2111','rnc@humboldt.org.co'),(238,'Administrador RNC','RNC','Administrador','3202767 Ext. 2111','rnc@humboldt.org.co'),(239,'Administrador RNC','RNC','Administrador','3202767 Ext. 2111','rnc@humboldt.org.co'),(240,'Administrador RNC','RNC','Administrador','3202767 Ext. 2111','rnc@humboldt.org.co'),(241,'Administrador RNC','RNC','Administrador','3202767 Ext. 2111','rnc@humboldt.org.co'),(242,'Administrador RNC','RNC','Administrador','3202767 Ext. 2111','rnc@humboldt.org.co'),(243,'Administrador RNC','RNC','Administrador','3202767 Ext. 2111','rnc@humboldt.org.co'),(244,'Administrador RNC','RNC','Administrador','3202767 Ext. 2111','rnc@humboldt.org.co'),(245,'Administrador RNC','RNC','Administrador','3202767 Ext. 2111','rnc@humboldt.org.co'),(246,'Administrador RNC','RNC','Administrador','3202767 Ext. 2111','rnc@humboldt.org.co'),(249,'Administrador RNC','RNC','Administrador','3202767 Ext. 2111','rnc@humboldt.org.co'),(250,'Administrador RNC','RNC','Administrador','3202767 Ext. 2111','rnc@humboldt.org.co'),(251,'Administrador RNC','RNC','Administrador','3202767 Ext. 2111','rnc@humboldt.org.co'),(252,'Administrador RNC','RNC','Administrador','3202767 Ext. 2111','rnc@humboldt.org.co'),(257,'Administrador RNC','Registro Nacional de Colecciones','Administrador','3202761','rnc@humboldt.org.co'),(258,'Administrador RNC','Registro Nacional de Colecciones','Administrador','3202761','rnc@humboldt.org.co'),(259,'Administrador RNC','Registro Nacional de Colecciones','Administrador','3202761','rnc@humboldt.org.co'),(261,'Administrador RNC','Registro Nacional de Colecciones','Administrador','3202761','rnc@humboldt.org.co'),(269,'Administrador RNC','RNC','Administrador','3202767 Ext. 2111','rnc@humboldt.org.co'),(270,'Administrador RNC','RNC','Administrador','3202767 Ext. 2111','rnc@humboldt.org.co'),(272,'Alejandro Lopera','Independiente','Curador','571 2741714','alejandro.lopera@gmail.com'),(273,'Administrador RNC','Registro Nacional de Colecciones','Administrador','3202767 Ext. 2111','rnc@humboldt.org.co'),(274,'Administrador RNC','RNC','Administrador','3202767 Ext. 2111','rnc@humboldt.org.co'),(275,'Administrador RNC','RNC','Administrador','3202767 Ext. 2111','rnc@humboldt.org.co'),(276,'Administrador RNC','RNC','Administrador','3202767 Ext. 2111','rnc@humboldt.org.co'),(277,'Administrador RNC','RNC','Administrador','3202767 Ext. 2111','rnc@humboldt.org.co'),(278,'Administrador RNC','RNC','Administrador','3202767 Ext. 2111','rnc@humboldt.org.co'),(280,'Administrador RNC','RNC','Administrador','3202767 Ext. 2111','rnc@humboldt.org.co'),(281,'Administrador RNC','RNC','Administrador','3202767 Ext. 2111','rnc@humboldt.org.co'),(282,'Administrador RNC','RNC','Administrador','3202767 Ext. 2111','rnc@humboldt.org.co'),(283,'Administrador RNC','RNC','Administrador','3202767 Ext. 2111','rnc@humboldt.org.co'),(284,'Administrador RNC','RNC','Administrador','3202767 Ext. 2111','rnc@humboldt.org.co'),(285,'Administrador RNC','RNC','Administrador','3202767 Ext. 2111','rnc@humboldt.org.co'),(286,'Administrador RNC','RNC','Administrador','3202767 Ext. 2111','rnc@humboldt.org.co'),(287,'Administrador RNC','RNC','Administrador','3202767 Ext. 2111','rnc@humboldt.org.co'),(288,'Administrador RNC','RNC','Administrador','3202767 Ext. 2111','rnc@humboldt.org.co'),(289,'Administrador RNC','RNC','Administrador','3202767 Ext. 2111','rnc@humboldt.org.co'),(290,'Administrador RNC','RNC','Administrador','3202767 Ext. 2111','rnc@humboldt.org.co'),(291,'Administrador RNC','RNC','Administrador','3202767 Ext. 2111','rnc@humboldt.org.co'),(292,'Administrador RNC','RNC','Administrador','3202767 Ext. 2111','rnc@humboldt.org.co'),(293,'Administrador RNC','RNC','Administrador','3202767 Ext. 2111','rnc@humboldt.org.co'),(294,'Administrador RNC','RNC','Administrador','3202767 Ext. 2111','rnc@humboldt.org.co'),(295,'Administrador RNC','RNC','Administrador','3202767 Ext. 2111','rnc@humboldt.org.co'),(296,'Administrador RNC','RNC','Administrador','3202767 Ext. 2111','rnc@humboldt.org.co'),(297,'Administrador RNC','RNC','Administrador','3202767 Ext. 2111','rnc@humboldt.org.co'),(298,'Administrador RNC','RNC','Administrador','3202767 Ext. 2111','rnc@humboldt.org.co'),(299,'Administrador RNC','RNC','Administrador','3202767 Ext. 2111','rnc@humboldt.org.co'),(300,'Administrador RNC','RNC','Administrador','3202767 Ext. 2111','rnc@humboldt.org.co'),(301,'Administrador RNC','RNC','Administrador','3202767 Ext. 2111','rnc@humboldt.org.co'),(302,'Administrador RNC','RNC','Administrador','3202767 Ext. 2111','rnc@humboldt.org.co'),(303,'Administrador RNC','RNC','Administrador','3202767 Ext. 2111','rnc@humboldt.org.co'),(304,'Administrador RNC','RNC','Administrador','3202767 Ext. 2111','rnc@humboldt.org.co'),(305,'Administrador RNC','RNC','Administrador','3202767 Ext. 2111','rnc@humboldt.org.co'),(306,'Administrador RNC','RNC','Administrador','3202767 Ext. 2111','rnc@humboldt.org.co'),(307,'Administrador RNC','RNC','Administrador','3202767 Ext. 2111','rnc@humboldt.org.co'),(308,'Administrador RNC','RNC','Administrador','3202767 Ext. 2111','rnc@humboldt.org.co'),(312,'Administrador RNC','RNC','Administrador','3202767 Ext. 2111','rnc@humboldt.org.co'),(313,'Administrador RNC','RNC','Administrador','3202767 Ext. 2111','rnc@humboldt.org.co'),(314,'Administrador RNC','RNC','Administrador','3202767 Ext. 2111','rnc@humboldt.org.co'),(315,'Administrador RNC','RNC','Administrador','3202767 Ext. 2111','rnc@humboldt.org.co'),(316,'Administrador RNC','RNC','Administrador','3202767 Ext. 2111','rnc@humboldt.org.co'),(317,'Administrador RNC','RNC','Administrador','3202767 Ext. 2111','rnc@humboldt.org.co'),(318,'Administrador RNC','RNC','Administrador','3202767 Ext. 2111','rnc@humboldt.org.co'),(319,'Administrador RNC','RNC','Administrador','3202767 Ext. 2111','rnc@humboldt.org.co'),(322,'Administrador RNC','RNC','Administrador','3202767 Ext. 2111','rnc@humboldt.org.co'),(323,'Administrador RNC','RNC','Administrador','3202767 Ext. 2111','rnc@humboldt.org.co'),(324,'Administrador RNC','RNC','Administrador','3202767 Ext. 2111','rnc@humboldt.org.co'),(325,'Administrador RNC','RNC','Administrador','3202767 Ext. 2111','rnc@humboldt.org.co'),(326,'Administrador RNC','RNC','Administrador','3202767 Ext. 2111','rnc@humboldt.org.co'),(327,'Administrador RNC','RNC','Administrador','3202767 Ext. 2111','rnc@humboldt.org.co'),(328,'Administrador RNC','RNC','Administrador','3202767 Ext. 2111','rnc@humboldt.org.co'),(329,'Administrador RNC','RNC','Administrador','3202767 Ext. 2111','rnc@humboldt.org.co'),(330,'JORGE A. RODRIGUEZ O','INGENIERIA','CURADOR DE LA COLECCIÓN','8615555 EXT. 25602','jorge.rodriguez1@unisabana.edu.co'),(331,'Administrador RNC','RNC','Administrador.','3202767 Ext. 2111','rnc@humboldt.org.co'),(332,'Administrador RNC','RNC','Administrador','3202767 Ext. 2111','rnc@humboldt.org.co'),(333,'Administrador RNC','RNC','Administrador','3202767 Ext. 2111','rnc@humboldt.org.co'),(334,'Administrador RNC','RNC','Administrador','3202767 Ext. 2111','rnc@humboldt.org.co'),(335,'Administrador RNC','RNC','Administrador','3202767 Ext. 2111','rnc@humboldt.org.co'),(336,'Administrador RNC','RNC','Administrador','3202767 Ext. 2111','rnc@humboldt.org.co'),(337,'Administrador RNC','RNC','Administrador','3202767 Ext. 2111','rnc@humboldt.org.co'),(338,'Administrador RNC','RNC','Administrador','3202767 Ext. 2111','rnc@humboldt.org.co'),(339,'Administrador RNC','RNC','Administrador','3202767 Ext. 2111','rnc@humboldt.org.co'),(340,'Administrador RNC','RNC','Administrador','3202767 Ext. 2111','rnc@humboldt.org.co'),(345,'Alexander Velasquez Valencia','Centro de investigaciones de la Biodiversidad Andino Amazonica','Director y curador de Colecciones  Biológicas','3143939933','alexandervelasquezvalencia@gmail.com'),(349,'Catalina Rodríguez Álvarez','Departamento de Conservación y Educacion','Directora Conservación y Educación','6200681','crodriguez@parquejaimeduque.com'),(352,'Andrea Echeverry','Departamento de Biología y Conservación','Coordinadora de Colección Animal','3600314','a.echeverry@zoobaq.org'),(353,'sd','sd','sd','sd','jpdiaz.111@gmail.com'),(358,'sd','sd','sd','sd','jpdiaz.111@gmail.com'),(359,'Administrador RNC','Registro Nacional de Colecciones','Administrador','3202767','rnc@humboldt.org.co'),(360,'Administrador RNC','RNC','Administrador','3202767 Ext. 2111','rnc@humboldt.org.co'),(361,'Administrador RNC','Registro Nacional de Colecciones','Administrador','3202767','rnc@humboldt.org.co'),(367,'Administrador RNC','Registro Nacional de Colecciones','Administrador','3202767','rnc@humboldt.org.co'),(372,'Administrador RNC','RNC','Administrador','3202767 Ext. 2111','rnc@humboldt.org.co'),(373,'Administrador RNC','RNC','Administrador','3202767 Ext. 2111','rnc@humboldt.org.co'),(374,'Administrador RNC','RNC','Administrador','3202767 Ext. 2111','rnc@humboldt.org.co'),(376,'Administrador RNC','RNC','Administrador','3202767 Ext. 2111','rnc@humboldt.org.co'),(380,'Juana Giraldo','Parque Recreativo y Zoológico Piscilago','Coordinador de Colección y Conservación','3175757431','juana.giraldo@colsubsidio.com'),(381,'Administrador RNC','RNC','Administrador','3202767 Ext. 2111','rnc@humboldt.org.co'),(383,'Administrador RNC','RNC','Administrador','3202767 Ext. 2111','rnc@humboldt.org.co'),(384,'Administrador RNC','RNC','Administrador','3202767 Ext. 2111','rnc@humboldt.org.co'),(386,'Administrador RNC','RNC','Administrador','3202767 Ext. 2111','rnc@humboldt.org.co'),(388,'Juana Giraldo','Parque Recreativo y Zoológico Piscilago','Coordinador de Colección y Conservación','3175757431','juana.giraldo@colsubsidio.com'),(389,'Administrador RNC','RNC','Administrador','3202767 Ext. 2111','rnc@humboldt.org.co'),(390,'Julián Adolfo Salazar','Centro de Museos','Curador','3202767 Ext. 2111','julianadolfoster@gmail.com'),(391,'Administrador RNC','RNC','Administrador','3202767 Ext. 2111','rnc@humboldt.org.co'),(392,'Administrador RNC','RNC','Administrador','3202767 Ext. 2111','rnc@humboldt.org.co'),(393,'Administrador RNC','RNC','Administrador','3202767 Ext. 2111','rnc@humboldt.org.co'),(395,'Administrador RNC','RNC','Administrador','3202767 Ext. 2111','rnc@humboldt.org.co'),(402,'Administrador RNC','Registro Nacional de Colecciones','Administrador','3202767','rnc@humboldt.org.co'),(406,'Administrador RNC','RNC','Administrador','3202767 Ext. 2111','rnc@humboldt.org.co'),(407,'Administrador RNC','RNC','Administrador','3202767 Ext. 2111','rnc@humboldt.org.co'),(423,'Administrador RNC','RNC','Administrador','3202767 Ext. 2111','rnc@humboldt.org.co'),(437,'Administrador RNC','RNC','Administrador','3202767 Ext. 2111','rnc@humboldt.org.co'),(438,'Administrador RNC','RNC','Administrador','3202767 Ext. 2111','rnc@humboldt.org.co'),(439,'Administrador RNC','RNC','Administrador','3202767 Ext. 2111','rnc@humboldt.org.co'),(441,'Administrador RNC','RNC','Administrador','3202767 Ext. 2111','rnc@humboldt.org.co'),(442,'Administrador RNC','RNC','Administrador','3202767 Ext. 2111','rnc@humboldt.org.co'),(449,'Aymer Andrés Vásquez Ordóñez','Programa de Entomología','Asistente de Investigación','+57 2 4450000, ext. 3382-3383','a.a.vasquez@cgiar.org'),(451,'Administrador RNC','RNC','Administrador.','3202767 Ext. 2111','rnc@humboldt.org.co'),(452,'Mario Alberto Quijano Abril','Director HUCO','SD','5699090 Ext. 332','maquijano@uco.edu.co'),(468,'Wilber Adolfo Gómez Vargas','Laboratorio de entomología','Biólogo entomologo','3053500 ext. 2316','wilberg10@gmail.com'),(469,'Wilber Adolfo Gómez Vargas','Laboratorio de entomología','Biólogo entomologo','3053500 ext. 2316','wilberg10@gmail.com'),(470,'Wilber Adolfo Gómez Vargas','Laboratorio de entomología','Biólogo entomólogo','3053500 ext. 2316','wilberg10@gmail.com'),(472,'Administrador RNC','RNC','Administrador','3202767 Ext. 2111','rnc@humboldt.org.co'),(473,'Administrador RNC','RNC','Administrador','3202767 Ext. 2111','rnc@humboldt.org.co'),(474,'Administrador RNC','RNC','Administrador','3202767 Ext. 2111','rnc@humboldt.org.co'),(475,'Administrador RNC','RNC','Administrador','3202767 Ext. 2111','rnc@humboldt.org.co'),(480,'Administrador RNC','RNC','Administrador','3202767 Ext. 2111','rnc@humboldt.org.co'),(481,'Administrador RNC','RNC','Administrador','3202767 Ext. 2111','rnc@humboldt.org.co'),(482,'Administrador RNC','RNC','Administrador','3202767 Ext. 2111','rnc@humboldt.org.co'),(483,'Administrador RNC','RNC','Administrador','3202767 Ext. 2111','rnc@humboldt.org.co'),(485,'Administrador RNC','RNC','Administrador','3202767 Ext. 2111','rnc@humboldt.org.co'),(487,'María Eugenia Morales Puentes','Herbario UPTC','Directora Herbario UPTC','7405626 ext 2433','maria.morales@uptc.edu.co'),(488,'Administrador RNC','RNC','Administrador','3202767 Ext. 2111','rnc@humboldt.org.co'),(489,'Administrador RNC','RNC','Administrador','3202767 Ext. 2111','rnc@humboldt.org.co'),(490,'Carlos Alberto Parra Osorio','Instituto de Ciencias Naturales - Universidad Nacional de Colombia','Administrador General - Profesor Asociado','3165000 ext. 11518','caparrao@unal.edu.co'),(507,'Thaura Ghneim Herrera','Facultad de Ciencias Naturales','Profesora Asociada','5725552334','tghneim@icesi.edu.co'),(508,'Administrador RNC','RNC','Administrador','3202767 Ext. 2111','rnc@humboldt.org.co'),(509,'Administrador RNC','RNC','Administrador','3202767 Ext. 2111','rnc@humboldt.org.co'),(512,'Administrador RNC','RNC','Administrador','3202767 Ext. 2111','rnc@humboldt.org.co'),(514,'Administrador RNC','RNC','Administrador.','3202767 Ext. 2111','rnc@humboldt.org.co'),(515,'Marcela Rey Arévalo','Facultad de Ciencias -Departamento de Microbiología - Pontificia Universidad Javeriana','Curador de Microoganismos','3208320Ext. 4107','mrey@javeriana.edu.co'),(516,'Andres Felipe Orozco Cardona','Centro de Estudios e Investigaciones en Biodiversidad CIBUQ','Curador-HUQ','7359300 EXT.338 - 7359876-3127781947','andresorozco@uniquindio.edu.co'),(517,'Administrador RNC','RNC','Administrador','3202767 Ext. 2111','rnc@humboldt.org.co'),(519,'Administrador RNC','RNC','Administrador','3202767 Ext. 2111','rnc@humboldt.org.co'),(520,'Administrador RNC','RNC','Administrador','3202767 Ext. 2111','rnc@humboldt.org.co'),(522,'Administrador RNC','Registro Nacional de Colecciones','Administrador','3202767','rnc@humboldt.org.co'),(524,'Alejandro Lopera Toro','SD','Curador','2741714','alejandro.lopera@gmail.com'),(525,'Administrador RNC','Registro Nacional de Colecciones','Administrador','3202767','rnc@humboldt.org.co'),(530,'Zuleyma Mosquera Murillo','Facultad de Ciencias Básicas -  Programa de Biología','Docente Ocasional Tiempo completo','3147273552','zuleymamosquera@gmail.com');
/*!40000 ALTER TABLE `dilegenciadores` ENABLE KEYS */;
UNLOCK TABLES;

--
-- Table structure for table `entidad`
--

DROP TABLE IF EXISTS `entidad`;
/*!40101 SET @saved_cs_client     = @@character_set_client */;
/*!40101 SET character_set_client = utf8 */;
CREATE TABLE `entidad` (
  `id` int(11) NOT NULL AUTO_INCREMENT,
  `tipo_titular` tinyint(4) DEFAULT NULL,
  `titular` varchar(150) NOT NULL,
  `tipo_nit` smallint(6) DEFAULT NULL,
  `nit` varchar(64) DEFAULT NULL,
  `representante_legal` varchar(150) DEFAULT NULL,
  `tipo_id_rep` smallint(6) DEFAULT NULL,
  `representante_id` varchar(64) DEFAULT NULL,
  `departamento_id` varchar(150) DEFAULT '0',
  `ciudad_id` varchar(150) DEFAULT '0',
  `telefono` varchar(150) DEFAULT NULL,
  `direccion` varchar(150) DEFAULT NULL,
  `email` varchar(45) DEFAULT NULL,
  `estado` smallint(6) DEFAULT NULL,
  `comentario` text,
  `usuario_id` int(11) DEFAULT NULL,
  `fecha_creacion` datetime DEFAULT NULL,
  `dilegenciadores_id` int(11) NOT NULL,
  `tipo_institucion_id` int(11) DEFAULT '1',
  PRIMARY KEY (`id`),
  KEY `fk_entidad_dilegenciadores1_idx` (`dilegenciadores_id`),
  CONSTRAINT `fk_entidad_dilegenciadores1` FOREIGN KEY (`dilegenciadores_id`) REFERENCES `dilegenciadores` (`id`) ON DELETE NO ACTION ON UPDATE NO ACTION
) ENGINE=InnoDB AUTO_INCREMENT=203 DEFAULT CHARSET=utf8;
/*!40101 SET character_set_client = @saved_cs_client */;

--
-- Dumping data for table `entidad`
--

LOCK TABLES `entidad` WRITE;
/*!40000 ALTER TABLE `entidad` DISABLE KEYS */;
INSERT INTO `entidad` VALUES (69,1,'Alejandro Lopera',2,'80422824','-',0,'0','CO-DC','11001','2741714','Carrera 22 No. 137 - 79','alejandro.lopera@gmail.con',2,NULL,39,'2014-03-06 10:16:03',50,24),(70,1,'Angela Rocío Amarillo Suárez',1,'51889936','-',0,'0','CO-DC','11001','2214131','Calle 46 No. 55-19','aamarill@hotmail.com',2,NULL,40,'2014-02-07 15:46:13',50,1),(71,1,'Carlos Eduardo Sarmiento Monroy',2,'79373618','-',0,'0','CO-DC','11001','7200024','Carrera 40 # 36 - 21 Sur','cesarmiento@yahoo.com',2,NULL,75,'2014-02-10 15:45:02',50,1),(72,1,'César Caicedo López',2,'17096761','-',0,'0','0','11001','2175076','Calle 75 A No. 19 - 28','cesar_caicedo@yahoo.com',2,NULL,41,'2014-02-07 15:54:54',50,1),(74,1,'Dora Nancy Padilla Gil',2,'51820419','-',0,'0','CO-NAR','52001','5622177','Carrera 34 B # 1 A - 77','dnpadilla@udenar.edu.co',2,NULL,42,'2014-02-07 16:13:27',50,1),(75,1,'Efrain Reinel Henao Bañol',2,'75073651','-',0,'0','CO-CAL','17873','68908919','Calle 10 N° 11-40 Nuevos Horizontes','efrainhenao@yahoo.com.mx',2,NULL,43,'2014-02-07 16:26:37',50,1),(76,1,'Enrique Alberto Yide',2,'8705926','-',0,'0','CO-ATL','08001','3600208','Vía 40 Carretera eternit loma 3, Edificio Euromarmol','enriyidi@yahoo.com',2,NULL,44,'2014-02-07 16:32:36',50,1),(77,1,'Hans W. Dahners',2,'195524','-',0,'0','CO-VAC','76001','893 2592','Calle 8 oeste No. 4-32','hdahners@gmx.de',2,NULL,45,'2014-02-07 16:36:16',50,1),(79,1,'Jean Francois Le Crom',2,'79631159','-',0,'0','CO-DC','11001','3102307808','Calle 61 No.37-31','jflecrom@hotmail.com',2,NULL,46,'2014-02-07 16:39:16',50,1),(80,1,'José Ignacio Vargas Chica',2,'9971933','-',0,'0','CO-CAL','17873','8773429','Barrio Turín, casa No. 11','joseignacio_05@yahoo.es',2,NULL,47,'2014-02-07 16:44:04',50,1),(81,1,'Juan J. A. Laverde Castillo',2,'19426410','-',0,'0','CO-MAG','47001','4321403','Apto 318 Boca Salinas/Pozos Colorados','jjalaverde@hotmail.com',2,NULL,48,'2014-02-07 16:55:14',50,1),(82,1,'Juan José Silva Haad',2,'164516','-',0,'0','CO-DC','11001','59226533','Calle 144 No. 11 -07 edificio Zafiro apto 405','juanjhaad@yahoo.com',2,NULL,136,'2014-02-11 14:47:17',50,1),(83,1,'Julián Adolfo Salazar',2,'10258548','-',0,'0','CO-CAL','17001','8844540','Carrera 17A No. 49-13','julianadolfoster@gmail.com',2,NULL,49,'2014-02-07 16:59:36',50,1),(84,1,'Luis Carlos Pardo Locarno',2,'16278561','-',0,'0','CO-VAC','76520','2721198','Calle 21 No. 24A-63','pardolc@gmail.com',2,NULL,50,'2014-02-07 17:02:46',50,1),(85,1,'Luis Miguel Constantino',2,'16682887','-',0,'0','CO-VAC','76001','3166922871','Carrera 3 oeste No. 7-66, barrio Arboledas','luismiguel.constantino@hotmail.com',2,NULL,51,'2014-02-07 17:13:48',50,1),(87,2,'Centro de Investigaciones Educación y Recreación San Martín de Pajarales -CEINER',1,'800089883-1','Rafael Enrique Vieria Op den Bosch ',1,'7471978','CO-BOL','13001','6734045','Isla San Martín de Pajarales, Islas del Rosario','oceanario@enred.com',2,NULL,52,'2014-03-04 13:04:02',50,15),(88,1,'Rodrigo Torres Núñez',2,'14879086','-',0,'0','CO-DC','11001','2872957','Temporalmente en la Universidad Pedagógica Nacional','rtorresn@colomsat.net.co',2,NULL,53,'2014-02-10 09:03:16',50,1),(89,2,'Acuario y Museo del Mar del Rodadero',1,'819005753','Francisco Ospina Navia',1,'1679564','0','47001','4227222','Carrera 1 Calle 8 esquina, edificio fuente mar lcoal 3','acuariorodadero@gmail.com',2,NULL,54,'2014-02-10 09:13:20',50,1),(90,2,'Aves Barbacoa S.A',1,'900102156','Alba Lucía Gómez Vargas',1,'36166682','CO-BOL','13001','6734045','Barú lote 2 El Pajal Corregimiento Santana Isla grande palmar','aviarionacionalcolombia@yahoo.com.co',2,NULL,55,'2014-02-10 09:19:31',50,1),(91,2,'Caja Colombiana de Subsidio Familiar - Colsubsidio',1,'860007336 ','Luis Carlos Arango Vélez',1,'8268605','CO-CUN','25488','3175757431','Km 104 vía Bogotá - Girardot','zoologico.piscilago@colsubsidio.com',2,NULL,56,'2014-02-10 09:29:00',50,1),(92,2,'Caja de Compensación Familiar - Comfenalco Antioquia (Comodatario)',1,'890900842 -6','Mario Fernando Calle Uribe',1,'70042948','0','5001','4601100','Parque Ecológico Piedras Blancas, Vereda Piedras Blancas kilómetro 14, núcleo de las E.E.P.P.M.M,','museoentomologico@comfenalcoantioquia.com',2,NULL,57,'2014-02-10 09:35:10',50,1),(93,2,'Centro de Investigaciones Oceanográficas e Hidrográficas del Pacífico',1,'840000101 -3','Rafael Ricardo Torres Parra',1,'79592381','CO-NAR','52001','7272637','Vía \"El Morro\", Capitanía de ´Puerto, Tumaco Nariño.','jefcccp@dimar.mil.co',2,NULL,58,'2014-02-10 09:47:22',50,1),(95,2,'Centro Internacional de Agricultura Tropical - Ciat',1,'800034586 ','Ruben Echeverría ',2,'020091223','CO-VAC','76001','4450000','Km 17 carretera Cali- Palmira','ruben.echeverria@CGIAR.ORG',2,NULL,59,'2014-05-28 16:54:48',50,1),(98,2,'Congregación de Hermanos de las Escuelas Cristianas',1,'860009985 -0','Leonardo Enrique Tejeiro Duque',1,'13331021','CO-DC','11001','3535360 Ext. 2209-2214','Cr. 2 No. 10-70 Universidad de La Salle','museo@lasalle.edu.co',2,NULL,60,'2014-02-18 11:24:31',50,1),(99,2,'Corporación Autónoma Regional del Centro de Antioquia - Corantioquia',1,'811000231 -7','Alejandro González Valencia',1,'0','CO-ANT','05001','4938888','Carrera 65 No. 44 A -32','jtoro@corantioquia.gov.co',2,NULL,61,'2014-02-10 11:00:24',50,1),(100,2,'Corporación Autónoma Regional del Quindío - CRQ',1,'890000447 -9','Sandra Milena Rojas Giraldo ',1,'0','0','5059','7460600','Km 22 vía Armenia-Córdoba','crq@crq.gov.co',2,NULL,62,'2014-02-10 11:06:42',50,1),(101,2,'Corporación Autónoma Regional para la Defensa de la Meseta de Bucaramanga - CDMB',1,'890201573 -0','Ludwing Arley Anaya Mendez ',1,'91517093','CO-SAN','68001','6480729','Jardín Botánico Eloy Valenzuela ','biolog1@gmail.com',2,NULL,63,'2014-02-10 11:10:48',50,1),(102,2,'Corporación Botánico Jardín Botánico San Jorge',1,'890007626 -7','Edgar Delgado Torres',1,'92285287','CO-TOL','73001','2638334','Antigua Granja San Jorge Vía Calambeo','jardinsanjorge@gmail.com',2,NULL,64,'2014-02-10 11:16:57',50,1),(103,2,'Corporación Centro de Investigación en Palma de Aceite',1,'800145882 -4','José Ignacio Sanz Scovino',1,'10230559','0','11001','208 6300','Calle 20A No. 43 A-50','jsanz@cenipalma.org',2,NULL,65,'2014-02-10 11:19:38',50,1),(104,2,'Corporación Colombiana de Investigación Agropecuaria - Corpoica',1,'800194600 -3','Juan Lucas Restrepo Ibiza',1,'79485810','CO-DC','11001','4227300 ext.1311','C.I. Tibaitatá Km 14 vía Mosquera- C.I. Ceisa Av. Dorado No.42-42','cgonzaleza@corpoica.org.co',2,NULL,66,'2014-02-10 11:23:44',50,1),(105,2,'Corporación Corpogen',1,'830009610 -5','Patricia del Portillo',1,'20525312','CO-DC','11001','8050092','Carrera 5 No. 66 A - 44','corpogen@corpogen.org',2,NULL,67,'2014-02-10 11:26:51',50,1),(106,2,'Corporación Ecoparque los Yarumos',1,'810005598 -3','Carlos Saúl Corzo Uribe',1,'91472354','CO-CAL','17013','8755621','Ecoparque los Yarumos','ecoparqueyarumos@epm.net.co',2,NULL,68,'2014-02-10 11:29:12',50,1),(107,2,'Corporación Nacional de Investigación y Fomento Forestal - Conif',1,'860042183 -1','Luis Enrique Vega González',1,'14219960','CO-DC','11001','2118020','Avenida Circunvalar No.16-20','victornieto@conif.org.co',2,NULL,69,'2014-02-10 11:32:23',50,1),(108,2,'Corporación para el Desarrollo de la Biotecnología - Biotec',1,'805001728 -8','Myriam Sánchez M.',1,'31212595','CO-VAC','76001','4450114','Km 17 recta Cali-Palmira CIAT','usi3-biotec@cgiar.org',2,NULL,70,'2014-02-10 11:35:11',50,1),(109,2,'Corporación para el Desarrollo Sostenible del Sur de la Amazonía - Corpoamazonia',1,'800252844 -2','José Ignacio Muñoz Córdoba',1,'18108482','0','86001','4296396','Vereda San Carlos Km 8, Centro experimental amazónico CEA','lrivera@corpoamazonia.gov.co',2,NULL,71,'2014-02-10 11:38:09',50,1),(110,2,'Corporación para Investigaciones Biológicas - Cib',1,'809908790 -8','Jorge Hernan  Gomez ',1,'0','CO-ANT','05001','4415514','Cra 72 A No. 78 B- 141','jzuluaga@cib.org.co',2,NULL,72,'2014-02-10 11:41:24',50,1),(111,2,'Corporación Parque Explora',1,'900145472 -0','Azucena Restrepo',1,'43046330','CO-ANT','05001','5168381','Carrera 52 # 73 - 75','isabel.acero@parqueexplora.org',2,NULL,73,'2014-02-10 11:44:58',50,1),(112,2,'Universidad de Ciencias Aplicadas y Ambientales - Udca',1,'860403721 -2','Germán Anzola Montero',1,'17139367','CO-DC','11001','6684700','Calle 222 No. 54 - 25','ganzola@udca.edu.co',2,NULL,74,'2014-02-11 10:35:07',50,1),(113,2,'Secretaria de Agricultura y Desarrollo Rural de Antioquia',1,'890900286 -0','Diego Miguel Sierra Botero',1,'0','CO-ANT','05002','4099000','Calle 42 No. 52 - 106 Centro Administrativo Departamental \"José María Córdova\"','gloriae@cis.net.co',2,NULL,76,'2014-02-10 15:50:17',50,1),(114,2,'Empresa de Acueducto y Alcantarillado de Bogotá E.S.P.',1,'899999094 -1','José William Garzón Solis',1,'10109557','0','11001','3447000','Av Calle 24 # 37 - 15','lasilva@acueducto.com.co',2,NULL,77,'2014-02-10 15:54:06',50,1),(115,2,'Federación Nacional de Cafeteros - Centro Nacional de Investigaciones de Café  - CENICAFÉ',1,'860007538 -2','Fernando Gast Harders',1,'79144104','CO-CAL','17001','850 6550','Km 4 vía Chinchiná - Manizales','cenicafe@cafedecolombia.com',2,NULL,78,'2014-03-04 15:14:27',50,1),(116,2,'Fundación Botánica y Zoológica de Barranquilla',1,'800199708 -2','Rosamira Guillén',1,'32698413','CO-ATL','08001','3530313 - 3685765','Calle 77 # 68 - 40','zoobaq@metrotel.net.co',2,NULL,79,'2014-02-10 16:03:06',50,1),(117,2,'Fundación Centro de Primates - Fucep',1,'800125073 -7','Myriam Arévalo Ramírez',1,'41717562','0','76001','550 4289','Km 6 vía Cali, puerto Tejada, corregimiento El Hormiguero, vereda Caucaseco, finca Bonanza','bioinfo@inmuno.org',2,NULL,80,'2014-02-10 16:05:36',50,1),(118,2,'Fundación Centro para la Investigación en Sistemas Sostenibles de Producción Agropecuaria - Cipav',1,'800165375 -7','Enrique Murgueitio Restrepo',1,'16628142','CO-VAC','76001','524 3061','Carrera 25 No.6-62','cipav@cipav.org.co',2,NULL,81,'2014-02-10 16:09:23',50,1),(119,2,'Fundación ciencia, ecología, arte e historia - Ceah (Museo Vittoriano)',1,'832002142 -5','Carlo Da Ros',1,'0','CO-CUN','25297','8535718','Carrera 4 con calle 3. Edificio para la educación superior','museogacheta@yahoo.com',2,NULL,82,'2014-02-10 16:15:37',50,1),(120,2,'Fundación Nuevos Horizontes ',1,'830503497 - 7','María Amparo Torres ',1,'39786553','CO-DC','11001','620681','Calle 114 No. 6 A 92','zoo@parquejaimeduque.com',2,NULL,83,'2014-03-04 14:20:23',50,19),(121,2,'Fundación Jardín Batánico Joaquín Antonio Uribe',1,'890989756-2','Pilar Velilla Moreno',1,'32480045','CO-ANT','05001','4445500','Cra 52 No. 73-29','alvaro.cogollo@botanicomedellin.org',2,NULL,84,'2014-02-10 16:29:39',50,1),(122,2,'Fundación Jardín Botánico de Cali',1,'805020553 -7','Oscar PelaezJorge Mario López Chede',1,'16581844','CO-VAC','76001','315 740 6444','Av 3 OE No. 22 B 140','jardinbocali@uniweb.net.co',2,NULL,85,'2014-02-10 16:31:51',50,1),(123,2,'Fundación Jardín Botánico del Quindío',1,'890006578 -8','Carolina Cruz Hernández',1,'1018408406','0','63130','7427254','Av. Centenario 15-190 Km 3 vía al Valle','jardinbotanicoquindio@gmail.com',2,NULL,86,'2014-02-10 16:35:41',50,1),(124,2,'Fundación Jardín Botánico Guillermo Piñeres',1,'890480597 -2','Adriana Tinoco',1,'0','CO-BOL','13001','6637172','Sector Matatute, Bolivar ','adriana.tinoco@gmail.com',2,NULL,87,'2014-02-10 16:39:20',50,1),(126,2,'Fundación Jardín Botánico Villa Ludovica',1,'819004340','Guillermo E. Rodríguez Navarro',1,'19169804','CO-MAG','47001','4216644','Av. El Libertador, Carrera 15. Arriba del cerro','vludovica@hotmail.com',2,NULL,88,'2014-02-10 16:42:44',50,1),(127,2,'Fundación Museo Bolivariano de Arte Comtemporaneo - Quinta de San Pedro Alejandrino',1,'800954955 -2','Zarita Abello de Bonilla',1,'36251058','0','47001','4332995','Av El Libertador, Quinta de San Pedro Alejandrino','jbqspa@yahoo.es',2,NULL,89,'2014-02-10 16:45:24',50,1),(128,2,'Fundación Museo del Mar',1,'891702613 -0','Hernando Valencia Abdalá',1,'12529961','0','47001','4229334','Carrera 2 No. 11 - 68 Edificio Mundo Marino - Rodadero Santa Marta','mundomarino@utadeo.edu.co',2,NULL,90,'2014-02-10 16:48:48',50,1),(129,2,'Fundación Universidad de Bogotá Jorge Tadeo Lozano',1,'860006848 -6','José Fernando Isaza Delgado',1,'17143307','CO-DC','11001','242 7030','Carrera 4 No.22-61','luz.fuentes@utadeo.edu.co',2,NULL,91,'2014-02-10 16:53:33',50,1),(130,2,'Fundación Universitaria de Popayán',1,'891501835 -6','Lida Socorro Solarte Astaiza',1,'34537713','0','19001','8238378','Km 8 vía al sur sede campestre los Robles','jardinbotanico@fup.edu.co',2,NULL,92,'2014-02-10 16:56:51',50,1),(131,2,'Fundación Yubarta',2,'800155085 -3','Lilián Flórez González',1,'41722990','CO-VAC','76001','5585585','Carrera 24 F oeste # 3 -110','yubarta@emcali.net.co',2,NULL,93,'2014-02-10 17:03:36',50,1),(132,2,'Fundación Zoológica de Cali',1,'890318247 -8','María Clara Dominguez Vernaza',1,'31860463','CO-VAC','76001','2892747 ext. 116','Carrera 2 oeste calle 14 esquina','zoologico@zoologicodecali.com.co',2,NULL,94,'2014-02-10 17:08:06',50,1),(133,2,'Fundación Zoológico Santa Cruz',1,'830093363 -8','Haidy Monsalve Redwan',1,'51557439','CO-DC','11001','8473831','Kilómetro 16 Troncal Tequendama Vía Mesitas del Colegio','hmonsalve@zoosantacruz.org.co',2,NULL,95,'2014-02-10 17:22:18',50,1),(134,2,'Instituto Amazónico de Investigaciones Científicas - Sinchi',1,'860061110 -3','Luz Marina Mantilla Cárdenas',1,'51580110','CO-DC','11001','4442060','Calle 20 No. 5 - 44','herbario@sinchi.org.co',2,NULL,96,'2014-02-10 17:24:40',50,1),(135,2,'Instituto Colombiano de Medicina Tropical, Universidad CES',1,'800082822 -0','Andrés Trujillo Zea',1,'71724566','0','05631','305 3500','Carrera 43A No. 52S-99','gparra@ces.edu.co',2,NULL,97,'2014-02-10 17:28:46',50,1),(136,2,'Universidad Nacional de Colombia',1,'899999063 -3','Ignacio Mantilla Prada',1,'19328350','CO-DC','11001','3165000 ','carrera 30 No.45-03 ','mgandradec@unal.edu.co',2,NULL,98,'2014-02-11 14:30:19',50,1),(137,2,'Instituto de Investigación de Recursos Biológicos Alexander von Humboldt',1,'820000142 -2','Brigitte L.G. Baptiste',1,'79157459','CO-BOY','15407','7320791','Claustro San Agustín','coleccionesbiologicas@humboldt.org.co',2,NULL,99,'2014-02-18 11:42:52',50,1),(138,2,'Instituto de Investigaciones Marinas y Costeras José Benito Vives de Andreis - Invemar',1,'800250062 -0','Francisco Arias Isaza',1,'79146703','CO-MAG','47001','4328600 ext. 247 y 253','Calle 25 No. 2 -55. Playa Salguero','giomar.borrero@invemar.org.co',2,NULL,100,'2014-02-10 17:38:42',50,1),(139,2,'Instituto Nacional de Salud',1,'899999403 -4','Juan Gonzalo López',1,'18501764','CO-DC','11001','2207700 ext: 1297 / 1317','Calle 26 # 51 - 20','fruiz@ins.gov.co',2,NULL,101,'2014-02-10 17:41:21',50,1),(140,2,'Instituto para la Investigación y Preservación del Patrimonio Cultural y Natural del Valle del Cauca - Inciva',1,'800086201 -7','Romulo Ospina',1,'6385803','CO-VAC','76001','5146848','Calle 6 No. 24-80 Avenida Rooselvelt','direccion@inciva.gov.co',2,NULL,102,'2014-02-10 17:44:26',50,1),(141,2,'Instituto Tecnológico Metropolitano',1,'800214750 -7','Luz Mariela Sorza Zapata',1,'32481395','CO-ANT','05001','4600227','Calle 54 A No. 30 - 01 ','museodecienciasnaturales@itm.edu.co',2,NULL,103,'2014-02-11 08:48:38',50,1),(143,2,'Jardín Botánico José Celestino Mutis',1,'860030197 -0','Luis Olmedo Martínez Zamora',1,'12998152','CO-DC','11001','4377060','Avenida calle 63 No.68-95','herbario@jbb.gov.co',2,NULL,104,'2014-02-11 09:01:45',50,1),(146,2,' Unidad Administrativa Especial del Sistema de Parques Nacionales Naturales',1,'830016624-7','Julia Miranda Londoño',1,'41779996','CO-DC','11001','3532400','Carrera 10 No. 20 -30','julia.miranda@parquesnacionales.gov.co',2,'',138,'2014-03-03 11:19:31',50,12),(147,2,'Pontificia Universidad Javeriana',1,'860013720 -1','Padre Jorge Humberto Peláez Piedrahita, S.J.',1,'17158674','CO-DC','11001','3208320 ext 4127-4056','Cra 7 No. 43-82 ','alba.trespalacios@javeriana.edu.co',2,NULL,105,'2014-02-11 09:48:00',50,1),(149,2,'Sociedad de Mejoras de Pereira',1,'891480071 -4','Gustavo Valencia Franco',1,'8315241','CO-RIS','66001','3360044','Zoológico Matecaña de Pereira','zoomate@pereira.multi.net.co',2,NULL,106,'2014-02-11 09:50:22',50,1),(150,2,'Sociedad de Mejoras Públicas de Medellín',1,'890904141 -1','Héctor Guillermo Echeverri Galvis',1,'8276813','CO-ANT','05001','4447787','Carrera 42 No. 52 - 33','zoostafe@une.net.co',2,NULL,107,'2014-02-11 09:52:49',50,1),(151,2,'Tecnológico de Antioquia ',1,'890905419-6','Lorenzo Portocarrero Sierra',1,'6454684','0','05001','4547000','Calle 78 b No. 72 A- 220','manalejo1781@gmail.com',2,NULL,108,'2014-02-11 09:58:13',50,1),(152,2,'Universidad Católica de Oriente',1,'890984746 -7','Mons. Darío del Socorro Gómez Zuluaga',1,'15423858','CO-ANT','05615','5699090 Ext 285','Cra 46 No. 40B- 50 sector 3','gestambiental.jefe@uco.edu.co',2,NULL,109,'2014-02-11 10:01:20',50,1),(153,2,'Universidad de Antioquia',1,'890980040 -8','Alberto Uribe Correa',1,'8346555','CO-ANT','05001','2192315','Carrera 50A No.63-65','museo@quimbaya.udea.edu.co',2,NULL,110,'2014-02-11 10:10:43',50,1),(154,2,'Universidad de Caldas',1,'890801063 -0','Ricardo Gómez Giraldo',1,'75067009','CO-CAL','17001','8781500','Calle 65 No. 26 - 10','luis.alvarez@ucaldas.edu.co',2,NULL,111,'2014-02-11 10:27:29',50,1),(157,2,'Universidad de Córdoba',1,'891080031-3','Giovanni Carlos Argel Fuentes',1,'78696630','CO-COR','23001','7860381','Carrera 6 No. 76 - 103 ','herbario@unicordoba.edu.co',2,NULL,112,'2014-02-11 10:37:55',50,1),(159,2,'Universidad de la Amazonía',1,'891190346 -1','Leonidas Rico Martinez',1,'17624610','CO-CAQ','18001','4358786','Carrera 11 No. 5 - 59 sede centro intalaciones antiguo IDEMA','j.botanicouniamazonia@gmail.com',2,NULL,113,'2014-02-11 10:40:41',50,1),(160,2,'Universidad de la Sabana',1,'86007558 -1','Obdulio Velásquez Posada',1,'71617244','0','11001','8615555','Universidad de la Sabana, Km 7 Autonorte, Puente El Común, Chía','gloria.gonzalez@unisabana.edu.co',2,NULL,114,'2014-02-11 10:46:02',50,1),(161,2,'Universidad de Los Andes',1,'860007386 -1',' Pablo Navas Sanz de Santamaría',1,'0','CO-DC','11001','339 4949','Carrera 1 no. 18 A-10, ','museo@uniandes.edu.co',2,NULL,115,'2014-02-11 10:50:03',50,1),(163,2,'Universidad de los Llanos',1,'892000757 -3','Jairo Iván Frias Carreño',1,'17350164','CO-MET','50001','6698239','Villavicencio','luzmila@unillanos.edu.co',2,NULL,116,'2014-02-11 10:53:31',50,1),(164,2,'Universidad de Nariño',1,'800118954 -1','José Edmundo Calvache López',1,'12955860','CO-NAR','52001','7311449 ext 236','Universidad de  Nariño sede Torobajo, bloque 1','mgonzalez@udenar.edu.co',2,NULL,117,'2014-02-11 10:56:08',50,1),(165,2,'Universidad de Pamplona',1,'890501510 -4','Esperanza Paredes Hernández',1,'41698559','CO-NSA','54518','5685303 etx. 225','Edificio Camilo Daza CD 208, Campus Universitario Pamplona','hecasa@unipamplona.edu.co',2,NULL,118,'2014-02-11 10:58:36',50,1),(166,2,'Universidad del Atlántico',1,'890102257 -9','Ana Sofía Mesa de  Cuervo',1,'324299542','CO-ATL','08001','3599481','Facultad de Ciencias Básicas, Departamento de Biología','hermescuadros@mail.uniatlantico.edu.co',2,NULL,119,'2014-02-11 11:03:07',50,1),(168,2,'Universidad del Cauca',1,'891500319 -2','Danilo Reinaldo Vivas',1,'10527315','CO-CAU','19001','820 9861','Carrera 2 No. 1A-25','unicauca.caup@gmail.com',2,NULL,120,'2014-02-11 11:06:43',50,1),(169,2,'Universidad del Magdalena',1,'891780111 -8','Ruthber Escorcia Caballero',1,'85448878','CO-MAG','47001','4219133','Carrera 2 No. 18 - 27 Taganga, Magdalena','molmarcol@gmail.com',2,NULL,121,'2014-02-11 11:09:58',50,1),(170,2,'Universidad del Quindío',1,'890000432 -8','Alfonso Londoño Orozco',1,'19189065','CO-QUI','63001','7359346','Carrera 15, Calle 12 Norte','analucia@uniquindio.edu.co',2,NULL,122,'2014-02-11 11:15:33',50,1),(172,2,'Universidad del Tolima',1,'890700640 -7','Jose Hernán Muñoz Ñungo',1,'6023478','CO-TOL','73001','2771212','Universidad del Tolima - Barrio Santa Elena - Ibagué','greinoso@ut.edu.co',2,NULL,123,'2014-02-11 11:19:05',50,1),(173,2,'Universidad del Valle',2,'890399010- 6','Iván Enrique Ramos Calderón',1,'14989446','CO-VAC','76001','6670327 ext.2201','Universidad del Valle, Departamento de Microbiología','mauricio.barreto@correounivalle.edu.co',2,NULL,124,'2014-02-11 11:22:29',50,1),(174,2,'Universidad Distrital Francisco José de Caldas',1,'899999230 -7','Inocencio Bahamón Calderón',1,'19253011','CO-DC','11001','3376918','Avenida Circunvalar, Venado de Oro, Facultad del Medio Ambiente y Recursos Naturales','herbarioforestal@udistrital.edu.co',2,NULL,125,'2014-02-11 11:25:40',50,1),(175,2,'Universidad EAFIT',1,'890901389 -5','Juan Luis Mejía Arango',1,'8351889','0','05001','2619599 ext.9317','Carrera 49 No.7sur- 50','vvilleg2@eafit.edu.co',2,NULL,126,'2014-02-11 11:27:25',50,1),(176,2,'Universidad El Bosque',1,'860066789 -6','Carlos Felipe Escobar Toa',1,'79521534','CO-DC','11001','6489000','Carrera 7 Bis No. 132 - 11 ','biologia@unbosque.edu.co',2,NULL,127,'2014-02-11 11:30:46',50,1),(177,2,'Universidad ICESI',1,'890316745 -5','Francisco Piedrahíta Plata',1,'14934246','','76001','5552334','Calle 18 No.122-135','tghneim@icesi.edu.co',2,NULL,128,'2014-02-11 11:32:47',50,1),(178,2,'Universidad Industrial de Santander',1,'890201213 -4','Jaime Alberto Camacho Pico',1,'91230254','CO-SAN','68001','6344000','Calle 27 carrera 9 ciudad universitaria','mpramir@uis.edu.co',2,NULL,129,'2014-02-11 11:35:13',50,1),(179,2,'Universidad Militar Nueva Granada',1,'800225340 -8','Eduardo Antonio Herrera Berbel',1,'14977351','0','11001','275 7300','Carrera 11 No.101-80 ','cmedinab@umng.edu.co',2,NULL,130,'2014-02-11 11:38:04',50,1),(184,2,'Universidad Pagagógica y Tecnológica de Colombia',1,'891800330-1','Gustavo Orlando Alvarez Alvarez',1,'6770318','CO-BOY','15001','7405626 ext. 2433','Avenida Central del Norte, campus universitario, UPTC, edificio Centro de Laboratorios','herbario@uptc.edu.co',2,NULL,131,'2014-02-11 14:33:14',50,1),(185,2,'Universidad Pedagógica Nacional',1,'899999214 -4','Oscar Armando Ibarra Russi',1,'4170666','CO-DC','11001','5941894','Calle 72 No. 11-86','valbuena@pedagogica.edu.co',2,NULL,132,'2014-02-11 14:36:00',50,1),(187,2,'Universidad Surcolombiana',1,'891180084 -2','Héctor Hernán Zamora Caicedo',1,'19145208','CO-HUI','41001','8758775','Avenida Pastrana con carrera primera','fllanos@usco.edu.co',2,NULL,133,'2014-02-11 14:38:57',50,1),(188,2,'Universidad Tecnológica de Pereira',1,'891480035 -9','Luis Enrique Arango Jiménez',1,'10059486','CO-RIS','66001','3212523','Universidad Tecnológica de Pereira, Vereda la Julita,','jardinbotanico@utp.edu.co',2,NULL,134,'2014-02-11 14:40:36',50,1),(189,2,'Universidad Tecnológica del Chocó  Diego Luis Córdoba',1,'891680089 -4','Eduardo Antonio García Vega',1,'70110380','CO-CHO','27001','6726565 ext 1048','Ciudadela Universitaria UTCH','d-zuleyma.mosquera@utch.edu.co',2,NULL,135,'2014-02-11 14:43:05',50,1),(191,1,'Jeimmy Diaz',2,'1024524343','-',0,'0','0','11001','3202767','Cra 28 a No. 15 -09','jpdiaz.111@gmail.com',2,'',137,'2014-02-13 11:17:52',72,1),(193,2,'Universidad de La Guajira',1,'892.115.029-4','Carlos Arturo Robles Julio',1,'84020115','CO-LAG','44001','7282729 ext 201','Km 5 Vía a Maicao','rectoria@uniguajira.edu.co',2,'Buen Día \r\nBienvenidos a la aplicación web del Registro Único Nacional de Colecciones Biológicas.\r\nEsperamos que sea de su agrado y utilidad\r\nQuedamos al pendiente para acompañar el proceso de registro y/o actualización de las colecciones biológicas de la universidad.\r\nUn saludo cordial \r\nEquipo RNC  ',140,'2014-03-05 16:32:59',107,23),(194,2,'Universidad de la Amazonia',1,'891190346-1','Leonidas Rico Martinez',1,'17624610','CO-CAQ','18001','4358786','Carrera 11 No 6 - 69 Barrio Juan XXIII','rectoria@uniamazonia.edu.co',3,'El usuario para la Universidad ya fue creado. ',NULL,'2014-03-31 08:43:33',129,23),(195,1,'JEAN FRANCOIS LE CROM',2,'79.631.159','-',0,'0','CO-DC','11001','3102307808','calle 61 N 37-31','jflecrom@hotmail.com',3,'Apreciado Jean, su usurario ya fue creado previamente, las credenciales han sido enviadas a su correo electrónico. \r\nFeliz Día. \r\nJeimmy Díaz\r\nAdministrador RNC',NULL,'2014-03-31 20:25:57',134,1),(196,1,'Diana Rocío Carvajal Contreras',2,'52182620','-',0,'0','CO-DC','11001','3144038055','Calle 10 A n. 3-15 Este','diana.carvajal@uexternado.edu.co',1,NULL,NULL,'2014-04-03 14:55:49',175,23),(197,2,'INCIVA',1,'800086201-5','Romulo Alfredo Ospina',1,'16260133','CO-VAC','76834','2-5146848','Corregimiento de Mateguadua','jardinbotanico@inciva.gov.co',3,'Estimado Alejandro, \r\nEl usuario para la entidad ya fue creado, las credenciales de acceso fueron enviadas el día 22 de abril al representante legal de la colección Dr. Rómulo Ospina. \r\nAgradezco su comprensión. \r\nSaludos Cordiales, \r\nJeimmy Díaz\r\nAdministrador RNC',NULL,'2014-04-07 13:41:36',203,15),(198,1,'Alejandro Lopera Toro',2,'80422824','-',0,'0','CO-DC','11001','571 2741714','Carrera 22 # 137-79','alejandro.lopera@gmail.com',3,'Apreciado Alejandro, su usuario ya fue creado, a su correo electrónico han sido enviadas las credenciales de acceso.\r\nSaludos cordiales \r\nJeimmy Díaz \r\nAdministrador RNC\r\n',NULL,'2014-04-12 20:31:03',272,1),(199,2,'Fundación Botánica y Zoológica de Barranquilla',1,'8001997082','Farah Ajami Peralta',1,'52693232','CO-ATL','08001','3600314 - 3689584','Calle 77 No. 68 - 40','a.echeverry@zoobaq.org',3,'El usuario para la fundación ya fue creado',NULL,'2014-05-08 11:26:01',352,24),(200,1,'Julián Adolfo Salazar',2,'10258548','-',0,'0','CO-CAL','17001','8844540','Carrera 17A No. 49-13','julianadolfoster@gmail.com',1,NULL,NULL,'2014-05-19 08:26:12',390,1),(201,2,'Instituto Colombiano de Medicina Tropical',1,'8000828220','Andrés Trujillo Zea',1,'71724566','CO-ANT','05631','3053500 ext. 2280','Carrera 42A 52A Sur-99','info@icmt.org.co',3,'Estimado Wilber:\r\n\r\nEl oficio con las credenciales asignadas al Instituto Colombiano de Medicina Tropical, fueron enviadas el 23 de abril de 2014. La información será reenviada al correo info@ictm.org.co.\r\n\r\nUn saludo cordial,\r\n\r\nKaren Soacha',NULL,'2014-06-05 09:51:59',470,15),(202,1,'Germán Domingo Amat García',2,'19406053','-',0,'0','CO-DC','11001','3165000 ext. 11538','Instituto de Ciencias Naturales, Universidad Nacional de Colombia, Carrera 30 # 45-03, Bogotá','herbacol_fcbog@unal.edu.co',3,'Estimado profesor Carlos,\r\n\r\nLas contraseñas de la Universidad Nacional fueron enviadas el 14 de marzo de 2014 al representante legal de las colecciones (rector).\r\n\r\nDe acuerdo con la información suministrada por el profesor Gonzalo Andrade, quien ha oficiado como punto de contacto desde la vicerrectoria, se está organizando el proceso internamente para adelantar la actualización de la información de las colecciones.\r\n\r\nEstamos atentos a colaborarles para llevar a cabo este proceso de forma exitosa.\r\n\r\nUn saludo cordial,\r\n\r\nKaren Soacha',NULL,'2014-06-11 09:25:06',490,23);
/*!40000 ALTER TABLE `entidad` ENABLE KEYS */;
UNLOCK TABLES;

--
-- Table structure for table `estado_registro`
--

DROP TABLE IF EXISTS `estado_registro`;
/*!40101 SET @saved_cs_client     = @@character_set_client */;
/*!40101 SET character_set_client = utf8 */;
CREATE TABLE `estado_registro` (
  `id` int(11) NOT NULL,
  `nombre` varchar(45) DEFAULT NULL,
  PRIMARY KEY (`id`)
) ENGINE=InnoDB DEFAULT CHARSET=utf8;
/*!40101 SET character_set_client = @saved_cs_client */;

--
-- Dumping data for table `estado_registro`
--

LOCK TABLES `estado_registro` WRITE;
/*!40000 ALTER TABLE `estado_registro` DISABLE KEYS */;
INSERT INTO `estado_registro` VALUES (0,'Sin Enviar'),(1,'En Revisión'),(2,'Aprobado'),(3,'No Aprobado'),(4,'Aprobado'),(5,'Cancelado');
/*!40000 ALTER TABLE `estado_registro` ENABLE KEYS */;
UNLOCK TABLES;

--
-- Table structure for table `grupo_taxonomico`
--

DROP TABLE IF EXISTS `grupo_taxonomico`;
/*!40101 SET @saved_cs_client     = @@character_set_client */;
/*!40101 SET character_set_client = utf8 */;
CREATE TABLE `grupo_taxonomico` (
  `id` int(11) NOT NULL AUTO_INCREMENT,
  `nombre` varchar(150) DEFAULT NULL,
  PRIMARY KEY (`id`)
) ENGINE=InnoDB AUTO_INCREMENT=8 DEFAULT CHARSET=utf8;
/*!40101 SET character_set_client = @saved_cs_client */;

--
-- Dumping data for table `grupo_taxonomico`
--

LOCK TABLES `grupo_taxonomico` WRITE;
/*!40000 ALTER TABLE `grupo_taxonomico` DISABLE KEYS */;
INSERT INTO `grupo_taxonomico` VALUES (2,'Microorganismos'),(3,'Invertebrados'),(4,'Vertebrados'),(5,'Plantas'),(6,'Hongos'),(7,'Líquenes');
/*!40000 ALTER TABLE `grupo_taxonomico` ENABLE KEYS */;
UNLOCK TABLES;

--
-- Table structure for table `pqrs`
--

DROP TABLE IF EXISTS `pqrs`;
/*!40101 SET @saved_cs_client     = @@character_set_client */;
/*!40101 SET character_set_client = utf8 */;
CREATE TABLE `pqrs` (
  `id` int(11) NOT NULL AUTO_INCREMENT,
  `nombre` varchar(45) DEFAULT NULL,
  `email` varchar(45) DEFAULT NULL,
  `tipo_solicitud` int(11) DEFAULT NULL,
  `descripcion` text,
  `entidad_otra` varchar(250) DEFAULT NULL,
  `ruta_anexo` varchar(45) DEFAULT NULL,
  `respuesta` text,
  `estado` int(11) DEFAULT NULL,
  `fecha` datetime DEFAULT NULL,
  `entidad_id` int(11) DEFAULT NULL,
  `registros_id` int(11) DEFAULT NULL,
  `fecha_respuesta` datetime DEFAULT NULL,
  PRIMARY KEY (`id`)
) ENGINE=InnoDB AUTO_INCREMENT=11 DEFAULT CHARSET=utf8;
/*!40101 SET character_set_client = @saved_cs_client */;

--
-- Dumping data for table `pqrs`
--

LOCK TABLES `pqrs` WRITE;
/*!40000 ALTER TABLE `pqrs` DISABLE KEYS */;
INSERT INTO `pqrs` VALUES (1,'José Edilson Espitia Barrera','jespitia@lasalle.edu.co',NULL,'Para la colección No 187 y 133 por favor corregir en el registro y en otros documentos cuando se refieren a Museo La Salle o Museo de la Salle por Museo de La Salle, lo mismo aplica para Universidad de la Salle por Universidad de La Salle (como obervarán la \"l\" minúscula se cambia por \"L\" mayúscula para acompañar a La Salle ',NULL,NULL,'Estimado Hno. José Edilson, \r\nCon respecto a su solicitud; las colecciones correspondientes a los registros No. 133 y 187 se encuentran habilitadas para las correcciones que considere pertinentes. De antemano agradezco completar la información de los campos en los cuales aparecen las siguientes siglas SD (sin dato). \r\nQuedo atenta a cualquier inquietud, esperando que sea de su utilidad y agrado esta nueva herramienta. \r\nQue tenga un excelente día.\r\n\r\nJeimmy Díaz  \r\n',1,'2014-03-30 22:30:51',98,0,'2014-04-03 10:52:11'),(2,'Catalina Rodríguez','crodriguez@parquejaimeduque.com',NULL,'El formato de actualización de registro de la colección no guarda los cambios.',NULL,NULL,'Estimada Catalina, Presentamos excusas por las fallas, el formulario de actualización ya se encuentra habilitado. Quedo al pendiente por si tienes inconvenientes Saludos cordiales, Jeimmy Díaz - Administrador RNC',1,'2014-04-22 15:42:28',120,61,'2014-04-25 16:26:46'),(3,'Janice Valencia','jvalenciad@gmail.com',NULL,'Buenas tardes,\r\nla plataforma no permite actualizar la información del formulario de la colección 130.  Hago las correcciones de la información, le digo \"guardar\", y cuando aparece de nuevo la pantalla me trae los datos anteriores, no los actualizados.\r\nAgradezco de antemano su colaboración.\r\n',NULL,NULL,'Estimada Janice, \r\nPresentamos excusas por las fallas, el formulario de actualización ya se encuentra habilitado. \r\nQuedo al pendiente por si tienes inconvenientes \r\nSaludos cordiales, \r\nJeimmy Díaz - Administrador RNC',1,'2014-04-24 12:06:25',143,120,'2014-04-25 16:25:50'),(4,'Diego Perico Manrique','dperico@gmail.com',NULL,'Buenos días,\r\n\r\nEn el Museo de Historia Natural ANDES estamos interesados en obtener copia completa del archivo del Registro Nacional de Colecciones de las Colecciones registradas Asociadas al Museo ANDES.\r\n\r\nLa pregunta es: ¿que procedimiento debemos seguir para solicitar la mencionada copia?\r\n\r\nLes agradezco mucho su valiosa colaboración.\r\n\r\nCordialmente,\r\n\r\nDiego Perico M.',NULL,NULL,'Estimado Diego, \r\n\r\nEl histórico de las colecciones de la universidad se puedes encontrar en el aplicativo siguiendo estos pasos: \r\n1. Ingrese al aplicativo con las contraseñas asignadas\r\n2. En la sección \'Consultas\' encontrara la opción \'Históricos\', allí encontrara toda la información de las colecciones de la universidad. \r\n\r\nQuedo atenta a cualquier inquietud, \r\n\r\nJeimmy Díaz',1,'2014-05-07 10:22:27',161,0,'2014-05-14 12:21:20'),(5,'Francisca Fanny Caro de Carvajal','francisca.caro@correounivalle.edu.co',NULL,'Buenas tardes\r\nSoy docente de parasitología de la Universidad del Valle. Deseo actualizar la colección UV-PAR que fue inscrita en el año 2002 por el profesor Humberto Carvajal. Está persona falleció en noviembre del año pasado y no poseemos la clave de acceso a la colección ni la información con que fue inscrita. Nos podrían habilitar alguna clave o una manera para conocer lo que se registró y así poder actualizar la colección. \r\n\r\nMuchas gracias por la atención que pueda prestarnos y quedo en espera de alguna respuesta. Así mismo, cualquier información adicional que ustedes necesiten por favor no duden en comunicarse al celular 317 517 17 59.\r\n\r\nAtentamente\r\nFanny Caro de Carvajal.\r\n',NULL,NULL,'Estimada Fanny,\r\nLamentamos la muerte del profesor Humberto, nuestras más sentidas condolencias para toda su familia y allegados. \r\nRespecto a las claves de acceso al aplicativo, estas fueron asignadas y enviadas previamente al representante legal de la colección, en este caso al Rector de la Universidad del Valle, sugerimos establecer contacto con la oficina de rectoría. \r\nLa información histórica de la colección la puede encontrar en el aplicativo, en la sección de consultas, para más información sobre el proceso consulte el instructivo, lo puede encontrar en la sección ‘Guía e Instructivo’ y en la sección ayuda.\r\nQuedo atenta a cualquier inquietud adicional.\r\nSaludos cordiales.\r\nJeimmy Díaz\r\n',1,'2014-05-08 14:49:10',173,101,'2014-05-14 14:01:17'),(6,'Efrain Reinel Henao','efrainhenao@yahoo.com.mx',NULL,'Carta de actualizacion del registro de colección biológica\r\nCEH 085- La casa del Insecto.',NULL,NULL,NULL,0,'2014-05-13 16:19:55',75,43,NULL),(7,'Edwin Pacheco Figueroa','efrgau@gmail.com',NULL,'Cordial Saludo...\r\n\r\nEstoy intentando realizar l actualización del RNC de las colecciones biológicas de la Universidad de Nariño.\r\n\r\nSin embargo, tengo dudas de la documentación que debo anexar.\r\n\r\nPrimero que todo me gustaría saber ¿cómo se diseña el certificado de auto-declaración que se exigen en los anexos?\r\n\r\ny mi segunda pregunta es: ¿cuáles son los permisos que acrediten la obtención legal de los especímenes?.\r\n\r\nPor favor, si es posible me gustaría que me envíen una copia de ejemplo de estos documentos, para agilizar el proceso de actualización',NULL,NULL,NULL,0,'2014-05-15 15:03:48',164,145,NULL),(8,'Juliana Cardona Duque','jcardonad@ces.edu.co',NULL,'En el pasado mes de febrero envié a la dirección que indican el siguiente correo. Le agradezco la información que nos puedan suministrar.\r\n\r\n____________\r\nJuliana Cardona Duque\r\nmié 12/02/2014 12:29 a.m.\r\nElementos enviados\r\nPara:\r\nrnc@humboldt.org.co;\r\nCc:\r\noorrego@humboldt.org.co;\r\n\r\nBuenos días,\r\nmi nombre es Juliana Cardona-Duque, soy docente del programa de Biología de la Universidad CES en Medellín.\r\n\r\nLe escribo porque atendiendo al decreto 1375 de 2013, quiséramos registrar ante el IAvH una colección de docencia con la cuenta la Universidad. La mayoría de los ejemplares no cuentan con permisos de recolección, pues fueron donados a la universidad, durante los ocho años que lleva el programa por personas ajenas a esta, quienes los encontraban muertos o los habían recibido de otras personas. \r\n\r\nSin embargo, actualmente estamos empezando algunos proyectos de investigación (pues la universidad está fortaleciendo el área de biodiversidad), para los cuales esta iniciando la solicitud de los respectivos permisos de investigación y recolecta de especímenes de acuerdo al decreto 1376 de 2013, y por esta razón queremos empezar con la legalización de la colección.\r\n\r\nEstoy revisando el formato de registro nacional de colecciones, y me gustaría saber si el Instituto daría una amnistía, como se ha hecho en ocasiones anteriores, para legalizar todos estos especímenes que actualmente no cuentan con los permisos de recolección.\r\n\r\nDe otro lado, nos interesaría poder contar con la asesoría del equipo de SIB Colombia para ajustar nuestras bases de datos al sistema Darwin-Core y tratar de establecer un convenio de cooperación entre el Instituto y nuestra Universidad.\r\n\r\nDe antemano muchas gracias.\r\n\r\nCordialmente,\r\nJuliana',NULL,NULL,NULL,0,'2014-05-22 09:11:37',NULL,0,NULL),(9,'Janice Valencia - Jardín Botánico Jose Celest','herbariojbb@gmail.com',NULL,'Buenas noches,\r\nsigo teniendo inconvenientes para hacer la actualización de las colecciones del Jardín a través de la plataforma.  Como ya he tratado varias veces sin éxito, quisiera una cita para hacer revisión de mi caso personalmente en el Humboldt.\r\nAgradecería mucho me pudieran colaborar con esto.\r\nCordialmente,\r\n\r\nJanice Valencia-D\r\nCuradora General\r\nHerbario JBB',NULL,NULL,NULL,0,'2014-05-26 20:01:09',143,119,NULL),(10,'Philip A. Silverstone-Sopkin','pasilverstone_sopkin@yahoo.com',NULL,'Cali, 12 de junio de 2014\r\n\r\nRNC\r\nInstituto Alexander von Humboldt\r\nBogotá, D.C.\r\n\r\nEstimados Señores:\r\n\r\nSoy el director del Herbario CUVC de la Universidad del Valle; esta colección está registrada con el Instituto von Humboldt bajo el número 34.  Nuestro registro se vence en julio de 2014.  Estoy tratando de renovar (actualizar) el registro por otros dos años, pero hay un nuevo sistema para hacer esto.  El sistema exige \"credenciales\", que aparentemente consisten en una contraseña.  Yo no tengo esta contraseña, ya que ésta no fue exigida bajo el sistema viejo de registro.  Su website indica que la contraseña fue enviada al representante legal de la colección (el Rector de Univalle), pero la secretaria del Rector me dijo hoy que ellos no tienen ninguna información sobre una contraseña.\r\n\r\nMuy comedidamente solicito que ustedes envíen la contraseña al Rector (rector@correounivalle.edu.co, y la secretaria del Rector me la enviará, para que yo pueda actualizar el registro del Herbario CUVC (número 34).  Gracias.\r\n\r\nAtentamente,\r\n\r\nPhilip A. Silverstone-Sopkin, Ph.D.\r\nDirector, Herbario CUVC \"Luis Sigifredo Espinal-Tascón\"\r\nProfesor Titular, Departamento de Biología\r\nUniversidad del Valle',NULL,NULL,NULL,0,'2014-06-12 15:57:10',173,93,NULL);
/*!40000 ALTER TABLE `pqrs` ENABLE KEYS */;
UNLOCK TABLES;

--
-- Table structure for table `registros`
--

DROP TABLE IF EXISTS `registros`;
/*!40101 SET @saved_cs_client     = @@character_set_client */;
/*!40101 SET character_set_client = utf8 */;
CREATE TABLE `registros` (
  `id` int(11) NOT NULL AUTO_INCREMENT,
  `Entidad_id` int(11) NOT NULL,
  `numero_registro` int(11) NOT NULL,
  `fecha_dil` datetime DEFAULT NULL,
  `fecha_prox` datetime DEFAULT NULL,
  `estado` int(11) NOT NULL DEFAULT '0',
  `tipo_coleccion_id` int(11) NOT NULL,
  PRIMARY KEY (`id`),
  KEY `fk_Registros_Entidad1_idx` (`Entidad_id`),
  KEY `fk_registros_tipo_coleccion1_idx` (`tipo_coleccion_id`),
  CONSTRAINT `fk_Registros_Entidad1` FOREIGN KEY (`Entidad_id`) REFERENCES `entidad` (`id`) ON DELETE NO ACTION ON UPDATE NO ACTION,
  CONSTRAINT `fk_registros_tipo_coleccion1` FOREIGN KEY (`tipo_coleccion_id`) REFERENCES `tipo_coleccion` (`id`) ON DELETE NO ACTION ON UPDATE NO ACTION
) ENGINE=InnoDB AUTO_INCREMENT=259 DEFAULT CHARSET=utf8;
/*!40101 SET character_set_client = @saved_cs_client */;

--
-- Dumping data for table `registros`
--

LOCK TABLES `registros` WRITE;
/*!40000 ALTER TABLE `registros` DISABLE KEYS */;
INSERT INTO `registros` VALUES (8,98,133,'2002-08-12 00:00:00','2016-04-02 05:43:58',1,1),(9,98,187,'2010-04-15 00:00:00','2016-04-02 05:27:59',1,1),(10,103,182,'2010-08-12 00:00:00','2016-04-20 06:00:16',1,1),(11,95,20,'2001-08-10 00:00:00','2016-04-20 05:57:49',1,1),(12,137,3,'2001-03-28 00:00:00','2016-04-09 05:18:38',1,1),(13,137,4,'2001-03-28 00:00:00','2016-04-09 05:19:58',1,1),(14,137,170,'2009-11-27 00:00:00','2016-04-09 05:28:22',1,1),(15,137,171,'2009-11-27 00:00:00','2016-04-09 05:21:04',1,1),(16,136,5,'2001-04-18 00:00:00','2016-04-09 05:29:46',1,1),(17,136,6,'2001-05-11 00:00:00','2016-03-20 04:35:28',1,1),(18,136,7,'2001-05-15 00:00:00','2016-03-20 04:32:09',1,1),(19,136,8,'2001-05-15 00:00:00','2016-03-20 04:33:53',1,1),(20,136,16,'2001-10-08 00:00:00','2016-03-20 04:30:44',1,1),(21,136,31,'2001-08-10 00:00:00','2016-03-20 04:29:30',1,1),(22,136,39,'2001-08-10 00:00:00','2016-03-20 04:28:04',1,1),(23,136,70,'2001-08-10 00:00:00','2016-03-20 04:26:48',1,1),(24,136,79,'2001-08-10 00:00:00','2016-03-20 04:25:21',1,1),(25,136,90,'2001-01-14 00:00:00','2016-03-20 04:23:01',1,1),(27,134,1,'2001-03-28 00:00:00','2016-04-09 05:13:46',1,12),(28,134,192,'2011-07-11 00:00:00','2016-04-09 05:14:59',1,1),(29,69,2,'2001-03-28 00:00:00','2016-04-09 05:16:02',1,1),(30,136,122,'2002-02-27 00:00:00','2016-03-20 04:23:55',1,21),(31,136,123,'2002-02-27 00:00:00','2016-03-20 03:45:48',1,1),(32,136,154,'2014-03-11 00:00:00','2016-03-10 05:32:15',1,21),(34,136,165,'2008-08-29 00:00:00','2016-03-20 04:36:55',1,12),(35,136,172,'2010-07-01 00:00:00','2016-03-20 04:38:27',1,21),(36,136,173,'2010-06-18 00:00:00','2016-03-20 04:41:15',1,12),(37,136,174,'2010-06-18 00:00:00','2016-03-20 04:42:35',1,7),(38,136,198,'2012-04-20 00:00:00','2016-03-20 04:44:12',1,7),(39,136,199,'2012-07-04 00:00:00','2016-03-20 04:46:00',1,7),(40,70,65,'2001-08-10 00:00:00','2016-04-20 06:01:58',1,7),(41,72,60,'2001-08-10 00:00:00','2016-04-20 06:03:52',1,7),(42,74,61,'2001-08-10 00:00:00','2016-04-20 06:05:37',1,7),(43,75,85,'2001-09-14 00:00:00','2016-04-20 06:37:31',1,7),(45,147,12,'2001-06-12 00:00:00','2016-04-10 06:19:05',1,7),(46,164,41,'2001-08-10 00:00:00','2016-04-20 07:18:01',1,7),(47,178,42,'2001-08-10 00:00:00','2016-04-20 08:30:02',1,7),(48,168,44,'2001-08-10 00:00:00','2016-04-20 08:32:08',1,7),(49,174,46,'2001-08-10 00:00:00','2016-04-20 06:42:29',1,7),(52,185,48,'2001-08-10 00:00:00','2016-04-20 08:36:40',1,7),(53,112,51,'2001-08-10 00:00:00','2016-04-20 08:38:53',1,7),(54,140,52,'2001-08-10 00:00:00','2016-04-20 08:41:23',1,7),(55,153,73,'2001-08-10 00:00:00','2016-04-09 06:22:22',1,7),(56,184,75,'2001-08-10 00:00:00','2016-04-20 07:04:51',1,7),(57,165,76,'2001-08-10 00:00:00','2016-04-20 06:38:25',1,7),(58,153,80,'2001-08-24 00:00:00','2016-04-09 06:13:47',1,7),(59,173,81,'2001-08-24 00:00:00','2016-04-09 05:46:40',1,7),(60,154,86,'2001-11-01 00:00:00','2016-04-20 06:39:23',1,7),(61,120,107,'2002-02-27 00:00:00','2016-04-20 08:43:39',1,7),(62,149,108,'2002-02-27 00:00:00','2016-04-20 08:54:06',1,7),(63,133,109,'2002-02-27 00:00:00','2016-04-20 08:56:27',1,7),(64,91,110,'2002-02-14 00:00:00','2016-04-20 08:59:51',1,7),(65,150,119,'2002-03-08 00:00:00','2016-04-20 11:48:48',1,7),(66,153,121,'2002-02-27 00:00:00','2016-04-09 06:23:23',1,7),(67,87,124,'2002-05-02 00:00:00','2016-04-20 11:50:18',1,7),(68,116,125,'2002-05-02 00:00:00','2016-04-20 11:52:17',1,7),(69,89,127,'2002-05-02 00:00:00','2016-04-20 11:54:56',1,7),(70,146,134,'2002-08-12 00:00:00','2016-04-20 11:56:26',1,7),(71,166,135,'2002-08-12 00:00:00','2016-04-20 11:59:19',1,7),(72,132,144,'2003-02-04 00:00:00','2016-04-20 12:02:06',1,7),(73,153,149,'2004-01-26 00:00:00','2016-04-09 06:24:49',1,7),(74,159,152,'2004-06-15 00:00:00','2016-04-20 12:05:09',1,7),(75,172,156,'2004-12-13 00:00:00','2016-04-20 06:43:30',1,7),(76,161,158,'2008-02-15 00:00:00','2016-04-20 12:09:34',1,7),(77,170,160,'2008-06-13 00:00:00','2016-04-10 04:48:32',1,7),(78,176,164,'2008-08-29 00:00:00','2016-04-20 12:11:51',1,7),(79,141,184,'2010-11-03 00:00:00','2016-04-20 12:13:36',1,7),(80,128,190,'2011-07-05 00:00:00','2016-04-20 12:15:30',1,7),(81,189,197,'2011-12-12 00:00:00','2016-04-20 06:44:45',1,7),(82,111,201,'2012-05-30 00:00:00','2016-04-20 12:17:42',1,7),(83,139,202,'2012-08-21 00:00:00','2016-04-20 12:20:36',1,7),(84,169,207,'2014-02-21 00:00:00','2016-04-20 12:23:41',1,7),(85,153,27,'2001-08-10 00:00:00','2016-04-09 06:26:43',1,12),(86,153,35,'2001-08-10 00:00:00','2016-04-10 04:17:50',1,7),(87,153,36,'2001-08-10 00:00:00','2016-04-10 04:19:53',1,7),(88,153,37,'2001-08-10 00:00:00','2016-04-10 04:20:45',1,7),(89,153,116,'2002-02-27 00:00:00','2016-04-10 04:22:08',1,7),(90,153,167,'2009-05-26 00:00:00','2016-04-10 04:29:01',1,7),(91,153,168,'2009-08-13 00:00:00','2016-04-10 04:29:49',1,7),(92,173,9,'2001-06-10 00:00:00','2016-04-09 05:33:49',1,7),(93,173,34,'2001-08-10 00:00:00','2016-04-09 05:38:42',1,7),(94,173,77,'2001-08-10 00:00:00','2016-04-09 05:40:38',1,7),(95,173,78,'2001-08-10 00:00:00','2016-04-09 05:43:12',1,7),(96,173,95,'2002-02-27 00:00:00','2016-04-09 05:45:02',1,7),(97,173,96,'2002-02-14 00:00:00','2016-04-09 05:49:05',1,7),(98,173,97,'2002-02-14 00:00:00','2016-04-09 05:50:40',1,7),(99,173,98,'2002-02-27 00:00:00','2016-04-09 05:51:32',1,7),(100,173,99,'2002-02-27 00:00:00','2016-04-09 05:52:20',1,7),(101,173,100,'2002-02-14 00:00:00','2016-04-09 05:53:07',1,7),(102,173,101,'2002-02-27 00:00:00','2016-04-09 05:53:57',1,7),(103,173,102,'2002-02-14 00:00:00','2016-04-09 05:54:56',1,7),(104,173,114,'2002-02-27 00:00:00','2016-04-09 05:55:46',1,7),(105,170,10,'2001-05-15 00:00:00','2016-04-10 04:49:33',1,12),(106,170,94,'2002-02-14 00:00:00','2016-04-10 04:50:31',1,7),(107,170,153,'2004-10-29 00:00:00','2016-04-10 04:52:11',1,7),(108,170,162,'2008-08-26 00:00:00','2016-04-10 04:53:27',1,7),(109,147,11,'2001-06-12 00:00:00','2016-04-10 06:15:06',1,12),(110,147,146,'2004-01-06 00:00:00','2016-04-10 06:16:08',1,7),(111,147,148,'2003-12-12 00:00:00','2016-04-10 06:17:00',1,7),(112,130,15,'2001-08-10 00:00:00','2016-04-10 06:43:32',1,12),(113,130,137,'2002-08-12 00:00:00','2016-04-20 06:41:34',1,7),(114,163,17,'2001-08-10 00:00:00','2016-04-20 06:45:36',1,12),(115,165,18,'2001-08-10 00:00:00','2016-04-20 06:46:59',1,12),(116,172,19,'2001-08-10 00:00:00','2016-04-20 06:49:13',1,12),(117,172,38,'2001-08-01 00:00:00','2016-04-20 06:50:07',1,7),(118,172,112,'2002-02-27 00:00:00','2016-04-20 06:51:29',1,7),(119,143,21,'2001-08-10 00:00:00','2016-04-20 06:52:14',1,12),(120,143,130,'2002-02-27 00:00:00','2016-04-20 06:53:09',1,7),(121,157,22,'2001-08-10 00:00:00','2016-04-20 06:55:00',1,12),(122,189,23,'2001-08-10 00:00:00','2016-04-20 06:53:58',1,12),(123,189,195,'2011-10-31 00:00:00','2016-04-20 06:55:59',1,7),(124,189,196,'2011-11-15 00:00:00','2016-05-13 09:35:25',1,7),(125,187,24,'2001-08-10 00:00:00','2016-04-20 06:57:37',1,12),(126,174,25,'2001-08-10 00:00:00','2016-04-20 06:58:22',1,12),(127,174,45,'2001-08-10 00:00:00','2016-04-20 06:59:01',1,7),(128,174,166,'2008-09-23 00:00:00','2016-04-20 06:59:44',1,7),(129,184,26,'2001-08-10 00:00:00','2016-04-20 07:04:11',1,12),(130,154,28,'2001-08-01 00:00:00','2016-04-20 07:01:03',1,12),(131,154,105,'2002-02-27 00:00:00','2016-04-20 07:01:52',1,7),(132,154,188,'2011-06-28 00:00:00','2016-04-20 07:02:36',1,7),(133,154,206,'2013-10-02 00:00:00','2016-04-20 07:03:15',1,7),(134,101,29,'2001-08-10 00:00:00','2016-04-20 12:27:55',1,12),(135,101,103,'2002-05-02 00:00:00','2016-04-20 12:28:34',1,12),(136,101,186,'2011-04-07 00:00:00','2016-04-20 12:29:11',1,7),(137,178,30,'2001-08-10 00:00:00','2016-04-20 08:33:54',1,12),(138,169,32,'2001-08-10 00:00:00','2016-04-20 12:25:27',1,12),(139,169,205,'2013-07-10 00:00:00','2016-04-20 12:24:14',1,7),(140,121,33,'2001-08-10 00:00:00','2016-04-20 12:31:36',1,12),(141,121,120,'2002-02-27 00:00:00','2016-04-20 12:32:15',1,7),(142,152,43,'2001-08-10 00:00:00','2016-04-20 12:35:14',1,12),(143,152,161,'2008-06-13 00:00:00','2016-04-20 12:35:55',1,7),(144,152,194,'2011-09-16 00:00:00','2016-04-20 12:36:50',1,12),(145,164,40,'2001-08-10 00:00:00','2016-04-20 07:18:49',1,12),(146,173,47,'2001-08-10 00:00:00','2016-04-09 05:41:52',1,7),(147,185,49,'2001-08-10 00:00:00','2016-04-20 08:37:25',1,7),(148,129,50,'2001-08-10 00:00:00','2016-04-20 12:39:55',1,7),(149,129,183,'2010-11-03 00:00:00','2016-04-20 12:40:55',1,7),(150,110,53,'2001-08-10 00:00:00','2016-04-20 07:13:04',1,7),(151,110,54,'2001-10-08 00:00:00','2016-04-20 07:13:49',1,7),(152,110,55,'2001-08-10 00:00:00','2016-04-20 07:14:26',1,7),(153,110,115,'2002-02-27 00:00:00','2016-04-20 07:15:05',1,7),(156,139,56,'2001-08-10 00:00:00','2016-04-20 12:21:18',1,7),(157,104,57,'2001-08-10 00:00:00','2016-04-20 12:43:08',1,7),(158,104,128,'2002-08-12 00:00:00','2016-04-20 12:43:48',1,7),(159,104,129,'2002-08-13 00:00:00','2016-04-20 12:44:22',1,7),(160,115,58,'2001-08-10 00:00:00','2016-04-20 12:48:56',1,7),(161,115,93,'2002-02-14 00:00:00','2016-04-20 12:49:39',1,7),(162,85,59,'2001-08-10 00:00:00','2016-04-20 12:52:10',1,7),(163,77,62,'2001-08-10 00:00:00','2016-04-20 12:53:45',1,7),(164,88,63,'2001-08-10 00:00:00','2016-04-20 12:55:19',1,7),(165,79,64,'2001-08-10 00:00:00','2016-04-20 12:57:18',1,7),(166,80,67,'2001-08-10 00:00:00','2016-04-20 13:17:51',1,7),(167,119,13,'2001-08-10 00:00:00','2016-04-20 12:59:58',1,12),(169,124,69,'2001-08-10 00:00:00','2016-04-20 13:20:12',1,12),(170,124,126,'2002-05-10 00:00:00','2016-04-20 13:20:50',1,7),(171,107,71,'2001-08-10 00:00:00','2016-04-20 13:22:19',1,7),(172,140,72,'2001-08-10 00:00:00','2016-04-20 13:24:32',1,12),(173,140,106,'2002-02-27 00:00:00','2016-04-20 13:25:10',1,7),(174,138,82,'2001-08-27 00:00:00','2016-04-20 13:26:50',1,7),(175,166,83,'2001-08-27 00:00:00','2016-04-20 12:00:04',1,12),(176,83,84,'2001-09-04 00:00:00','2016-04-20 13:28:50',1,7),(177,84,87,'2001-11-01 00:00:00','2016-05-04 05:29:30',1,7),(178,81,89,'2001-11-15 00:00:00','2016-05-04 05:31:17',1,7),(179,131,91,'2002-02-14 00:00:00','2016-05-04 05:32:52',1,7),(180,108,92,'2001-02-14 00:00:00','2016-05-04 05:34:25',1,7),(181,118,104,'2002-02-14 00:00:00','2016-05-04 05:37:39',1,7),(182,118,175,'2010-06-17 00:00:00','2016-05-04 05:38:39',1,7),(183,122,111,'2002-02-27 00:00:00','2016-05-04 05:40:22',1,12),(184,102,113,'2002-02-14 00:00:00','2016-05-04 06:03:30',1,12),(185,99,117,'2002-02-27 00:00:00','2016-05-06 04:18:51',1,12),(186,113,118,'2002-02-27 00:00:00','2016-05-06 04:21:23',1,7),(187,161,131,'2002-02-27 00:00:00','2016-05-06 04:25:18',1,7),(188,161,178,'2010-07-28 00:00:00','2016-05-06 04:26:04',1,12),(189,161,179,'2010-07-28 00:00:00','2016-05-06 04:26:51',1,7),(190,161,180,'2010-07-28 00:00:00','2016-05-06 04:27:48',1,7),(191,161,181,'2010-07-27 00:00:00','2016-05-06 04:28:31',1,7),(192,126,132,'2002-05-02 00:00:00','2016-05-06 04:36:08',1,7),(193,93,138,'2003-01-28 00:00:00','2016-05-06 04:38:21',1,7),(194,188,139,'2003-10-03 00:00:00','2016-05-06 04:41:53',1,7),(195,105,140,'2003-01-28 00:00:00','2016-05-06 04:43:26',1,7),(196,106,88,'2001-11-09 00:00:00','2016-05-06 04:45:06',1,7),(199,160,185,'2011-02-07 00:00:00','2016-05-05 06:45:41',1,7),(200,123,136,'2003-01-28 00:00:00','2016-05-06 04:46:14',1,7),(201,123,176,'2010-06-30 00:00:00','2016-05-06 04:47:12',1,7),(202,179,141,'2003-01-28 00:00:00','2016-05-06 04:49:24',1,12),(203,179,142,'2003-01-28 00:00:00','2016-05-06 04:50:06',1,7),(204,179,143,'2003-01-28 00:00:00','2016-05-06 04:50:51',1,7),(205,117,145,'2003-03-13 00:00:00','2016-05-06 04:52:33',1,7),(206,92,147,'2003-12-15 00:00:00','2016-05-06 04:54:08',1,7),(207,100,150,'2004-02-04 00:00:00','2016-05-06 04:56:04',1,12),(208,109,151,'2004-02-02 00:00:00','2016-05-06 04:57:29',1,7),(209,168,155,'2004-12-13 00:00:00','2016-05-06 04:59:00',1,12),(210,127,157,'2005-06-27 00:00:00','2016-05-06 05:00:40',1,7),(211,76,159,'2008-06-13 00:00:00','2016-05-06 05:03:09',1,7),(212,176,163,'2008-08-29 00:00:00','2016-05-06 05:04:20',1,12),(213,82,169,'2009-10-28 00:00:00','2016-05-06 05:06:16',1,7),(214,135,177,'2010-07-30 00:00:00','2016-05-06 05:07:46',1,7),(215,90,189,'2011-07-05 00:00:00','2016-05-07 04:18:19',1,7),(216,175,191,'2011-07-05 00:00:00','2016-05-07 04:31:39',1,7),(217,177,193,'2011-07-21 00:00:00','2016-05-07 04:29:58',1,12),(218,114,200,'2012-07-12 00:00:00','2016-05-07 04:28:34',1,7),(219,159,203,'2013-01-31 00:00:00','2016-05-07 04:27:09',1,12),(220,151,204,'2013-05-30 00:00:00','2016-05-07 04:24:47',1,7),(221,104,14,'2001-08-10 00:00:00','2016-05-07 04:26:04',1,12),(222,71,66,'2001-08-10 00:00:00','2016-05-07 04:23:14',1,7),(223,119,68,'2001-08-10 00:00:00','2016-05-07 04:21:47',1,7),(224,152,74,'2001-08-10 00:00:00','2016-05-13 04:15:46',1,7),(225,191,0,'0000-00-00 00:00:00','2016-05-08 09:56:42',1,7),(230,95,0,'0000-00-00 00:00:00',NULL,0,7),(253,177,0,NULL,NULL,0,20),(258,189,0,NULL,NULL,0,16);
/*!40000 ALTER TABLE `registros` ENABLE KEYS */;
UNLOCK TABLES;

--
-- Table structure for table `registros_update`
--

DROP TABLE IF EXISTS `registros_update`;
/*!40101 SET @saved_cs_client     = @@character_set_client */;
/*!40101 SET character_set_client = utf8 */;
CREATE TABLE `registros_update` (
  `id` int(11) NOT NULL AUTO_INCREMENT,
  `fecha_act` datetime NOT NULL,
  `fecha_rev` datetime DEFAULT NULL,
  `nombre` varchar(150) NOT NULL,
  `acronimo` varchar(45) DEFAULT NULL,
  `fecha_fund` int(11) DEFAULT NULL,
  `descripcion` text,
  `direccion` varchar(150) DEFAULT NULL,
  `departamento_id` varchar(150) DEFAULT '0',
  `ciudad_id` varchar(150) DEFAULT '0',
  `telefono` varchar(150) DEFAULT NULL,
  `email` varchar(45) DEFAULT NULL,
  `cobertura_tax` varchar(200) DEFAULT NULL,
  `cobertura_geog` varchar(200) DEFAULT NULL,
  `cobertura_temp` varchar(200) DEFAULT NULL,
  `listado_anexos` text,
  `info_adicional` text,
  `pagina_web` varchar(150) DEFAULT NULL,
  `redes_social` text,
  `comentario_obv` text,
  `estado` smallint(6) DEFAULT '1',
  `comentario` text,
  `registro_id` int(11) DEFAULT '0',
  `tamano_coleccion_total` int(11) DEFAULT '0',
  `tipo_coleccion_total` int(11) DEFAULT '0',
  `terminos` smallint(6) DEFAULT NULL,
  `deorreferenciados` float DEFAULT NULL,
  `ejemplar_tipo` smallint(6) DEFAULT NULL,
  `ej_tipo_cantidad` int(11) DEFAULT NULL,
  `sistematizacion` text,
  `aprobado` int(11) DEFAULT '1',
  `contactos_id` int(11) NOT NULL,
  `dilegenciadores_id` int(11) NOT NULL,
  `registros_id` int(11) NOT NULL,
  PRIMARY KEY (`id`),
  KEY `fk_Registros_update_contactos1_idx` (`contactos_id`),
  KEY `fk_Registros_update_dilegenciadores1_idx` (`dilegenciadores_id`),
  KEY `fk_Registros_update_registros1_idx` (`registros_id`),
  CONSTRAINT `fk_Registros_update_contactos1` FOREIGN KEY (`contactos_id`) REFERENCES `contactos` (`id`) ON DELETE NO ACTION ON UPDATE NO ACTION,
  CONSTRAINT `fk_Registros_update_dilegenciadores1` FOREIGN KEY (`dilegenciadores_id`) REFERENCES `dilegenciadores` (`id`) ON DELETE NO ACTION ON UPDATE NO ACTION,
  CONSTRAINT `fk_Registros_update_registros1` FOREIGN KEY (`registros_id`) REFERENCES `registros` (`id`) ON DELETE NO ACTION ON UPDATE NO ACTION
) ENGINE=InnoDB AUTO_INCREMENT=419 DEFAULT CHARSET=utf8;
/*!40101 SET character_set_client = @saved_cs_client */;

--
-- Dumping data for table `registros_update`
--

LOCK TABLES `registros_update` WRITE;
/*!40000 ALTER TABLE `registros_update` DISABLE KEYS */;
INSERT INTO `registros_update` VALUES (9,'2013-12-20 00:00:00','2014-04-03 10:43:58','Colecciones Zoológicas - Museo de la Salle- Bogotá ','MLS',1904,'SD','Universidad de la Salle - Sede Candelaria, Carrera 2 No. 10-70','0','11001','3535360 Ext. 2209 -2214','museo@lasalle.edu.co','SD','SD','SD','Formulario de actualización \r\nCertificado de existencia y representación legal \r\nFotocopia Cedula Ciudania \r\nListado Ejemplares\r\nCertificado deposito, prestamo, intercambio','SD','SD',NULL,NULL,2,'',0,0,0,1,0,NULL,NULL,'El proceso de sistematización e integración de datos se llevó a cabo como primera media en Excel, posteriormente las consultas se realizan sobre la base de datos MySQL del servidor Specify, usando herramientas como Acces y lebguaje SQL, Publicaciones ITP (SIB)',0,9,75,8),(10,'2013-12-18 00:00:00','2014-04-03 10:27:59','Herbario Museo de la Salle - Bogotá ','BOG',1913,'SD','Universidad de la Salle - Sede Candelaria, Carrera 2 No. 10-70','0','11001','3535360 Ext. 2209 -2214','museo@lasalle.edu.co','SD','SD','SD','Formulario de actualización \r\nCertificado de existencia y representación legal \r\nFotocopia Cedula de Ciudadnia\r\nConstancia de deposito, permiso, intercambio \r\nListado ejemplares','SD','SD',NULL,NULL,2,'\r\n',0,0,0,1,0,NULL,NULL,'El proceso de sistematización e integración de datos se llevó a cabo como primera media en Excel, posteriormente las consultas se realizan sobre la base de datos MySQL del servidor Specify, Usando herramientas como Access y lenguaje SQL, donde actualmente residen todos los registros de la colección',0,10,76,9),(14,'2014-02-19 00:00:00','2014-04-21 11:00:16','Colección de Microorganismos Asociados a la Palma de Aceite ','MPA-CENIPALMA',2010,'SD','Cll 21 No. 42-55, Barrio Quinta Paredes, Bogotá D.C; Centro Experimental Palmar de la Vizcaína, kilómetro 32 de la troncal del Magadalena Medio, del t','0','11001','2088660','halvarado@cenipalma.org','SD','SD','SD','SIN ANEXOS','SD','SD',NULL,NULL,2,'\r\n',0,0,0,1,0,NULL,NULL,'La información derivada de las cepas depositadas en la colección (fecha de colecta, colector, lugar de colecta, hospedero, determinación final), es uso de los investigadores asociados a CENIPALMA o de investigadores externos al centro de investigación que hayan solicitado autorización del curador de la colección. La información se encuentra sistematizada en un 95% en una base de datos de excel.',0,14,81,10),(15,'2005-11-18 00:00:00','2014-04-21 10:57:49','Herbario CIAT','CIAT',1978,'SD','Km. 17 Carretera Cali - Palmira','0','76001','4450100 Ext. 3661','a.m.torres@cgiar.org','SD','SD','SD','Formulario de actualización \r\nFormato envio de ejemplares,deposito\r\nFotocopia Cedula','SD','SD',NULL,NULL,2,'',0,0,0,1,0,NULL,NULL,'Base de datos ORACLE, 98% de la colección sistematizada',0,15,82,11),(16,'2013-09-04 00:00:00','2014-04-10 10:18:38','Instituto Alexander von Humboldr','IAvH',1969,'SD','Claustro San Agustín Villa de Leyva ','CO-BOY','15104','7320791','coleccionesbiologicas@humboldt.org.co','SD','SD','SD','Fomulario de actualización \r\nCertificado de existencia y representación legal \r\nFotocopia Cedula \r\nPermisos de obtencion \r\nFormatos, deposito, prestamos, intercambio especimenes \r\nListado de ejemplares tipo de la colección','SD','SD',NULL,NULL,2,'\r\n',0,0,0,1,0,NULL,NULL,'La información de las colecciones está sistematizada de acuerdo con el grupo biológico en un 43.09% en la plataforma de sistematización para colecciones Specify 6. \r\nSe puede tener acceso a la información publicada, consultando la página http://data.sibcolombia.net/inicio.htm o realizando una solicitud al correo de colecciones biológicas coleccionesbiologicas@humbodlt.org.co',0,16,83,12),(17,'2012-06-25 00:00:00','2014-04-10 10:19:58','Herbario Federico Meden Bogotá ','FMB ',1969,'SD','Claustro San Agustín Villa de Leyva ','0','15104','7320791','coleccionesbiologicas@humboldt.org.co','SD','SD','SD','Formulario de actualización \r\nListado Ejemplares\r\nFormato deposito, intercambio, prestamo','SD','SD',NULL,NULL,2,'',0,0,0,1,0,NULL,NULL,'La información del Herbario está sistematizada en bases de datos y sistematizada en un 95% en Specify. Se puede tener acceso a la información consultando al correo de colecciones biológicas coleccionbiologicas@humboldt.org.co o a tráves del portal SIB http://www.siac.net.co',0,17,84,13),(18,'2013-11-22 00:00:00','2014-04-10 10:28:22','Colección de Tejidos del Instituto Alexander von Humboldt','IAvH-CT',1998,'SD','Km 17 Recta Cali- Palmira, Parque Cientifíco CIAT','0','76520','4450174','colecciontejidos@humboldt.org.co','SD','SD','SD','Formulario de actualización \r\nCertificado de existencia y representación legal \r\nCopia Cedula \r\nFormato prestamo, deposito, intercambio\r\n','SD','SD',NULL,NULL,2,'',0,0,0,1,85,NULL,NULL,'La base de datos de la colección se maneja temporalmente en Excel, sin embargo, se encuentra en proceso de prueba de plataformas compatibles con MySQL para el manejo y sistematización de datos especiales para manejo de colecciones de tejidos y ADN. del total de 13331 muestras ingresadas a la colección , 95.5% estan identificadas a nivel de género y 83. 65% a nivel de especie. A nivel de georeferenciación, el 85% de las muestras tiene coordenadas asociadas, y sólo el 4.42% del total de las muestras no tienen coordenadas ni localidad descrita. Por último, el 86.3% de todas  las muestras está etiquetado con un código de barras que mediante un lector permirte acceder a la información asociada al tejido de manera rápida y eficiente',0,18,85,14),(19,'2013-11-22 00:00:00','2014-04-10 10:21:04','Colección Oológica C.J Marinkelle','CJM',2011,'SD','Claustro San Agustín Villa de Leyva ','0','15104','7320791','coleccionesbiologicas@humboldt.org.co','SD','SD','SD','Formulario de actualización ','SD','SD',NULL,NULL,2,'',0,0,0,1,0,NULL,NULL,'La colección a la fecha no se encuentra catalogada, ni sistematizada ( se tiene dificultad debido a que las etiquetas se encuentran en diferentes idiomas). Se adjunta listado de excel de los géneros de aves de los que hay representantes de nidadas en la colección. Para tener información diferente a los géneros se puede tener acceso visitando la colección en Villa de Leyva',0,19,86,15),(20,'2010-09-07 00:00:00','2014-04-10 10:29:46','Zoologia','ICN-MHN',1936,'SD','Universidad Nacional de Colombia - Instituto de Ciencias Naturales - Cra 30 No. 45-03 Ciudad Universitaria, Edificio 425, Entrada Calle 53 Oficina 204','0','11001','316500','coleczoo_fcbog@unal.edu.co','SD','SD','SD','Formulario de actualización \r\nCertificado de representación y existencia legal \r\nFotocopia cedula \r\nListado Ejemplares','SD','SD',NULL,NULL,2,'',0,0,0,1,0,NULL,NULL,'Reptiles 149 (0.4%), Mamíferos 18.850 ( 90%), Anfibios 52.211, Peces 7.046, Insectos 2688, Invertebrados 1689|',0,20,87,16),(21,'2012-10-22 00:00:00','2014-03-21 09:35:28','Herbario Nacional Colombiano ','COL',1929,'SD','Universidad Nacional de Colombia - Instituto de Ciencias Naturales - Cra 30 No. 45-03 Ciudad Universitaria, Edificio 425, Entrada Calle 53 Oficina 204','0','11001','3165000 Ext. 11503-11538','herbacol_fcbog@unal.edu.co','SD','SD','SD','Formulario de actualización \r\nCertificado de existencia y representación legal \r\nFotocopia Cedula \r\nFormato deposito,prestamo e intercambio\r\nPermisos de acreditación','SD','www.biovirtual.unal.edu.co',NULL,NULL,2,'',0,0,0,1,0,NULL,NULL,'Programa de informatica de la Biodiversidad, Plantas 389.255 en base de datos, Aproximadamente el 70% total de las plantas existentes',0,21,88,17),(22,'2010-03-29 00:00:00','2014-03-21 09:32:09','Museo Micológico','MMUNM',1987,'SD','Calle 59 A No. 63-20, Medellín, Bloque 11 Sala 122','0','05001','4309805','masalazay@unal.edu.co','SD','SD','SD','Formulario de actualización \r\nCertificado de existencia y representación legal \r\nFotocopia cedula \r\nListado publicaciones \r\nFormato deposito e intercambio\r\nListado de ejemplares','SD','SD',NULL,NULL,2,'',0,0,0,1,0,NULL,NULL,'80% de la información sistematizada en Microsoft Excel',0,22,89,18),(23,'2012-10-30 00:00:00','2014-03-21 09:33:53','Museo Entomológico \"Francisco Luis Gallego ','MEFLG',1937,'SD','Calle 59 A No. 63-20, Medellín, Bloque 11-207','0','05001','4309830','mentomol_med@unal.edu.co','SD','SD','SD','Formulario de actualización \r\nListado publicaciones, eventos, canjes,presentaciones de tesis, servicios prestados ,visitas realizadas y donaciones\r\nCertificado de existencia y representación legal ','SD','SD',NULL,NULL,2,'',0,0,0,1,0,NULL,NULL,'Specify 20%',0,23,90,19),(24,'2008-10-27 00:00:00','2014-03-21 09:30:44','Herbario Gabriel Gutiérrez Villegas','MEDEL',1927,'SD','Calle 59 A No. 63-20, Medellín, Bloque 11 Oficina 118','0','05001','4309348','herbario@unalmed.edu.co','SD','SD','SD','Formulario de actualización \r\nCertificación de existencia y representación legal \r\nFotocopia cedula ','SD','SD',NULL,NULL,2,'',0,0,0,1,0,NULL,NULL,'50% Sistematizado bajo el programa \"Fichas\" (plataforma Foxpro 4.0) descontinuado. Base de datos desde hace 5 años construida bajo el sofware BRAHMS (Botanical Research and Herbarium Management System), Departament of Plant Sciencies, University of Oxford; en la actualidad con 5000 registros. Datos bajo software \"Fichas\" en depuración para su migración a BRAHMS',0,24,91,20),(25,'2003-10-03 00:00:00','2014-03-21 09:29:30','Herbario \"Jose Cuatrecasas Arumi\"','VALLE',1936,'SD','Cra 32 Chapinero vía Candelaria ','0','76520','2717000','leforerop@palmira.unal.edu.co','SD','SD','SD','Formulario de actualización \r\nCertificado de existencia y representación legal ','SD','SD',NULL,NULL,2,'',0,0,0,1,0,NULL,NULL,'Access 100%',0,25,92,21),(26,'2008-09-09 00:00:00','2014-03-21 09:28:04','Laboratorio de Investigaciones en Abejas ','LABUN',1976,'SD','Departamente de Biología, Universidad Nacional de Colombia, Sede Bogotá. Cra 30 No. 45 -03','0','11001','3165000 Ext. 11335','mgnatesp@unal.edu.co','SD','SD','SD','Formulario de actualización, listado de ejemplares','SD','SD',NULL,NULL,2,'',0,0,0,1,0,NULL,NULL,'Excel, Specify (50%)',0,26,93,22),(27,'2008-04-30 00:00:00','2014-03-21 09:26:48','Colección Entomologia Universidad Nacional de Colombia Sede Palmira ','CEUNP',1936,'SD','Universidad Nacional de Colombia - Sede Palmira - Facultad de Ciencias Agropecuarias','0','76520','2717000 Ext. 35356','entomologia@palmira.unal.edu.co','SD','SD','SD','Formulario de actualización, Certificado de existencia y representación legal ','SD','SD',NULL,NULL,2,'',0,0,0,1,0,NULL,NULL,'Acces 100%',0,27,94,23),(28,'2010-10-06 00:00:00','2014-03-21 09:25:21','Museo Entomológico Facultad de Agronomía ','UNAB',2001,'SD','Facultad de Agronomía, edificio 500, Museo UNAB, Laboratorio 220, Universidad Nacional de Colombia ','0','11001','3165000 Ext. 19008 - 19057','fjserna@unal.edu.co','SD','SD','SD','Formulario de actualización, certificado de existencia y representación legal','SD','SD',NULL,NULL,2,'',0,0,0,1,0,NULL,NULL,'El 15% de la colección esta sistematizada en excel',0,28,95,24),(29,'2009-03-25 00:00:00','2014-03-21 09:23:01','Banco de Cepas y Genes - Instituto de Biotecnología Universidad Nacional de Colombia ','IBUN',1989,'SD','Instituto de Biotecnología','0','11001','3165000 Ext 16951','mgnatesp@unal.edu.co','SD','SD','SD','Formulario de actualización, certificado de existencia y representación legal, fotocopia cedula','SD','SD',NULL,NULL,2,'',0,0,0,1,0,NULL,NULL,'Base Cepario ibun.mdb',0,29,96,25),(31,'2013-11-06 00:00:00','2014-04-10 10:13:46','Herbario Amazonico Colombiano','COAH',1983,'SD','Calle 20 No. 5-44','CO-DC','11001','4442060 - 4442087','herbario@sinchi.org.co','SD','SD','SD','Formulario de actualización, listado de familias, resumen de la colección, copia cedula representante legal, certificado de existencia y representaciíon legal ','SD','www.sinchi.org.co/herbariov',NULL,NULL,2,'',0,0,0,1,0,0,0,'Base de datos alfanumérica relacional en Access 2003, base de datos espacial en ArcGis 9.2 e información bibliografíca bajo base de datos MySql. Base de datos desarrollada en MySQL y php, para consulta en linea a tráves del vinculo www.sinchi.org.co/herbariov. El 100% de la colección se encuentra sistematizada ',0,31,98,27),(32,'2013-11-06 00:00:00','2014-04-10 10:14:59','Colección Ictiológica de la Amazonía Colombiana ','CIACOL',2005,'SD','Avenida Vásquez Cobo, entre calles 15 y 16 ','CO-AMA','91001','5925481 - 5928171','sinchi@sinchi.org.co','SD','SD','SD','Formulario de actualización, listado de familias, resumen de la colección, certificado de existencia y representación legal y copia cedula representante legal.','','',NULL,NULL,2,'',0,0,0,1,0,0,0,'Información sobre localidades de colecta (parámetros físicos y químicos, descripciones de habitat), artes de pesca empleadas, horarios de pesca, colectores, determinadores, diagnosis de identificación, fichas catalográficas de especies, imágenes, datos merísticos y morfométricos y bibliografía, es administrada mediante un aplicativo en Access al cual se ha migrado el 60% de la información total ',0,32,99,28),(33,'2009-08-13 00:00:00','2014-04-10 10:16:02',' Colección Alejandro Lopera','CAL',1995,'SD','Carrera 13 No. 106 A - 67 Apto 302','CO-DC','11001','4747428','alejandro.lopera@gmail.com','SD','SD','SD','Formulario de actualización, ','SD','SD',NULL,NULL,2,'',0,0,0,1,0,0,0,'Todos los ejemplares catalogados estan incluidos en una base de datos de Excel por medio de tablas dinamicas',0,33,100,29),(34,'2004-03-11 00:00:00','2014-03-21 09:23:55','Arboretum y Palmetum Universidad Nacional Sede Medellín ','AP-UNM',2002,'SD','Calle 59 A No. 63 - 20','CO-ANT','05001','4309094','hlmorales@unal.med.edu.co','SD','SD','SD','Formulario de actualización, listado de especies y certificado de existencia y representación legal ','SD','SD',NULL,NULL,2,'',0,0,0,1,0,0,0,'Mapa con localización de todos los individuos y CD con fotografias y descripción taxonómica de cada uno de ellos.',0,34,101,30),(35,'2012-10-30 00:00:00','2014-03-21 08:45:48','Xiloteca','X-UNCM',1975,'SD','Cra 64 No. 63 - 120, Núcleo del Río, bloque 3, Laboratorio de Anatomia de la Madera ','CO-ANT','05001','4309168 - 4309165','amvasque@unal.edu.co','SD','SD','SD','Formulario de actualización, certificado de existencia y representación legal y lista de especimenes','SD','SD',NULL,NULL,2,'',0,0,0,1,0,0,0,'La información se encuentra en un 100% sistematizada',0,35,102,31),(36,'2014-02-25 09:45:04','2014-03-11 09:46:34','Colección Zoológica Viva Estación de Biología Tropical \"Roberto Franco\" ','CEBTRF',1970,'SD','Carrera 33 No. 33 - 76, Estación de Biología Tropical \"Roberto Franco\", barrio porvenir ','CO-MET','50001','6631167','esbitrorf_fcbog@unal.edu.co','SD','SD','SD','Formulario de actualización, Inventario de la colección, Certificado de existencia y representación legal, Permisos de adquisición, documentación translados temporales y documentos trámites de acceso a recursos genéticos','SD','SD',NULL,NULL,4,'',0,0,0,1,0,0,0,'Tracker de Brand Id (Incluye sistema de identificación electrónica, 80% ce la colección sistematizada)',0,36,103,32),(38,'2008-08-29 00:00:00','2014-03-21 09:36:55','Herbario Facultad de Agronomía ','HFAB',1968,'SD','Carrera 30 No. 45 - 03, Edificio 500, piso 2 - Facultad de Agronomía, Universidad Nacional de Colombia','CO-DC','11001','3165000 Ext. 19056 - 18020','mgandradec@unal.edu.co','SD','SD','SD','Formulario de actualización, certificado de existencia y representación legal, fotocopia cedula de ciudadania, inventario de la colección \r\n','SD','SD',NULL,NULL,2,'',0,0,0,1,0,0,0,'Excel 20%',0,39,111,34),(44,'0000-00-00 00:00:00','2014-03-11 10:32:15','Colección Zoológica Viva Estación de Biología Tropical \"Roberto Franco\" ','CEBTRF',1970,'SD','Carrera 33 No. 33 - 76, Estación de Biología Tropical \"Roberto Franco\", barrio porvenir ','CO-MET','50001','6631167','esbitrorf_fcbog@unal.edu.co','SD','SD','SD','Formulario de actualización, Inventario de la colección, Certificado de existencia y representación legal, Permisos de adquisición, documentación translados temporales y documentos trámites de acceso a recursos genéticos','SD','SD',NULL,NULL,2,'',0,0,0,1,0,NULL,0,'Tracker de Brand Id (Incluye sistema de identificación electrónica, 80% ce la colección sistematizada)',0,45,117,32),(45,'0000-00-00 00:00:00','2014-03-12 15:39:27','Colección Zoológica Viva Estación de Biología Tropical \"Roberto Franco\" ','CEBTRF',1970,'prueba de actaulización','Carrera 33 No. 33 - 76, Estación de Biología Tropical \"Roberto Franco\", barrio porvenir ','CO-MET','50001','6631167','esbitrorf_fcbog@unal.edu.co','SD','SD','SD','Formulario de actualización, Inventario de la colección, Certificado de existencia y representación legal, Permisos de adquisición, documentación translados temporales y documentos trámites de acceso a recursos genéticos','SD','SD',NULL,NULL,3,'',0,0,0,1,0,NULL,0,'Tracker de Brand Id (Incluye sistema de identificación electrónica, 80% ce la colección sistematizada)',1,46,118,32),(46,'2010-07-01 00:00:00','2014-03-21 09:38:27','Colección Viva del Jardín Botánico de la Universidad Nacional de Colombia - Sede Caribe ','JBSAI-UN',2006,'SD','San Andrés Isla, Sector Harmony Hall Hill, frente al hotel Sol Caribe Campo','CO-SAP','88001','5133602 / 03 /04','pdlowyc@unal.edu.co','SD','SD','SD','Formulario de actualización, certificado de existencia y representación legal, copia cedula representante legal, lista de ejemplares, permisos ','SD','SD',NULL,NULL,2,'',0,0,0,1,0,0,0,'Base de datos BG recorder 2. El 70% de la información está sistematizada. Esta información es confidencial y de manejo interno del Jardín Botánico. Para información adicional, eviar oficioa la dirección del Jardín Botánico ',0,47,119,35),(47,'2010-06-18 00:00:00','2014-03-21 09:41:15','Herbario del Jardín Botánico de San Andres','HJBSAI-UN',2005,'SD','San Andrés Isla, Sector Harmony Hall Hill, frente al hotel Sol Caribe Campo','CO-SAP','88001','5133602 / 03 /04','pdlowyc@unal.edu.co','SD','SD','SD','Formulario de actualización, certificado de existencia y representación legal, copia cedula representante legal, constancia depósito/intercambio, y listado de ejemplares','SD','SD',NULL,NULL,2,'',0,0,0,1,0,0,0,'Base de datos en Excel. Toda la información del Herbario se encuentra en la base de datos y se ha adelantado el 70% de la digitalización de los exicados para subir la información a una página web',0,48,120,36),(48,'2010-06-18 00:00:00','2014-03-21 09:42:35','Colección de Artropofauna del Jardín Botánico de la Isla de San Andrés - Universidad Nacional del Colombia','CAJBSAI-UN',2003,'SD','San Andrés Isla, Sector Harmony Hall Hill, frente al hotel Sol Caribe Campo','CO-SAP','88001','5133602 / 03 /04','pdlowyc@unal.edu.co','SD','SD','SD','Formulario de actualización, certificado de existencia y representación legal, copia cedula representante legal, registro de intercambio, constancia de depósita, permisos de investigación y lista de ejemplares','SD','SD',NULL,NULL,2,'',0,0,0,1,0,0,0,'Base de datos en Excel, 80% de información sistematizada. El acceso es restringido, por tal razón es necesario enviar una solicitud de autorización a Petter Lowy, explicando el motivo de la consulta y la institución a la que pertenece',0,49,121,37),(49,'2012-04-20 00:00:00','2014-03-21 09:44:12','Grupo de investigación relación parásito hospedero: Modelo hemoparásitos aviares','GIRPH',1990,'SD','Carrera 30 No. 45 - 03, piso 2, oficina 21 - Departamento de Biología','CO-DC','11001','3165000 Ext. 13338','nemattac@unal.edu.co','SD','SD','SD','Fomulario de registro, permisos de investigación, copia cedula representante legal colección ','SD','SD',NULL,NULL,2,'',0,0,0,1,0,0,0,'SD',0,50,122,38),(50,'2012-07-04 00:00:00','2014-03-21 09:46:00','Laboratorio de Biomineralogía y Biohidrometalurgia (LBB)','LBB',2012,'SD','Calle 75 No. 79 A-51 Universidad Nacional de Colombia sede Medellín ','CO-ANT','05001','4255148 / 4255248','mmarquez@unal.edu.co','SD','SD','SD','Formulario de actualización, permisos de investigación, certificado de existencia y representación legal y copia cedula representante legal ','SD','SD',NULL,NULL,2,'',0,0,0,1,0,0,0,'Erlenmeyer con medio T&K  y 9K modificado, almacenados en nevera a 4°c',0,51,123,39),(51,'2008-04-24 00:00:00','2014-04-21 11:01:58','Colección Personal Ángela Amarillo ','CPAA',2001,'SD','Calle 46 No. 55 -19','CO-DC','11001','2214131','aamarillo@javeriana.edu.co','SD','SD','SD','Formulario de actualización ','SD','SD',NULL,NULL,2,'',0,0,0,1,0,0,0,'El 30% de la colección se encuentra sistematizada ( lo correspondiente a Saturniidae y Sphingidae principalmente). Esta información se ha empleado para la publicación de artículos en revistas de reconocida importancia en el área de la  Lepidiopteriológia a nivel nacional e internacional  ',0,52,124,40),(52,'2001-08-10 00:00:00','2014-04-21 11:03:52','Ambar Colombiano con Inclusiones','AMBAR-COL',1994,'SD','Calle 75 A No. 19 - 28 ','CO-DC','11001','2175076','cesar_caicedo@yahoo.com','SD','SD','SD','Formulario de actualización y copia cedula propietaria colección ','SD','SD',NULL,NULL,2,'',0,0,0,1,0,0,0,'100% numeración sistematizada - 25% identificación fotográfica',0,53,125,41),(53,'2004-01-26 00:00:00','2014-04-21 11:05:37','Colección de Entomología: Hemíptera acuáticos ','PC',1990,'SD','Carrera 34 B No. 1 A 77','CO-DC','11001','5622177','dnpadilla@udenar.edu.co','SD','SD','SD','Formulario de actualización ','SD','SD',NULL,NULL,2,'',0,0,0,1,0,0,0,'No hay base de datos ',0,54,126,42),(54,'2008-08-26 00:00:00','2014-04-21 11:37:31','La Casa del Insecto','CEH',1993,'SD','Carrera 16 A 6 - 48, Floresta','CO-CAL','17873','8778733','efrain.henao@ucaldas.edu.co','SD','SD','SD','Formulario de actualización y inventario de ejemplares','SD','SD',NULL,NULL,2,'',0,0,0,1,0,0,0,'La base de datos se encuentra en un 60% de desarrollo, con 15 atributos y mas de 3000 ejemplares con datos de procedencia y datos taxómonicos. Su consulta es gratuita previa solicitud escrita al director de la colección o a los curadores',0,55,127,43),(56,'2012-10-29 00:00:00','2014-04-11 11:19:05','Museo Javeriano de Historia Natural ','MPUJ',1993,'SD','Carrera 7 No. 43 - 82, Edificio 53, Laboratorio 108b. Bogotá ','CO-DC','11001','3208320 Ext. 4127 y 4056','maldonadoj@javeriana.edu.co','SD','SD','SD','Formulario de actualización  ','SD','SD',NULL,NULL,2,'',0,0,0,1,0,0,0,'Base de datos Acces y Excel, con 95% de ejemplares catálogados están sistematizados.  ',0,57,130,45),(57,'2010-04-26 00:00:00','2014-04-21 12:18:01','Colección Zoológica ','PSO-Z',1962,'SD','Calle 18 Carrera 50, Ciudad Universitaria Torobajo, Bloque 1','CO-NAR','52001','7311449 Ext. 266 / 7314477','jjcalder@udenar.edu.co','SD','SD','SD','Formulario de actualización ','SD','SD',NULL,NULL,2,'',0,0,0,1,0,0,0,'Base de datos paradox for windows en proceso. 10% de la información en la base de datos. La colección de aves fue sistematizada por integrantes del proyecto BIOMAP, el resto de la información en formato excel. se esta realizando el proceso de migración al programa Specify ',0,58,131,46),(58,'2011-12-14 00:00:00','2014-04-21 13:30:02','Museo de Historia Natural ','UIS',1967,'SD','Calle 27 Carrera 9, Ciudad Universitaria ','CO-SAN','68001','6344000 Ext. 2354','mpramir@uis.edu.co','SD','SD','SD','Formulario de actualización','SD','SD',NULL,NULL,2,'',0,0,0,1,0,0,0,'Colección herpetológica 100% sistematizada en excel,  90% sietmatizada en Specify y disponible en la red (http://ciencias.uis.edu.co/museocolecciones/).Información de la colección ictiológica, 100% sistematizada en excel, 10% sistematizada en Specify, información de la colección entomológica 100%, información de la colección de Invertebrados, información de la colección de limnología (la profesora encargada se jubiló y la recientemente contratada está evaluando el estado de la colección, por lo tanto los datos son los mismos de la última actualización, información de la colección ornitológica y mastozoológica, 100% sistematizada en excel. Se inició la colección de invertebrados no Insectos con la contratación de un nuevo profesor, por lo tanto por ahora son pocos los ejemplares de esta colección',0,59,132,47),(59,'2010-03-29 00:00:00','2014-04-21 13:32:08','Museo de Historia Natural Universidad del Cauca','MHN-UC',1936,'SD','Carrera 2 No. 1 A - 25 ','CO-CAU','19001','8209800 Ext. 2620 -2626','museohisnatural@unicauca.edu.co','SD','SD','SD','Formulario de actualización ','SD','http://museo.unicauca.edu.co ',NULL,NULL,2,'',0,0,0,1,0,0,0,'Excel 100 %, En la página del Museo http://museo.unicauca.edu.co se encuentran disponibles los catálogos que contienen la información de las colecciones de mamíferos, hormigas, anfibios y reptiles.   ',0,60,133,48),(60,'2008-06-13 00:00:00','2014-04-21 11:42:29','Museo de Historia Natural Universidad Distrital ','MUD',1997,'SD','Carrera 4 No. 26 B 54 Mac. B. Edificio Laboratorios de Biología ','CO-DC','11001','3419638 - 3119619','arodriguez@udistrital.edu.co','SD','SD','SD','Formulario de actualización ','SD','SD',NULL,NULL,2,'',0,0,0,1,0,0,0,'Sistematizada en un 70%; se preparan bases de datos para migrar a Specify ',0,61,135,49),(63,'2009-10-28 00:00:00','2014-04-21 13:36:40','Museo de Historia Natural - Universidad Pedagógica Nacional ','MHN-UPN',1989,'SD','Calle 72 No. 11 -86, Casita de Biología ','CO-DC','11001','5941894 - 3471190 Ext. 274','valbuena@pedagogica.edu.co','SD','SD','SD','Formulario de actualización ','SD','SD',NULL,NULL,2,'',0,0,0,1,0,0,0,'The Manager Colection (En implementación)',0,64,139,52),(64,'2013-08-06 00:00:00','2014-04-21 13:38:53','Colección Biológica UDCA','UDCA',1990,'SD','Calle 222  No. 54 -25','CO-DC','11001','6684700','investiga@udca.edu.co','SD','SD','SD','Formulario de actualización','SD','SD',NULL,NULL,2,'',0,0,0,1,0,0,0,'Excel 100 % y access : se registra familia, género, especie, nombre común, sitio de colección, altura, fecha de colección, colector, registro UDCA, número de colección, número de armario, sección y número de camisa.',0,65,140,53),(65,'2012-03-27 00:00:00','2014-04-21 13:41:23','Colecciones Zoológicas de Referencia Cientifíca','IMCN',1998,'SD','Av. Roosevelt No. 24 - 30, Museo de Ciencias Naturales Federico Carlos Lehmann Valencia','CO-VAC','76001','5146866','mnc@inciva.gov.co','SD','SD','SD','Formulario de actualización ','SD','SD',NULL,NULL,2,'',0,0,0,1,0,0,0,'100% de los catálogados almacenada en la base de datos, en archivos planos del programa Excel',0,66,143,54),(66,'2012-10-31 00:00:00','2014-04-10 11:22:22','Ofidismo/Escorpionismo/Aracnidismo/Serpentario de la Universidad de Antioquia','SUA',1988,'SD','Carrera 50 No. 63 -65','CO-ANT','05001','2192315','serpentario@udea.edu.co','SD','SD','SD','SD','SD','SD',NULL,NULL,2,'',0,0,0,1,0,0,0,'La información se encuentra sistematizada en un 95% en base de datos de Excel, copia en archivo digital y físico.',0,67,145,55),(67,'2009-03-03 00:00:00','2014-04-21 12:04:51','Museo de Historia Natural \"Luis Gonzalo Andrade\"','UPTC',1970,'SD','Avenida Central de Norte. Edificio Centro Laboratorios. Oficina LS 214','CO-BOY','15001','7405626 Ext. 2434','museo.historianatural@uptc.edu.co','SD','SD','SD','SD','SD','SD',NULL,NULL,2,'',0,0,0,1,0,0,0,'Existen bases de datos para las colecciones de aves, reptiles, anfibios, mamíferos y peces',0,68,146,56),(68,'2014-01-30 00:00:00','2014-04-21 11:38:25','Colección Zoología General','ZOO',1990,'SD','Universidad de Pamplona, Campus Universitario Edificio Cote Lemus y Casona central 2 do piso','CO-NSA','54518','5682670 Ext. 115','clab@unipamplona.edu.co','SD','SD','SD','Formulario de actualización ','SD','SD',NULL,NULL,2,'',0,0,0,1,0,0,0,'En la actualidad se está utilizando para la base de datos el sofware Excel y la información sistematizada se encuentra entre un 60% a un 70%',0,69,147,57),(69,'2012-11-07 00:00:00','2014-04-10 11:13:47','Museo de Herpetología Universidad de Antioquia','MHUA',1997,'SD','Calle 70 No. 52 -21, Laboratorio de Herpetología, Bloque 7, Laboratorio 121','CO-ANT','05001','2195629','museo.mhua@gmail.com','SD','SD','SD','Formulario de actualización ','SD','herpetologiadeantioquia.org/index/.php/museum ',NULL,NULL,2,'',0,0,0,1,0,0,0,'100% de la información digitalizada y sistematizada; 100% de los especimenes georreferenciados a través de la dirección  URL: http://herpetologiadeantioquia.org/index/.php/museum ',0,70,148,58),(70,'2010-09-09 00:00:00','2014-04-10 10:46:40','Colección de Anfibios y Reptiles ','UV-C',1978,'SD','Calle 13 No. 100 -00 Edificio 320 3er Piso Oficina 3114','CO-VAC','76001','3393243','fernando.castro@correounivalle.edu.co','SD','SD','SD','Formulario de actualización ','SD','SD',NULL,NULL,2,'',0,0,0,1,0,0,0,'100% de la información sistematizada ',0,71,149,59),(71,'2012-07-09 00:00:00','2014-04-21 11:39:23','Colección de Vertebrados e Invertebrados ','MHN-UC',1975,'SD','Carrera 23 No. 58 - 65. Edificio Palogrande','CO-CAL','17001','8862720 Ext. 24132','julianadolfoster@gmail.com','SD','SD','SD','Formulario de actualización ','SD','SD',NULL,NULL,2,'',0,0,0,1,0,0,0,'Libros de catalogos, bases de datos (mamíferos y reptiles) base de datos colección de mariposas',0,72,150,60),(72,'2008-11-27 00:00:00','2014-04-21 13:43:39','Zoológico Jaime Duque ','ZJD',1990,'SD','Km. 34 Autopista Central de Norte. Parque Jaime Duque ','CO-CUN','25817','6200681','zoo@parquejaimeduque.com','SD','SD','SD','Formulario de actualización','SD','SD',NULL,NULL,2,'',0,0,0,1,0,0,0,'90% de la información sistematizada',0,73,151,61),(73,'2002-02-27 00:00:00','2014-04-21 13:54:06','Zoológico Matecaña de Pereira','ZMP',1961,'SD','Zoológico de Matecaña, Frente al aeropuerto de Matecaña','CO-RIS','66001','3360044','zoomate@pereira.multi.net.co','SD','SD','SD','Formulario de actualización ','SD','SD',NULL,NULL,2,'',0,0,0,1,0,0,0,'Bases de datos en Acces y Excel ',0,74,152,62),(74,'2013-06-28 00:00:00','2014-04-21 13:56:27','Fundación Zoológico de Santacruz','FZS',1975,'SD','Km. 16 Trocal Tequendama Vía Mesitas del Colegio','CO-DC','11001','8473831','hmonsalve@zoosanracruz.org','SD','SD','SD','Formulario de actualización ','SD','SD',NULL,NULL,2,'',0,0,0,1,0,0,0,'Historias clinicas en físico, el 100% de los ejemplares tiene historia clínica. ISIS (International Species Information  System), en esta base de datos se encuentra en 100% de los ejemplares registrados. Zootrition, en esta base de datos se encuentran las dietas del 100% de los ejemplares registrados',0,75,153,63),(75,'2008-03-06 00:00:00','2014-04-21 13:59:51','Colección Piscilago Zoo','PZ',1990,'SD','Km 104 vía Bogotá - Girardot','CO-CUN','25488','3153263527','zoologico.pscilago@colsubsidio.com','SD','SD','SD','Formulario de actualización ','SD','SD',NULL,NULL,2,'',0,0,0,1,0,0,0,'90% de la información de la colección se encuentra sistematizada',0,76,154,64),(76,'2007-08-03 00:00:00','2014-04-21 16:48:48','Parque Zoológico Santa Fe ','PZSF',1959,'SD','Carrera 42 No. 52 - 33','CO-ANT','05001','4447787','zoostafe@une.net.co','SD','SD','SD','Formulario de actualización ','SD','SD',NULL,NULL,2,'',0,0,0,1,0,0,0,'Diseño base de datos. Datazoo 90% de las historias clínicas sistematizadas. Existe un documento de plan de colección 100% sistematizado',0,77,155,65),(77,'2011-10-31 00:00:00','2014-04-10 11:23:23','Colección de Ciencias Naturales - Museo Universitario','MUA',1942,'SD','Calle 67 No. 53 - 108 Bloque 15','CO-ANT','05001','2195183 - 2195180','museo@quimbaya.udea.edu.co','SD','SD','SD','Formulario de actualización ','SD','SD',NULL,NULL,2,'',0,0,0,1,0,0,0,'La base de datos se realiza en Microsoft Excel 2007, 85% de los especimenes se encuentran ingresados, la información es de uso público, pero con solicitud previa para su revisión. En caso que se esté desarrollando una investigación con especímenes de la institución el museo puede modificar las politicas de consulta de estos hasta la terminación del proyecto de investigación',0,78,156,66),(78,'2007-02-15 00:00:00','2014-04-21 16:50:18','Colección para la exhibición en el Oceanario Islas del Rosario','OIR',1983,'SD','Isla San Martin de Pajarales, Islas del Rosario','CO-BOL','13001','6734045','oceanario@enred.com','SD','SD','SD','Formulario de actualización ','SD','SD',NULL,NULL,2,'',0,0,0,1,0,0,0,'Se utiliza una base de datos donde está registrada el 100% de la información de la coleccion ',0,79,157,67),(79,'2004-09-22 00:00:00','2014-04-21 16:52:17','Zoológico de Barranquilla','BARRANQUL',1953,'SD','Calle 77 No. 68 - 40','CO-ATL','08001','3600314','zoobaq@metrotel.net.co','SD','SD','SD','Formulario de actualización ','SD','SD',NULL,NULL,2,'',0,0,0,1,0,0,0,'Registros biologicos físicos y sistematizados en base de datos internacional ARKS 4.0 -ISIS, información nutricional, sofware ZOOTRITION, Registros médicos de la colección sofware ICOZOO',0,80,158,68),(80,'2007-02-14 00:00:00','2014-04-21 16:54:56','Acuario y Museo del Mar Del Rodadero ','AROD',1966,'SD','Carrera 1 Calle 8 Esquina. Edificio Fuentemar Local A 3','CO-MAG','47001','4227222','gigori@hotmail.com','SD','SD','SD','Formulario de actualización ','SD','SD',NULL,NULL,2,'',0,0,0,1,0,0,0,'SD',0,81,159,69),(81,'2002-08-12 00:00:00','2014-04-21 16:56:26','Colección Biológica Parque Nacional Natural Gorgona ','PNNG',1984,'SD','Carrera 10 No. 20 - 30','CO-DC','11001','3532400','ambiente@emcali.net.co','SD','SD','SD','Formulario de actualización ','SD','SD',NULL,NULL,2,'',0,0,0,1,0,0,0,'Colección Marina Sistematizada en base de datos Acces 97',0,82,160,70),(82,'2005-06-27 00:00:00','2014-04-21 16:59:19','Universidad del Atlántico Región Caribe ','UARC',1999,'SD','Km 7 Antigua vía Puerto Colombia','CO-ATL','08001','3197247','faccbasic@uniatlantico.edu.co','SD','SD','SD','Formulario de actualización ','SD','SD',NULL,NULL,2,'',0,0,0,1,0,0,0,'Base de datos en Excel y Acrobat ',0,83,161,71),(83,'2005-06-27 00:00:00','2014-04-21 17:02:06','Zoológico de Cali','FZC',1982,'SD','Carrera 2 oeste Calle 14 Esquina','CO-VAC','76001',' 4880888 Ext. 118','carlosgalvis@zoologicodecali.com.co','SD','SD','SD','Formulario de actualización ','SD','SD',NULL,NULL,2,'',0,0,0,1,0,0,0,'100% de la información sistematizada',0,84,162,72),(84,'2012-10-31 00:00:00','2014-04-10 11:24:49','Colección Viva Programa de Ofidismo/Aracnidismo Universidad de Antioquia ','COLVIOFAR ',1989,'SD','Carrera 50 No. 63 - 65 Prado Centro','CO-ANT','05001','2336081 - 2192315','serpentario@udea.edu.co','SD','SD','SD','Formulario de actualización ','SD','SD',NULL,NULL,2,'',0,0,0,1,0,0,0,'Las colecciones vivas se encuentran sistematizadas en un 100% en base de datos Excel ',0,85,163,73),(85,'2011-12-21 00:00:00','2014-04-21 17:05:09','Museo de Historia Natural de la Universidad de la Amazonia ','UAM',2002,'SD','Carrera 11 No. 6 - 69, Barrió Juan XXIII, Sede Centro','CO-CAQ','18001','4359935','uam@uniamazonia.edu.co','SD','SD','SD','Formulario de actualización ','SD','SD',NULL,NULL,2,'',0,0,0,1,0,0,0,'Se tenía la base de datos en formato Acces pero se presentó un daño en el sistema y la información contenida en ella se perdió, ahora se esta creando ua base de datos en formato SQL server para ser desarrollada y alimentada desde el servidor central de la Universidad de la Amazonía con el fin que se pueda accesar desde cualquier parte del mundo, por esta razón no se ha ingresado a una nueva base de datos, sin embargo se cuenta con el reporte de la base anterior en formato XLS que incluye la colección de mamíferos, un 60% de la colección de peces, anfibios, reptiles y aves',0,86,164,74),(86,'2013-04-10 00:00:00','2014-04-21 11:43:30','Colección Zoológica de la Universidad del Tolima ','CZUT',2003,'SD','Barrió Santa Helena - Universidad del Tolima ','CO-TOL','73001','2771212 - 2771313','greinoso@ut.edu.co','SD','SD','SD','Formulario de actualización ','SD','SD',NULL,NULL,2,'',0,0,0,1,0,0,0,'Arañas: Excel 100%, Peces: Access 100%, Mariposas Diurnas: Access 100%, Reptiles: Access 100%, Anfibios: Access 100%, Aves: Access 100%, Mamíferos: Access 100%',0,87,165,75),(87,'2010-07-27 00:00:00','2014-04-21 17:09:34','Museo de Historia Natural - Universidad de los Andes','ANDES',2007,'SD','Carrera 1 No. 18 - 10 Salones M-101/102','CO-DC','11001','3394949 Ext. 2746-3292','museo@uniandes.edu.co','SD','SD','SD','Formulario de actualización ','SD','SD',NULL,NULL,2,'',0,0,0,1,0,0,0,'Specify 100%',0,88,166,76),(88,'2012-10-31 00:00:00','2014-04-11 09:48:32','Colección de Herpetología de la Universidad del Quindío ','HERPETOS-UQ',2005,'SD','Carrera 15 Calle 12 N - Facultad de Ciencias Básicas, Centro de Investigaciones en Biodiversidad  CIBUQ ','CO-QUI','63001','7460279 - 7460100 Ext. 356 ','cibuq@uniquindio.edu.co','SD','SD','SD','Formulario de actualización ','SD','SD',NULL,NULL,2,'',0,0,0,1,0,0,0,'Excel 100% ',0,89,167,77),(89,'2010-09-16 00:00:00','2014-04-21 17:11:51','Museo de Ciencias de la Universidad El Bosque','MCUB',2003,'SD','Carrera 7 B bis  No. 132 -11 Museo de Ciencias ','CO-DC','11001','6489900 Ext. 598','biologia@unbosque.edu.co','SD','SD','SD','Formulario de actualización','SD','SD',NULL,NULL,2,'',0,0,0,1,0,0,0,'Base de datos Excel, 100% de la información sistematizada',0,90,168,78),(90,'2013-05-16 00:00:00','2014-04-21 17:13:36','Museo de Ciencias de La Salle','CSJ',1913,'SD','Calle 54 A No. 30 - 01 ','CO-ANT','05001','4600727 Ext. 5571','museodecienciasnatuarales@itm.edu.co','SD','SD','SD','Formulario de actualización ','SD','SD',NULL,NULL,2,'',0,0,0,1,0,0,0,'100% Excel en todos los grupos biológicos',0,91,169,79),(91,'2013-10-21 00:00:00','2014-04-21 17:15:30','Colección Biológica Mundo Marino','MM',1990,'SD','Carrera 2 No. 11 - 86 . Edificio Mundo Marino, Rodadero','CO-MAG','47001','4229334','mundomarino@utadeo.edu.co','SD','SD','SD','Formulario de actualización','SD','',NULL,NULL,2,'',0,0,0,1,0,0,0,'Excel 90% ',0,92,170,80),(92,'2014-01-22 00:00:00','2014-04-21 11:44:45','Colección Científica de Referencia Zoológica del Chocó - Herpertología','COLZOOCH-H',1990,'SD','Barrio Nicolas Medrano - Ciudadela Universitaria, Edificio de Investigaciones 4to psio ','CO-CHO','27001','3128585367','jhontailorrengifo@gmail.com','SD','SD','SD','Formulario de actualización ','SD','SD',NULL,NULL,2,'',0,0,0,1,0,0,0,'50% Specify, 90% Excel ',0,93,171,81),(93,'2012-05-30 00:00:00','2014-04-21 17:17:42','Colecciones Biológicas del Parque Explora ','PEX',2009,'SD','Carrera 50 No. 73 -75','CO-ANT','05001','5168300','isabel.acero@parqueexplora.org','SD','SD','SD','Formulario de actualización ','SD','SD',NULL,NULL,2,'',0,0,0,1,0,0,0,'Se creo una base de datos para las colecciones registradas. Para los individuos vivos se tiene una base de datos en Excel con un 96% de la información sistematizada',0,94,172,82),(94,'2012-08-21 00:00:00','2014-04-21 17:20:36','Serpentario del Instituto Nacional de Salud','INS-SR',1975,'SD','Vereda Cortés, Hacienda Galindo - Ocho Ríos ','CO-DC','11001','2207700 Ext. 1297 - 1317','fruiz@ins.gov.co','SD','SD','SD','Formulario de actualización ','SD','SD',NULL,NULL,2,'',0,0,0,1,0,0,0,'Serpentarius 100%, (programa tomado de una base de datos en Acces) diseñado para mantener las identificaciones de las serpientes en hojas de vida individual, con todo lo relacionado a localidad de origen, colector, fecha de ingreso a la colección, y se almacenan registros como peso y medida, alimentación (tipo, peso y cantidad), así como los procedimientos médicos. Todas las actividades realizadas en el serpentario están debidamente documentadas y registradas en el sistema normatizado\r\n',0,95,173,83),(95,'2014-02-21 00:00:00','2014-04-21 17:23:41','Centro de Colecciones Biológicas Universidad del Magdalena','CBUMAG',1962,'SD','Carrera 32 No. 22 -08 Bloque 08','CO-MAG','47001','4217940','psepulveda@unimagdalena.edu.co','SD','SD','SD','Formulario de actualización ','SD','SD',NULL,NULL,2,'',0,0,0,1,0,0,0,'50% de la información sistematizada en estándar Darwin Core',0,96,174,84),(96,'2012-12-05 00:00:00','2014-04-10 11:26:43','Herbario Universidad de Antiquia','HUA',1969,'SD','Calle 67 No. 53 - 108 Bloque 2 Oficina 411','CO-ANT','05001','2195614','herbario@matematicas.udea.edu.co','SD','SD','SD','Formulario de actualización ','SD','SD',NULL,NULL,2,'',0,0,0,1,0,0,0,'Programas Excel y Acces 60% de la colección digitalizada. El acceso es libre por ser una entidad pública.  ',0,97,176,85),(97,'2008-10-27 00:00:00','2014-04-11 09:17:50','Colecciones Limnológicas Universidad de Antioquia','CLUA',1972,'SD','Calle 70 No. 52 - 21, Instituto de Biología , Bloque 7','CO-ANT','05001','2195620','imnologia@matematicas.udea.edu.co','SD','SD','SD','Formulario de actualización ','SD','SD',NULL,NULL,2,'',0,0,0,1,0,0,0,'Excel 50%',0,98,177,86),(98,'2012-09-04 00:00:00','2014-04-11 09:19:53','Colección Entomológica Universidad de Antioquia','CEUA ',1997,'SD','Calle 70 No. 52 - 21, Laboratorio 311, Bloque 7','CO-ANT','05001','2195619','mwolff@matematicas.udea.edu.co','SD','SD','SD','Formulario de actualización ','SD','SD',NULL,NULL,2,'',0,0,0,1,0,0,0,'Excel 100%',0,99,178,87),(99,'2008-03-05 00:00:00','2014-04-11 09:20:45','Colección de Vectores y Huespedes Intermediarios de Enfermedades Tropicales','VHET',1997,'SD','Calle 70 No. 52 - 21 Laboratorio 207, Bloque 7','CO-ANT','05001','2771212 Ext. 9264','cienciasmuseo@quimbaya.udea.educo','SD','SD','SD','Formulario de actualización ','SD','SD',NULL,NULL,2,'',0,0,0,1,0,0,0,'Excel 100%',0,100,179,88),(100,'2010-07-09 00:00:00','2014-04-11 09:22:08','Colección de Tremátodos de la Universidad de Antioquia','CTUA',2002,'SD','Calle 62 No. 52 - 59 sede de investigación universitaria ','CO-ANT','05001','2196514','luz.elena333@yahoo.com','SD','SD','SD','Formulario de actualización','SD','SD',NULL,NULL,2,'',0,0,0,1,0,0,0,'Sistematizada en Access 2007 y cuenta con tres secciones',0,101,180,89),(101,'2009-05-26 00:00:00','2014-04-11 09:29:01','Colección Teriológica Universidad de Antioquia ','CTUA',2004,'SD','Calle 70 No. 52 - 21 Bloque 3, Laboratorio 103','CO-ANT','05001','2195624','ssolari@matematicas.udea.edu.co','SD','SD','SD','Formulario de actualización ','SD','SD',NULL,NULL,2,'',0,0,0,1,0,0,0,'Excel 90%',0,102,181,90),(102,'2014-02-19 00:00:00','2014-04-11 09:29:49','Colección de Ictiológica Universidad de Antioquia','CIUA',2005,'SD','Calle 70 No. 52 - 21- Instituto de Biología Universidad de Antioquia','CO-ANT','05001','2195620 - 2195617','udea.giua@gmail.com','SD','SD','SD','Formulario de actualización ','SD','SD',NULL,NULL,2,'',0,0,0,1,0,0,0,'Se encuentra catalogado (cuaderno físico de la colección) y sistematizado en un 99% de los ejemplares en base de datos (Excel) ',0,103,182,91),(103,'2012-03-27 00:00:00','2014-04-10 10:33:49','Vertebrados Mamíferos ','UV',1962,'SD','Calle 13 No. 100 - 00, Departamento de Biología, Sede Melendez','CO-ANT','05001','3212234','alan.giraldo@correounivalle.edu.co','SD','SD','SD','Formulario de actualización ','SD','SD',NULL,NULL,2,'',0,0,0,1,0,0,0,'Información sistematizada: 95%',0,104,183,92),(104,'2012-07-24 00:00:00','2014-04-10 10:38:42','Herbario CUVC \"Luis Siguifredo Espinal - Tascón\"','CUVC',1966,'SD','Calle 13 No. 100 - 00, Departamento de Biología.','CO-VAC','76001','3212100 Ext. 33200','pasilverstone_sopkin@yahoo.com','SD','SD','SD','Formulario de actualización ','SD','SD',NULL,NULL,2,'',0,0,0,1,0,0,0,'Base de datos parcial el Excel incompleto, base de datos parcial en BRAHMS solo el 5% de la colección, base de datos de los holotipos e isotipos (Excel, completo)',0,105,184,93),(105,'2013-11-25 00:00:00','2014-04-10 10:40:38','Museo de Entomología de la Universidad del Valle','MUSENUV',1975,'SD','Calle 13 No. 100 - 00, Departamento de Biología.','CO-VAC','76001','3212100 Ext. 2570','entomologia@univalle.edu.co','SD','SD','SD','Formulario de actualización ','SD','SD',NULL,NULL,2,'',0,0,0,1,0,0,0,'Portal SiB Colombia e IPT Valle del Cauca, Portal GBIF, Bases de datos en Excel, campos Darwin Core',0,106,185,94),(106,'2012-03-27 00:00:00','2014-04-10 10:43:12','Colección de Vertebrados - Aves Universidad del Valle','CVA-UV',1965,'SD','Calle 13 No. 100 - 00, Departamento de Biología.','CO-VAC','76001','3393242','lorena.cruz@correounivalle.edu.co','SD','SD','SD','Formulario de actualización ','SD','SD',NULL,NULL,2,'',0,0,0,1,0,0,0,'Bases de datos en Excel',0,107,186,95),(107,'2013-07-19 00:00:00','2014-04-10 10:45:02','Colección de Referencia de Biología Marina (Corales)','CRBMco',2002,'SD','Calle 13 No. 100 - 00, Edificio 320 \"Ciencias\" 4to piso, Sección Biología Marina. Espacio 4065','CO-VAC','76001','3212100 ','afcarmona@yahoo.com','SD','SD','SD','Formulario de actualización','SD','SD',NULL,NULL,2,'',0,0,0,1,0,0,0,'El almacenamiento digital de la información se encuentra en Excel',0,108,187,96),(108,'2013-07-19 00:00:00','2014-04-10 10:49:05','Colección de Referencia (Moluscos)','CRM-UV ',2002,'SD','Calle 13 No. 100 - 00, Edificio 320 \"Ciencias\" 4to piso, Sección Biología Marina. Espacio 4065','CO-VAC','76001','3212100 Ext. 3232','afcarmona@yahoo.com','SD','SD','SD','Formulario de actualización ','SD','SD',NULL,NULL,2,'',0,0,0,1,0,0,0,'Para el almacenamiento digital de la información se emplea Excel',0,109,188,97),(109,'2002-02-14 00:00:00','2014-04-10 10:50:40','Colección de Ictiología - Biología Marina','CIR-UV',1977,'SD','Calle 13 No. 100 - 00, Departamento de Biología.','CO-VAC','76001','3212100','patricia.chacon@correounivalle.edu.co','SD','SD','SD','Formulario de actualización ','SD','SD',NULL,NULL,2,'',0,0,0,1,0,0,0,'80%',0,110,189,98),(110,'2013-07-19 00:00:00','2014-04-10 10:51:32','Colección de Referencia de Biología Marina (Crutáceos)','CRBMc-UV',2002,'SD','Calle 13 No. 100 - 00, Edificio 320 \"Ciencias\" 4to piso, Sección Biología Marina. Espacio 4065','CO-VAC','76001','3212100 Ext. 3232','afcarmona@yahoo.com','SD','SD','SD','Formulario de actualización ','SD','SD',NULL,NULL,2,'',0,0,0,1,0,0,0,'Para el almacenamiento digital de la coleccion se emplea Excel',0,111,190,99),(111,'2013-07-19 00:00:00','2014-04-10 10:52:20','Colección de Referencia de Biología Marina (Equinodermos)','CRBMeq-UV',2002,'SD','Calle 13 No. 100 - 00, Edificio 320 \"Ciencias\" 4to piso, Sección Biología Marina. Espacio 4065','CO-VAC','76001','3212100 Ext. 3232','afcarmona@yahoo.com','SD','SD','SD','Formulario de actualización','SD','SD',NULL,NULL,2,'',0,0,0,1,0,0,0,'Excel ',0,112,191,100),(112,'2002-02-14 00:00:00','2014-04-10 10:53:07','Parasitología - Univalle','UV-PAR',1975,'SD','Calle 13 No. 100 - 00, Departamento de Biología.','CO-VAC','76001','3212100','patricia.chacon@correounivalle.edu.co','SD','SD','SD','Formulario de actualización ','SD','SD',NULL,NULL,2,'',0,0,0,1,0,0,0,'En proceso de sistematización ',0,113,192,101),(113,'2013-07-19 00:00:00','2014-04-10 10:53:57','Anélidos Marinos ','CRBMUV',2002,'SD','Calle 13 No. 100 - 00, Edificio 320 \"Ciencias\" 4to piso, Sección Biología Marina. Espacio 4065','CO-VAC','76001','3212100 Ext. 3232','afcarmona@yahoo.com','SD','SD','SD','Formulario de actualización ','SD','',NULL,NULL,2,'',0,0,0,1,0,NULL,0,'Para el almacenamiento digital de la información se emplea Excel',0,114,193,102),(114,'2002-02-14 00:00:00','2014-04-10 10:54:56','Cepario de Microorganismos y Hongos Filamentosos de la Universidad del Valle','CCMhf-UV',1995,'SD','Calle 13 No. 100 - 00, Departamento de Biología.','CO-VAC','76001','3212100','afcarmona@yahoo.com','SD','SD','SD','Formulario de actualizacion ','SD','SD',NULL,NULL,2,'',0,0,0,1,0,0,0,'El cepario esta sistematizado en un 40%',0,115,194,103),(115,'2006-08-10 00:00:00','2014-04-10 10:55:46','Hongos- Univalle','UV-MICO',1970,'SD','Calle 13 No. 100 - 00, Departamento de Biología.','CO-VAC','76001','3212100','patricia.chacon@correounivalle.edu.co','SD','SD','SD','Formulario de actualización ','SD','SD',NULL,NULL,2,'',0,0,0,1,0,0,0,'No sistematizada',0,116,195,104),(116,'2012-08-10 00:00:00','2014-04-11 09:49:33','Herbario Universidad del Quindio','HUQ',2005,'SD','Carrera 15 Calle 12 N - Facultad de Ciencias Básicas, Centro de Investigaciones en Biodiversidad  CIBUQ','CO-QUI','63001','7460100 Ext. 356 - 7460279','cibuq@uniquindio.edu.co','SD','SD','SD','Formulario de actualización','SD','SD',NULL,NULL,2,'',0,0,0,1,0,0,0,'Se cambio la base de datos que se tenia (BRAHAMS), debido a que se dio inicio a la sistematización de la colección la cual se está llevando a cabo a tráves de una base de datos de Excel y posteriormente se migrara a Specify 6.3',0,117,196,105),(117,'2013-11-25 00:00:00','2014-04-11 09:50:31','Museo de Artrópodos de la Universidad del Quindío','MAUQ',1998,'SD','Carrera 15 Calle 12 N - Facultad de Ciencias Básicas, Centro de Investigaciones en Biodiversidad  CIBUQ','CO-QUI','63001','7359346','pbiolog@uniquindio.edu.co','SD','SD','SD','Formulario de actualización ','SD','SD',NULL,NULL,2,'',0,0,0,1,0,0,0,'El 90% de la colección se encuentra sistematizada en una base de datos en Excel',0,118,197,106),(118,'2012-08-10 00:00:00','2014-04-11 09:52:11','Coelcción de Insectos de la Universidad del Quindío','CIUQ',2004,'SD','Carrera 15 Calle 12 N - Facultad de Ciencias Básicas, Centro de Investigaciones en Biodiversidad  CIBUQ','CO-QUI','63001','7460100 Ext. 356 - 7460279','cibuq@uniquindio.edu.co','SD','SD','SD','Formulario de actualización ','SD','SD',NULL,NULL,2,'',0,0,0,1,0,0,0,'40% Excel. migración a Specify',0,119,198,107),(119,'2008-08-26 00:00:00','2014-04-11 09:53:27','Colección de Ictiología Universidad del Quindío','IUQ',1986,'SD','Carrera 15 Calle 12 N - Facultad de Ciencias Básicas, Centro de Investigaciones en Biodiversidad  CIBUQ','CO-QUI','63001','7460100 Ext. 356 - 7460279','cibuq@uniquindio.edu.co','SD','SD','SD','Formulario de actualización','SD','SD',NULL,NULL,2,'',0,0,0,1,0,0,0,'Excel',0,120,199,108),(120,'2012-10-29 00:00:00','2014-04-11 11:15:06','Herbario Pontificia Universidad Javeriana','HPUJ',1986,'SD','Carrera 7 No. 43 - 82, Edificio 53, Laboratorio 206b. Herbario','CO-DC','11001','3208320 Ext. 4079 - 4157','hpuj@javeriana.edu.co','SD','SD','SD','Formulario de actualización ','SD','SD',NULL,NULL,2,'',0,0,0,1,0,0,0,'Base de datos en Excel con 90% de la información sistematizada',0,121,200,109),(121,'2012-10-29 00:00:00','2014-04-11 11:16:08','Colección de Microorganismos Departamento de Biología','PUJ-M-BIO',1996,'SD','Carrera 7 No. 43 - 82, Edificio 53','CO-DC','11001','3208320 Ext. 4098','maldonadoj@javeriana.edu.co','SD','SD','SD','Formulario de actualización ','SD','SD',NULL,NULL,2,'',0,0,0,1,0,0,0,'Base de datos en Excel con 100% de la información sistematizada',0,122,201,110),(122,'2012-07-13 00:00:00','2014-04-11 11:17:00','Colección de Microorganismos de la Pontifica Universidad Javeriana','CMPUJ',1970,'SD','Carrera 7 No. 43 - 82, Edificio 50','CO-DC','11001','3208320 Ext. 4155 - 4107','alba.trespalacios@javeriana.edu.co','SD','SD','SD','Formulario de actualización ','DS','SD',NULL,NULL,2,'',0,0,0,1,0,0,0,'Excel 100%',0,123,202,111),(123,'2005-11-18 00:00:00','2014-04-11 11:43:32','Herbario Alvaro Fernández Pérez','AFP',1984,'SD','Km. 8 vía al sur. Sede Campestre Los Robles','CO-CAU','19001','8238378','herbarioafp@fup.edu.co','SD','SD','SD','Formulario de actualización ','SD','SD',NULL,NULL,2,'',0,0,0,1,0,0,0,'Base de datos Excel 10% sistematización ',0,124,204,112),(124,'2005-11-18 00:00:00','2014-04-21 11:41:34','Jardín Botánico de Popayán ','JBP',1997,'SD','Km. 8 vía al sur. Sede Campestre Los Robles','CO-CAU','19001','8238378','Jardinbotanico@fup.edu.co','SD','SD','SD','Formulario de actualización ','SD','SD',NULL,NULL,2,'',0,0,0,1,0,0,0,'Excel, Bg - Recorder 2 (Acces)',0,125,205,113),(125,'2008-08-26 00:00:00','2014-04-21 11:45:36','Herbario de la Orinoquia Colombiana','LLANOS',1990,'SD','Km. 12 vía Puerto López','CO-MET','50001','6698239','luzmila@unillanos.edu.co','SD','SD','SD','Formulario de actualización ','SD','SD',NULL,NULL,2,'',0,0,0,1,0,0,0,'NO',0,126,206,114),(126,'2014-01-30 00:00:00','2014-04-21 11:46:59','Herbario Regional Catatumbo - Sasare','HECASA',2002,'SD','Universidad de Pamplona, Campus Universitario Edificio Camilo Daza ','CO-NSA','54518','5685603','lrsanchezm@gmail.com','SD','SD','SD','Formulario de actualización ','SD','SD',NULL,NULL,2,'',0,0,0,1,0,0,0,'Excel ',0,127,207,115),(127,'2008-08-26 00:00:00','2014-04-21 11:49:13','Herbario Toli','TOLI',1978,'SD','Barrio Santa Helena Parte Alta - Campus Universitario','CO-TOL','73001','2771212 Ext. 9351 - 3006173675','mproa@ut.edu.co','SD','SD','SD','Formulario de actualización ','SD','SD',NULL,NULL,2,'',0,0,0,1,0,0,0,'Excel 90%',0,128,208,116),(128,'2010-11-18 00:00:00','2014-04-21 11:50:07','Museo Laboratorio de Entomología','MENT-UT',1961,'SD','Barrio Santa Helena Parte Alta - Campus Universitario','CO-TOL','73001','2771212 Ext. 9351 - 3006173675','gimfrut@ut.edu.co','SD','SD','SD','Formulario de actualización','SD','SD',NULL,NULL,2,'',0,0,0,1,0,0,0,'25% de la información sistematizada, proceso de sistematización en base de datos Acces',0,129,209,117),(129,'2010-04-26 00:00:00','2014-04-21 11:51:29','Jardín Botánico Alejandro von Humbolt','JBAVH',1969,'SD','Barrio Santa Helena Parte Alta - Campus Universitario','CO-TOL','73001','2771212 Ext. 9351 - 3006173675','hesquive@ut.edu.co','SD','SD','SD','Formulario de actualización ','SD','SD',NULL,NULL,2,'',0,0,0,1,0,0,0,'100% Excel ',0,130,210,118),(130,'2010-06-14 00:00:00','2014-04-21 11:52:14','Jardín Botánico José Celestino Mutis - Herbario y Carpofilacio','JBJCM-hc',1955,'SD','Avenida Calle 57 No. 61 -13','CO-DC','11001','4377060 Ext. 241','jvalencia@gmail.com','SD','SD','SD','Formulario de actualización ','SD','SD',NULL,NULL,2,'',0,0,0,1,0,0,0,'90% Excel ',0,131,211,119),(131,'2011-06-14 00:00:00','2014-04-21 11:53:09','Jardín Botánico José Celestino Mutis - Colección Viva','JBJCM-cv',1955,'SD','Avenida Calle 63 No. 68-98','CO-DC','11001','4377060 Ext. 233','bjaimes.s@gmail.com','SD','SD','SD','Formulario de actualización','SD','SD',NULL,NULL,2,'',0,0,0,1,0,0,0,'Sistematizada en la base de datos BG-Recorder2  100%',0,132,212,120),(132,'2012-10-30 00:00:00','2014-04-21 11:55:00','Herbario Universidad de Córdoba ','HUC',1976,'SD','Carrera 6 No. 76 - 103','CO-COR','23001','7860381 - 7860154 Ext. 125','herbario@unicordoba.edu.co','SD','SD','SD','Formulario de actualización ','SD','SD',NULL,NULL,2,'',0,0,0,1,0,0,0,'65% Excel ',0,133,213,121),(133,'2013-07-23 00:00:00','2014-04-21 11:53:58','Herbario Chocó','CHOCO',1980,'SD','Barrio Nicolas Medrano - Ciudadela Universitaria, Bloque 11','CO-CHO','27001','6726565 Ext. 5033','herbario@utch.edu.co','SD','SD','SD','Formulario de actualización ','SD','SD',NULL,NULL,2,'',0,0,0,1,0,0,0,'100% base de datos Excel ',0,134,214,122),(134,'2013-10-30 00:00:00','2014-04-21 11:55:59','Colección Teriológica y Ornitológica - Grupo de Manejo de Fauna Silvestre Chocuana de la Universidad Tecnológica del Chocó ','ColTerOrni-Chocó',1999,'SD','Barrio Nicolas Medrano - Ciudadela Universitaria, Edificio de Investigaciones 4to piso','CO-CHO','27001','3122042327','alexmauriciojimenez@gmail.com','SD','SD','SD','Formulario de actualización ','SD','SD',NULL,NULL,2,'',0,0,0,1,0,0,0,'La colección está incluida en un 60% en Specify y un 87% en Excel',0,135,215,123),(135,'2011-11-15 00:00:00','2014-04-21 11:56:44','Colección Hidrobiologica del Choco','CHbCh',1991,'SD','Barrio Nicolas Medrano - Ciudadela Universitaria, Bloque 11','CO-CHO','27001','6711616 Ext. 145','felipeangulo@hotmail.com','SD','SD','SD','Formulario de actualizacion','SD','SD',NULL,NULL,4,'',0,0,0,1,0,0,0,'Biota, Excel 80%',0,136,216,124),(136,'2008-08-26 00:00:00','2014-04-21 11:57:37','Herbario Universidad Surcolombiana','SURCO',1986,'SD','Carrera 5 No. 23 - 40, Facultad de Ingeniería','CO-HUI','41001','8758775','filanos@usco.edu.co','SD','SD','SD','Formulario de actualización','SD','SD',NULL,NULL,2,'',0,0,0,1,0,0,0,'Se encuentra sistematizada en una base de datos SQL',0,137,217,125),(137,'2014-02-21 00:00:00','2014-04-21 11:58:22','Herbario Forestal UDBC \"Guillermo Emilio Mahecha Vega\"','UDBC',1973,'SD','Avenida Circunvalar - Venado de Oro, Facultad de Medio Ambiente y Recursos Naturales ','CO-DC','11001','3239300 Ext. 4037 - 4038','herbarioforestal@udistrital.edu.co','SD','SD','SD','Formulario de actualización','SD','SD',NULL,NULL,2,'',0,0,0,1,0,0,0,'100% de las colección de plantas vasculares sistematizada en la base de datos Specify 6, 100% de la colección de líquenes registrada en Excel',0,138,218,126),(138,'2013-12-18 00:00:00','2014-04-21 11:59:01','Colección Entomológia Forestal Universidad Distrital \"Francisco José de Caldas\"','CEFUDFJC',1995,'SD','Avenida Circunvalar - Venado de Oro, Facultad de Medio Ambiente y Recursos Naturales','CO-DC','11001','3239300 Ext. 4056','labsanidad@udistrital.edu.co','SD','SD','SD','Formulario de actualización ','SD','SD',NULL,NULL,2,'',0,0,0,1,0,0,0,'Base de datos en hojas de calculo con códigos de barras. Base Specify en proceso',0,139,219,127),(139,'2008-09-23 00:00:00','2014-04-21 11:59:44','Xiloteca de la Universidad Distrital Francisco José de Caldas ','XILOTECA-UDBC',1964,'SD','Avenida Circunvalar - Venado de Oro, Facultad de Medio Ambiente y Recursos Naturales','CO-DC','11001','3376917','enpulidor@udistrital.edu.co','SD','SD','SD','Formulario de actualización','SD','SD',NULL,NULL,2,'',0,0,0,1,0,0,0,'Excel, Acces 100%',0,140,220,128),(140,'2011-11-18 00:00:00','2014-04-21 12:04:11','Herbario UPTC','UPTC',1970,'SD','Avenida Central de Norte. Edificio Centro Laboratorios. Oficina LS 214','CO-BOY','15001','7422176 Ext. 1733','herbario@tunja.uptc.edu.co','SD','SD','SD','Formulario de actualización ','SD','SD',NULL,NULL,2,'',0,0,0,1,0,0,0,'50% Excel ',0,141,221,129),(141,'2013-04-10 00:00:00','2014-04-21 12:01:03','Herbario de la Universidad de Caldas','FAUC',1952,'SD','Calle 65 No. 26 - 10, Edificio Bicentenario - Bloque U','CO-CAL','17001','8781500 Ext. 18040','luis.alvarez@ucaldas.edu.co','SD','SD','SD','Formulario de actualización','SD','SD',NULL,NULL,2,'',0,0,0,1,0,0,0,'Sistematización en proceso 70% ',0,142,222,130),(142,'2011-05-24 00:00:00','2014-04-21 12:01:52','Jardín Botánico Universidad del Caldas','JBUC',1991,'SD','Calle 65 No. 26 - 10 ','CO-CAL','17001','8781573 Ext. 13408','jarbouc@ucaldas.edu.co','SD','SD','SD','Formulario de actualización','SD','SD',NULL,NULL,2,'',0,0,0,1,0,0,0,'40%',0,143,223,131),(143,'2011-06-28 00:00:00','2014-04-21 12:02:36','Colección Entomológica del Programa de Biología - Universidad de Caldas','CEBUC',2002,'SD','Calle 65 No. 26 -10. Edificio Sierra Hernández, 1er Piso','CO-CAL','17001','8781573 Ext. 12189','lucimar.dias@ucaldas.edu.co','SD','SD','SD','Formulario de actualización','SD','SD',NULL,NULL,2,'',0,0,0,1,0,0,0,'90% Excel, proceso de migración a Specify',0,145,225,132),(144,'2013-10-02 00:00:00','2014-04-21 12:03:15','Laboratorio de Entomología - Universidad de Caldas ','LEUC',1966,'SD','Calle 65 No. 26 - 10. Facultad de ciencias Agropecuarias ','CO-CAL','17001','8781500','luis.vallejo_e@ucaldas.edu.co','SD','SD','SD','Formulario de actualización','SD','SD',NULL,NULL,2,'',0,0,0,1,0,0,0,'100% Excel',0,146,226,133),(145,'2009-11-13 00:00:00','2014-04-21 17:27:55','Herbario CDMB - Jardín Botánico Eloy Valenzuela','CDMB',1982,'SD','Carrera 23 No. 37 - 63','CO-SAN','68001','3156420875','jardin@cdmb.gov.co','SD','SD','SD','Formulario de actualización','SD','SD',NULL,NULL,2,'',0,0,0,1,0,0,0,'100% Excel ',0,147,227,134),(146,'2009-11-13 00:00:00','2014-04-21 17:28:34','Colección de Plantas Vivas del Jardín Botánico Eloy Valenzuela','JBEV',1982,'SD','Carrera 23 No. 37 - 63','CO-SAN','68001','3156420875','jardin@cdmb.gov.co','SD','SD','SD','Formulario de actualización','SD','SD',NULL,NULL,2,'',0,0,0,1,0,0,0,'100% Excel y 70% BGRecorder',0,148,228,135),(147,'2011-04-07 00:00:00','2014-04-21 17:29:11','Colección Entomologica CDMB','CECDMB',2001,'SD','Carrera 23 No. 37 - 63','CO-SAN','68001','3156420875','jardin@cdmb.gov.co','SD','SD','SD','Formulario de actualizacion','SD','SD',NULL,NULL,2,'',0,0,0,1,0,0,0,'100% Excel',0,149,229,136),(148,'2010-09-16 00:00:00','2014-04-21 13:33:54','Herbario UIS ','UIS ',1978,'SD','Calle 27 Carrera 9, Ciudad Universitaria.','CO-SAN','68001','6346149 Ext. 2169','hugarcia@uis.edu.co','SD','SD','SD','Formulario de actualización','SD','SD',NULL,NULL,2,'',0,0,0,1,0,0,0,'Sistematizado en un 90% base de datos tipo Access',0,150,230,137),(149,'2012-07-30 00:00:00','2014-04-21 17:25:27','Herbario Universidad del Magdalena','UTMC',1963,'SD','Carrera 32 No. 22 - 08','CO-MAG','47001','4217940 Ext. 152','hgarcia@unimagdalena.edu.co','SD','SD','SD','Formulario de actualización','SD','SD',NULL,NULL,2,'',0,0,0,1,0,0,0,'Base de datos en proceso de instalación : Specify 6, 0% de la información sistematizada',0,151,231,138),(150,'2013-07-10 00:00:00','2014-04-21 17:24:14','Colección de Microalgas Marinas','UMC-MA',2002,'SD','Carrera 2 No. 18 - 27 ','CO-MAG','47001','4219133','molmarcol@gmail.com','SD','SD','SD','Formulario de actualización','SD','SD',NULL,NULL,2,'',0,0,0,1,0,0,0,'100%',0,152,232,139),(151,'2009-11-13 00:00:00','2014-04-21 17:31:36','Jardín Botánico \"Joaquín Antonio Uribe\" Herbario','JUAM',1973,'SD','Calle  73 No. 51 D - 14','CO-ANT','05001','4445500 Ext. 103','clara.restrepo@botanicomedellin.org','SD','SD','SD','Formulario de actualización','SD','SD',NULL,NULL,2,'',0,0,0,1,0,0,0,'Botanical Informaton System ',0,153,233,140),(152,'2009-11-13 00:00:00','2014-04-21 17:32:15','Jardín Botánico \"Joaquín Antonio Uribe\"','JAUM-B',1973,'SD','Calle  73 No. 51 D - 14','CO-ANT','05001','4606991 - 4445500','fernando.giraldo@botanicomedellin.org','SD','SD','SD','Formulario de actualización','SD','SD',NULL,NULL,2,'',0,0,0,1,0,0,0,'60%',0,154,234,141),(153,'2012-10-30 00:00:00','2014-04-21 17:35:14','Colección de Macroinvertebrados Acuáticos','CMA-UCO',1997,'SD','Carrera 46 No. 40 B - 50','CO-ANT','05615','5699090 Ext. 285 - 532','gestaambiental.jefe@uco.edu.co','SD','SD','SD','Formulario de actualización','SD','SD',NULL,NULL,2,'',0,0,0,1,0,0,0,'70% de la información sistematizada',0,155,235,142),(154,'2012-10-30 00:00:00','2014-04-21 17:35:55','Colección de Peces','CP-UCO',2006,'SD','Carrera 46 No. 40 B - 50, Laboratoro de Limnología','CO-ANT','05615','5699090 Ext. 285 - 532','gestaambiental.jefe@uco.edu.co','SD','SD','SD','Formulario de actualización','SD','SD',NULL,NULL,2,'',0,0,0,1,0,0,0,'85% Excel ',0,156,236,143),(155,'2011-09-16 00:00:00','2014-04-21 17:36:50','Herbario de la Universidad Católica de Oriente','HUCO',2002,'SD','Carrera 46 No. 40 B - 50, Herbario de la Universidad','CO-ANT','05615','5699090 Ext. 332','maquijano@uco.edu.co','SD','SD','SD','Formulario de actualización','SD','SD',NULL,NULL,2,'',0,0,0,1,0,0,0,'40% Excel',0,157,237,144),(156,'2012-07-05 00:00:00','2014-04-21 12:18:49','Herbario de la Universidad de Nariño','PSO',1964,'SD','Calle 18 Carrera 50, Ciudad Universitaria Torobajo, Bloque 1','CO-NAR','52001','7311449 Ext. 236','adminherbario@udenar.edu.co','SD','SD','SD','Formulario de actualización','SD','SD',NULL,NULL,2,'',0,0,0,1,0,0,0,'35% en WEBHERBUN',0,158,238,145),(157,'2008-04-28 00:00:00','2014-04-10 10:41:52','Colección de Artrópodos de Importancia Medica ','UVS',1959,'SD','Calle 13 No. 100 - 00, Facultad de Salud','CO-VAC','76001','3393243','lorena.cruz@correounivalle.edu.co','SD','SD','SD','Formulario de actualización','SD','SD',NULL,NULL,2,'',0,0,0,1,0,0,0,'No sistematizada',0,159,239,146),(158,'2004-01-26 00:00:00','2014-04-21 13:37:25','Insectos Acuáticos','IA-UPN',1990,'SD','Calle 72 No 11 - 86','CO-DC','11001','5941894 Ext. 274','biogarcia@yahoo.com','SD','SD','SD','Formulario de actualización ','SDS','SD',NULL,NULL,2,'',0,0,0,1,0,0,0,'Base de datos de Excel, sistematización en proceso',0,160,240,147),(159,'2009-05-15 00:00:00','2014-04-21 17:39:55','Fundación Universidad de Bogotá \"Jorge Tadeo Lozano\"','CIAA-UJTL',2000,'SD','Carrera central del norte Km 3 La Caro ','CO-DC','11001','2407030 Ext. 3674','luz.fuentes@utadeo.edu.co','SD','SD','SD','Formulario de actualización','SD','SD',NULL,NULL,2,'',0,0,0,1,0,0,0,'Excel 30%',0,161,241,148),(160,'2010-11-03 00:00:00','2014-04-21 17:40:55','Colección de Bacilos Esporulados Colombianos','UJTL-CBEC',2010,'SD','Carrera 4 No. 22 - 61','CO-DC','11001','2407030 Ext. 1818','javier.hernandez@utadeo.edu.co','SD','SD','SD','Formulario de actualización','SD','SD',NULL,NULL,2,'',0,0,0,1,0,0,0,'100% Excel ',0,162,242,149),(161,'2009-08-19 00:00:00','2014-04-21 12:13:04','Colección Entomológica del Nuquí','CENCIB',1997,'SD','Carrera 72 A No. 78 B - 141','CO-ANT','05001','4410855 Ext. 226','j.zuluaga@cib.org.co','SD','SD','SD','Formulario de actualización','SD','SD',NULL,NULL,2,'',0,0,0,1,0,0,0,'87% en base de datos',0,163,243,150),(162,'2009-05-05 00:00:00','2014-04-21 12:13:49','Colección de Insectos Acuáticos CIB','CIACIB',1997,'SD','Carrera 72 A No. 78 B - 141','CO-ANT','05001','4410855 Ext. 226','j.zuluaga@cib.org.co','SD','SD','SD','Formulario de actualización','SD','SD',NULL,NULL,2,'',0,0,0,1,0,0,0,'87% en la base de datos ',0,164,244,151),(163,'2009-05-14 00:00:00','2014-04-21 12:14:26','Colección de Mosquitos de Colombia CIB','CMCCIB',1991,'SD','Carrera 72 A No. 78 B - 141','CO-ANT','05001','4410855 Ext. 226','j.zuluaga@cib.org.co','SD','SD','SD','Formulario de actualización','SD','SD',NULL,NULL,2,'',0,0,0,1,0,0,0,'97% en la base de datos',0,165,245,152),(164,'2009-05-14 00:00:00','2014-04-21 12:15:05','Colección de Microorganismos','M-UBCB',1998,'SD','Carrera 72 A No. 78 B - 141','CO-ANT','05001','4410855 Ext. 226','j.zuluaga@cib.org.co','SD','SD','SD','Formulario de actualización ','SD','SD',NULL,NULL,2,'',0,0,0,1,0,0,0,'100% de la colección sistematizada',0,166,246,153),(167,'2010-07-28 00:00:00','2014-04-21 17:21:18','Colección de Insectos de Importancia Médica ','INS',1970,'SD','Av. Calle 26 No. 51 - 20, Zona 6 CAN','CO-DC','11001','2207700 Ext. 1297 - 1317','jramireza@ins.gov.co','SD','SD','SD','Formulario de sistematizacion','SD','SD',NULL,NULL,2,'',0,0,0,1,0,0,0,'SD',0,169,249,156),(168,'2008-08-26 00:00:00','2014-04-21 17:43:08','Colección Taxonómica Nacional de Insectos \"Luis María Murillo\"','CTNI',1927,'SD','Km 14 vía Mosquera','CO-CUN','25473','4227300','nbarreto@corpoica.org.co','SD','SD','SD','Formulario de actualización','SD','SD',NULL,NULL,2,'',0,0,0,1,0,0,0,'55% de la información en la base de datos BioloMICS',0,170,250,157),(169,'2002-08-12 00:00:00','2014-04-21 17:43:48','Colección Nacional de Fitopatógenos','CNF',1970,'SD','Km 14 vía Mosquera','CO-CUN','25473','4227300 Ext. 1390','posorio@corpoica.org.co','SD','SD','SD','Formulario de actualización','SD','SD',NULL,NULL,2,'',0,0,0,1,0,0,0,'EXCEL',0,171,251,158),(170,'2011-06-16 00:00:00','2014-04-21 17:44:22','Colección Colombiana de Investigación Agropecuaria - CORPOICA','CCoM',2002,'SD','C.I. Tibaitatá Km 14 vía Mosquera- C.I. Ceisa Av. Dorado No.42-42','CO-CUN','25473','4227300 Ext. 1311','jlrodrigueza@corpoica.org.co','SD','SD','SD','Formulario de actualización','SD','SD',NULL,NULL,2,'',0,0,0,1,0,0,0,'Base de datos en Excel',0,172,252,159),(175,'0000-00-00 00:00:00','2014-05-05 10:22:55','Colecciones Zoológicas - Museo de La Salle- Bogotá ','MLS',1904,'SD','Universidad de La Salle - Sede La Candelaria, Cr. 2 No. 10-70','CO-DC','11001','3535360 Ext. 2209-2214','museo@lasalle.edu.co','SD','SD','SD','Formulario de actualización \r\nCertificado de existencia y representación legal \r\nFotocopia Cedula Ciudania \r\nListado Ejemplares\r\nCertificado deposito, prestamo, intercambio','SD','evirtual.lasalle.edu.co:8080/ipt/',NULL,NULL,3,'',0,0,0,1,0,NULL,NULL,'El proceso de sistematización e integración de datos se llevó a cabo como primera media en Excel, posteriormente las consultas se realizan sobre la base de datos MySQL del servidor Specify, usando herramientas como Acces y lebguaje SQL, Publicaciones ITP (SIB)',1,173,257,8),(184,'2012-08-10 00:00:00','2014-04-21 17:48:56','Museo Entomológico \"Marcial Benavides\"','MEMB',1997,'SD','Km 4 vía Chinchiná - Manizales','CO-CAL','17174','8506550 ','cenicafe@cafedecolombia.com','SD','SD','SD','Formulario de actualización','SD','SD',NULL,NULL,2,'',0,0,0,1,0,0,0,'95% Sistematizada en base de datos ',0,176,269,160),(185,'2004-06-15 00:00:00','2014-04-21 17:49:39','Colección de Microorg de CENICAFÉ','CEN',1989,'SD','Km 4 vía Chinchiná - Manizales','CO-CAL','17174','8506550 Ext. 327','carlos.rivillas@cafedecolombia.co','SD','SD','SD','Formulario de actualización','SD','SD',NULL,NULL,2,'',0,0,0,1,0,0,0,'50% Excel',0,177,270,161),(186,'2009-10-28 00:00:00','2014-04-21 17:52:10','Colección de la Familia Constantino','CFC',1972,'SD','Carrera 3 Oeste No. 7 - 66, Barrio Arboledas','CO-VAC','76001','3166922871','luismiguel.constantino@hotmail.com','SD','SD','SD','Formulario de actualización ','SD','SD',NULL,NULL,2,'',0,0,0,1,0,0,0,'No se encuentra sistematizada',0,179,273,162),(187,'2010-07-09 00:00:00','2014-04-21 17:53:45','Colección Hans W. Dahners','PETALUDA',1975,'SD','Calle 8 oeste No. 4 - 32','CO-VAC','76001','8932592','hdahners@gmx.de','SD','SD','SD','Formulario de actualización','SD','SD',NULL,NULL,2,'',0,0,0,1,0,0,0,'Excel 100%',0,180,274,163),(188,'2009-10-28 00:00:00','2014-04-21 17:55:19','Colección de Piéridos de Colombia Rodrigo Torres Núñez','CPCRTN',1984,'SD','Carrera 9 No. 47- 52 Apto. 206','CO-DC','11001','2850212','rtorresn@colomsat.net.co','SD','SD','SD','Formulario de actualización ','SD','SD',NULL,NULL,2,'',0,0,0,1,0,0,0,'The Manager Colletion ( en implementación)',0,181,275,164),(189,'2011-10-26 00:00:00','2014-04-21 17:57:18','Colección Jean Francois Le Crom','JFLC',1980,'SD','Calle 61 No.37-31','CO-DC','11001','3102307808','jflecrom@hotmail.com','SD','SD','SD','Formulario de actualización','SD','SD',NULL,NULL,2,'',0,0,0,1,0,0,0,'20% sistematizada por el Tropical Andean Butterfly Diversity Proyect.',0,182,276,165),(190,'2006-02-03 00:00:00','2014-04-21 18:17:51','Colección de Invertebrados Mariposas ','C.J.I.V',1995,'SD','Barrio Turin Casa 11','CO-CAL','17873','8773429','joseigancio_05@yahoo.es','SD','SD','SD','Formulario de actualización ','SD','SD',NULL,NULL,2,'',0,0,0,1,0,0,0,'Excel',0,183,277,166),(191,'2004-01-26 00:00:00','2014-04-21 17:59:58','Herbario Vittoriano','HVc',2000,'SD','Carrera 4 con calle 3. Edificio para la educación superior ','CO-CUN','25297','0','museogacheta@yahoo.com','SD','SD','SD','Formulario de actualización ','SD','SD',NULL,NULL,2,'',0,0,0,1,0,0,0,'Sistematizada 40% Excel ',0,184,278,167),(193,'2003-10-03 00:00:00','2014-04-21 18:20:12','Colección de Herbario María Jiménez de Piñeres','HMJP',1978,'SD','Sector Matatute, Bolivar ','CO-BOL','13001','6637172','adriana.tinoco@gmail.com','SD','SD','SD','Formulario de actualización ','SD','SD',NULL,NULL,2,'',0,0,0,1,0,0,0,'Actualmente solo consulta especializada',0,186,280,169),(194,'2004-10-14 00:00:00','2014-04-21 18:20:50','Colección Viva German Botero de los Rios','CVGBR',1979,'SD','Sector Matatute, Bolivar','CO-BOL','13001','6637172','adriana.tinoco@gmail.com','SD','SD','SD','Formulario de actualización ','SD','SD',NULL,NULL,2,'',0,0,0,1,0,0,0,'Actualmente solo consulta especializada ',0,187,281,170),(195,'2010-07-28 00:00:00','2014-04-21 18:22:19','Colección de Insectos asociados a plantaciones forestales en Colombia','CONIF',1998,'SD','Facultad de Medio Ambiente, Sede Venado de Oro Universidad Distrital','CO-DC','11001','2118020','victornieto@conif.org.co','SD','SD','SD','Formulario de actualización','SD','SD',NULL,NULL,2,'',0,0,0,1,0,0,0,'Archivo de Microsoft Excel con datos de la coleccion',0,188,282,171),(196,'2010-07-28 00:00:00','2014-04-21 18:24:32','Herbario TULV - Jardín Botánico \"Juan María Céspedes\"','TULV',1983,'SD','Calle 6 No. 24-80 Avenida Rooselvelt','CO-VAC','76001','5146848','alecastulua@gmail.com','SD','SD','SD','Formulario de actualización ','SD','SD',NULL,NULL,2,'',0,0,0,1,0,0,0,'Excel 100%, ARKAS en espera del programa ',0,189,283,172),(197,'2008-10-03 00:00:00','2014-04-21 18:25:10','Jardín Botánico \"Juan María Céspedes\" ','JBJMC',1968,'SD','Calle 6 No. 24-80 Avenida Rooselvelt','CO-VAC','76001','5146848','alecastulua@gmail.com','SD','SD','SD','Formulario de actualización\r\n','SD','SD',NULL,NULL,2,'',0,0,0,1,0,0,0,'BGrecorder 50%',0,190,284,173),(198,'2012-10-30 00:00:00','2014-04-21 18:26:50','Museo de Historia Natural Marina de Colombia','MHNMC',1974,'SD','Calle 25 No. 2 -55. Playa Salguero','CO-MAG','47001','4328600','giomar.borrero@invemar.org.co','SD','SD','SD','Formulario de actualización ','SD','SD',NULL,NULL,2,'',0,0,0,1,0,0,0,'La información se encuentra sistematizada en el Sistema de Información de Biodiversidad Marina (SIBM) 80%',0,191,285,174),(199,'2009-05-29 00:00:00','2014-04-21 17:00:04','Herbario \"Armando Dugand\" ','DUGAND',1995,'SD','Km 7 Antigua vía Puerto Colombia','CO-ATL','08001','3197247','hcuadros@uniatlantico.edu.co','SD','SD','SD','Formulario de actualización','SD','SD',NULL,NULL,2,'',0,0,0,1,0,0,0,'100% Acces',0,192,286,175),(200,'2012-07-09 00:00:00','2014-04-21 18:28:50','Colección de Mariposas - Invertebrados ','JCASE',1979,'SD','Carrera 17A No. 49-13','CO-CAL','17001','8853568','julianadolfoster@gmail.com','SD','SD','SD','Formulario de actualización','SD','SD',NULL,NULL,2,'',0,0,0,1,0,0,0,'En proceso',0,193,287,176),(201,'2008-08-26 00:00:00','2014-05-05 10:29:30','Colección Familia Pardo Locarno','CFPL',1981,'SD','Carrera 21 No. 24 A - 63','CO-VAC','76520','2721198','pardolc@hotmail.com','SD','SD','SD','Formulario de actualización','SD','SD',NULL,NULL,2,'',0,0,0,1,0,0,0,'En proceso de catálogo de Scarabaeoidea',0,194,288,177),(202,'2001-11-15 00:00:00','2014-05-05 10:31:17','Annelida & Otros ','L-C',1984,'SD','Condominio Boca Salinas Apto 318, Sector Pozos Colorados','CO-MAG','47001','4321403','jjalaverde@hotmail.com','SD','SD','SD','Formulario de actualización','SD','SD',NULL,NULL,2,'',0,0,0,1,0,0,0,'50% de la colección registrada en base de datos de Excel',0,195,289,178),(203,'2004-10-29 00:00:00','2014-05-05 10:32:52','Mamíferos Marinos','MmFy',1991,'SD','Carrera 24 F oeste No. 3 - 110','CO-VAC','76001','5585585','yubarta@emcali.net.co','SD','SD','SD','Formulario de actualización','SD','SD',NULL,NULL,2,'',0,0,0,1,0,0,0,'No sistematizada',0,196,290,179),(204,'2008-09-23 00:00:00','2014-05-05 10:34:25','Colección de Microorganismos','CMCB',1999,'SD','Km 17 recta Cali- Palmira CIAT','CO-VAC','76520',' 4450114','usi1-biotec@cgiar.org','SD','SD','SD','SD','SD','SD',NULL,NULL,2,'',0,0,0,1,0,0,0,'100% Excel',0,197,291,180),(205,'2010-05-14 00:00:00','2014-05-05 10:37:39','Procedencias de Trichantera gigantea (H&B) Nees','FCISSPA',1994,'SD','Carrera 25 No. 6 - 62','CO-VAC','76001','5243061','cipav@cipav.org.co','SD','SD','SD','SD','SD','SD',NULL,NULL,2,'',0,0,0,1,0,0,0,'90% Excel',0,198,292,181),(206,'2010-06-17 00:00:00','2014-05-05 10:38:39','Colección Nacional de Totumo Crescentia cujete L','CNT - CIPAV',2010,'SD','Carrera 25 No. 6 - 62','CO-VAC','76001','5243061','cipav@cipav.org.co','SD','SD','SD','SD','SD','SD',NULL,NULL,2,'',0,0,0,1,0,0,0,'90% Excel',0,199,293,182),(207,'2002-02-27 00:00:00','2014-05-05 10:40:22','Jardín Botánico de Cali','JBC',2001,'SD','Av 3 OE No. 22 B 140','CO-VAC','76001','315 740 6444','jbc.arboleda@gmail.com','SD','SD','SD','SD','SD','SD',NULL,NULL,2,'',0,0,0,1,0,0,0,'SD',0,200,294,183),(208,'2004-02-27 00:00:00','2014-05-05 11:03:30','Colección de Flora Material Vivo y Herbario','JSJ',1991,'SD','Antigua Granja San Jorgue Vía Calambeo','CO-TOL','73001','2638334','jardinsanjorge@gmail.com','SD','SD','SD','Formulario de actualización','SD','SD',NULL,NULL,2,'',0,0,0,1,0,0,0,'BIORECORDER2',0,201,295,184),(209,'2004-09-20 00:00:00','2014-05-07 09:18:51','Herbario de Referencia CORANTIOQUIA','HR-C',1998,'SD','Carrera 65 No. 44 A -32','CO-ANT','05001','4938888','jtoro@corantioquia.gov.co','SD','SD','SD','SD','SD','SD',NULL,NULL,2,'',0,0,0,1,0,0,0,'Excel',0,202,296,185),(210,'2005-02-05 00:00:00','2014-05-07 09:21:23','Secretaria de Agricultura – Antioquia ','SA.A ',1970,'SD','Calle 42 No. 52 - 106 Centro Administrativo Departamental \"José María Córdova\"','CO-ANT','05001','4099000','gloriae@cis.net.co','SD','SD','SD','SD','SD','SD',NULL,NULL,2,'',0,0,0,1,0,0,0,'68 Excel',0,203,297,186),(211,'2008-12-18 00:00:00','2014-05-07 09:25:18','Colección Microbiológica – CIMIC ','CIMIC ',1979,'SD','Carrera 1 No. 18 A - 12','CO-DC','11001','3394949','museo@uniandes.edu.co','SD','SD','SD','SD','SD','SD',NULL,NULL,2,'',0,0,0,1,0,0,0,'85% Acces',0,204,298,187),(212,'2010-07-28 00:00:00','2014-05-07 09:26:04','Herbario Andes ','ANDES-HERB',2007,'SD','Carrera 1 No. 18 A - 12','CO-DC','11001','3394949','museo@uniandes.edu.co','SD','SD','SD','SD','SD','SD',NULL,NULL,2,'',0,0,0,1,0,0,0,'Specify 100%',0,205,299,188),(213,'2010-07-28 00:00:00','2014-05-07 09:26:51','Cepario Andes','ANDES-MICRO',2007,'SD','Carrera 1 No. 18 A - 12','CO-DC','11001','3394949','museo@uniandes.edu.co','SD','SD','SD','SD','SD','SD',NULL,NULL,2,'',0,0,0,1,0,0,0,'Specify 100%',0,206,300,189),(214,'2010-07-28 00:00:00','2014-05-07 09:27:48','Colección de Hongos Macroscópicos Andes','ANDES-HONGOS',2007,'SD','Carrera 1 No. 18 A - 12','CO-DC','11001','3394949','museo@uniandes.edu.co','SD','SD','SD','SD','SD','SD',NULL,NULL,2,'',0,0,0,1,0,0,0,'Specify 100%',0,207,301,190),(215,'2010-07-27 00:00:00','2014-05-07 09:28:31','Banco de ADN y Tejidos ANDES','ANDES-ADN',2007,'SD','Carrera 1 No. 18 A - 12','CO-DC','11001','3394949','museo@uniandes.edu.co','SD','SD','SD','SD','SD','SD',NULL,NULL,2,'',0,0,0,1,0,0,0,'Specify 100%',0,208,302,191),(216,'2004-03-11 00:00:00','2014-05-07 09:36:08','Villa Ludivica ','JEBVL',2000,'SD','Avenida del Libertador 15-03 El Cerro','CO-MAG','47001','4216644','vludovica@hotmail.com','SD','SD','SD','SD','SD','SD',NULL,NULL,2,'',0,0,0,1,0,0,0,'Base de datos Access 25%',0,209,303,192),(217,'2012-06-27 00:00:00','2014-05-07 09:38:21','Colección Biológica Centro de Investigaciones Oceanográficas e Hidrográficas del Pacífico','CB-CCCP',1994,'SD','Vía \"El Morro\", Capitanía de ´Puerto, Tumaco Nariño.','CO-NAR','52001','7272637','jefcccp@dimar.mil.co','SD','SD','SD','SD','SD','SD',NULL,NULL,2,'',0,0,0,1,0,0,0,'Excel 70%',0,210,304,193),(218,'2008-04-24 00:00:00','2014-05-07 09:41:53','Jardín Botánico de la Universidad de Pereira ','JB-UTP',1983,'SD','Calle 17 , Campus Universitario','CO-RIS','66001','3131700','comanchematas@yahoo.com','SD','SD','SD','SD','SD','SD',NULL,NULL,2,'',0,0,0,1,0,0,0,'B.G recorder 100%',0,211,305,194),(219,'2012-11-23 00:00:00','2014-05-07 09:43:26','Cepario Corpogen ','CG',1996,'SD','Carrera 5 No. 66 A - 34','CO-DC','11001','8050106','mlcepedah@corpogen.org','SD','SD','SD','SD','SD','SD',NULL,NULL,2,'',0,0,0,1,0,0,0,'98% Excel',0,212,306,195),(220,'2008-05-20 00:00:00','2014-05-07 09:45:06','Colección de Invertebrados y Vertebrados','M.H.N.C.C',2003,'SD','Ecoparque Los Yarumos ','CO-CAL','17001','8755621','rnc@humboldt.org.co','SD','SD','SD','SD','SD','SD',NULL,NULL,2,'',0,0,0,1,0,0,0,'SD',0,213,307,196),(221,'0000-00-00 00:00:00',NULL,'Herbario \"Armando Dugand\" ','DUGAND',1995,'Flora del departamento del Atlantico y region Caribe colombiana','Km 7 Antigua vía Puerto Colombia','CO-ATL','08001','3599481','hermescuadros@mail.uniatlantico.edu.co','Floristica','Región Caribe continental','Departamento del Atlántico- Indefinido','Formulario de actualización','SD','SD',NULL,NULL,0,NULL,0,0,0,1,30,NULL,5,'100% Access',1,214,308,175),(224,'2011-02-07 00:00:00','2014-05-06 11:45:41','COLECCION DE MICROALGAS DE LA UNIVERSIDAD DE LA SABANA','ALGUS',2011,'SD','KM 7 AUTONORTE, PUENTE EL COMUN CAMPUS UNIVERSITARIO CHIA','CO-CUN','25175','8615555','leonor.botero@unisabana.edu.co','SD','SD','SD','SD','SD','SD',NULL,NULL,2,'',0,0,0,1,0,0,0,'37.5 Catalogados en Excel',0,218,312,199),(225,'2010-10-29 00:00:00','2014-05-07 09:46:14','Jardín Botánico del Quindío','JBQ',1969,'SD','Av. Centenario 15 - 190 Km. 3 vía al Valle ','CO-QUI','63130','7425274','jardinbotanicoquindio@gmail.com','SD','SD','SD','SD','SD','SD',NULL,NULL,2,'',0,0,0,1,0,0,0,'Excel 80%, y BG- recorder 2.0',0,219,313,200),(226,'2014-01-22 00:00:00','2014-05-07 09:47:12','Colección de Insectos del Jardín Botánico del Quindío','CIJBQ',1999,'SD','Av. Centenario 15 - 190 Km. 3 vía al Valle','CO-QUI','63130','7425274','jardinbotanicoquindio@gmail.com','SD','SD','SD','SD','SD','SD',NULL,NULL,2,'',0,0,0,1,0,0,0,'Excel 100%, proceso para adaptar a Darwin Core',0,220,314,201),(227,'2006-12-20 00:00:00','2014-05-07 09:49:24','Herbario de Botánica Económica Universidad Militar Nueva Granada','UMNG-H',2001,'SD','Hacienda Río Grande, Km 1 vía Cajica - Zipaquira','CO-DC','11001','6500000','cmedinab@umng.edu.co','SD','SD','SD','SD','SD','SD',NULL,NULL,2,'',0,0,0,1,0,0,0,'En proceso de sistematización',0,221,315,202),(228,'2010-09-07 00:00:00','2014-05-07 09:50:06','Colección de Malocofaunica Terrestre de la Facultad de Ciencias de la UMNG ','UMNG-MT ',2003,'SD','Carrera 11 No. 101 - 80','CO-DC','11001','6500000','cmedinab@umng.edu.co','SD','SD','SD','SD','SD','SD',NULL,NULL,2,'',0,0,0,1,0,0,0,'Excel 100%, Specify taxonomy',0,222,316,203),(229,'2005-02-05 00:00:00','2014-05-07 09:50:51','Colección Entomológica de la Facultad de Ciencias de la Universidad Militar Nueva Granada','UMNG-Ins',2000,'SD','Carrera 11 No. 101 - 80','CO-DC','11001','6500000','cmedinab@umng.edu.co','SD','SD','SD','SD','SD','SD',NULL,NULL,2,'',0,0,0,1,0,0,0,'Excel 100%',0,223,317,204),(230,'2008-07-23 00:00:00','2014-05-07 09:52:33','Fundación Centro de Primates','FCP',1991,'SD','Km 6 vía Cali, Puerto Tejada','CO-VAC','76001','5216231','ensayos@inmuno.org','SD','SD','SD','SD','SD','SD',NULL,NULL,2,'',0,0,0,1,0,0,0,'100% Excel',0,224,318,205),(231,'2013-09-12 00:00:00','2014-05-07 09:54:08','Museo Entomológico Piedras Blancas','MEPB',2004,'SD','Parque Ecológico Piedras Blancas, Vereda Piedras Blancas Km. 14, vereda Santa Helena ','CO-ANT','05001','4601100','jcardona1@comfenalcoantioquia.com','SD','SD','SD','SD','SD','SD',NULL,NULL,2,'',0,0,0,1,0,0,0,'100% Excel',0,225,319,206),(234,'2009-10-28 00:00:00','2014-05-07 09:56:04','Herbario de Bambusoideas del Centro Nacional para el Estudio del Bambú – Guadua ','CRQ - CNEBG',1801,'SD','Km 22 vía Armenia - Cordoba, Centro Nacional para el Estudio del Bambú - Guadua','CO-QUI','63001','7460600 Ext. 679','edgier2006@hotmail.com','SD','SD','SD','SD','SD','SD',NULL,NULL,2,'',0,0,0,1,0,0,0,'Excel 100%',0,228,322,207),(235,'2011-10-28 00:00:00','2014-05-07 09:57:29','Jardín Botánico de Plantas Medicinales del CEA de CORPOAMAZONÍA ','JB-MEDICINALES-C.E.A',1999,'SD','Vereda San Carlos Km. 8 Mocoa - Villagarzón - Centro Experimental Amazónico CEA','CO-PUT','86001','4295267','lrivera@corpoamazonia.gov.co','SD','SD','SD','SD','SD','www.corpoamazonia.gov.co:85/cea/WEBJB/',NULL,NULL,2,'',0,0,0,1,0,0,0,'99% base de datos ',0,229,323,208),(236,'2010-07-09 00:00:00','2014-05-07 09:59:00','Herbario Universidad del Cauca','CAUP ',1948,'SD','Carrera 2 No. 1A -25 ','CO-CAU','19001','8209900','unicauca.caup@gmail.com','SD','SD','SD','SD','SD','SD',NULL,NULL,2,'',0,0,0,1,0,0,0,'98% Excel',0,230,324,209),(237,'2008-04-30 00:00:00','2014-05-07 10:00:40','Jardín Botánico Quinta de San Pedro Alejandrino','JBQSPA',2004,'SD','Av. El Libertador Quinta de San Pedro Alejandrino','CO-MAG','47001','4330589 - 4331021','ecojoc@yahoo.com','SD','SD','SD','SD','SD','SD',NULL,NULL,2,'',0,0,0,1,0,0,0,'90% Excel',0,231,325,210),(238,'2008-06-13 00:00:00','2014-05-07 10:03:09','Enrique Yidi','EY',2008,'SD','Vía 40 Carretera eternit loma 3, Edificio Euromarmol','CO-ATL','08001','3600208','enriyidi@yahoo.com','SD','SD','SD','SD','SD','www.colombianhells.com',NULL,NULL,2,'',0,0,0,1,0,0,0,'100% base de datos ',0,232,326,211),(239,'2013-06-20 00:00:00','2014-05-07 10:04:20','Herbario de la Universidad El Bosque ','HUEB ',2003,'SD','Carrera 7 bis No. 132 - 11 salon k101','CO-DC','11001','6489000 Ext. 1598','biologia@unbosque.edu.co','SD','SD','SD','SD','SD','SD',NULL,NULL,2,'',0,0,0,1,0,0,0,'Acces 50% ',0,233,327,212),(240,'2009-10-28 00:00:00','2014-05-07 10:06:16','Juan J. Silva Haad','JSH',1962,'SD','Carrera 11 No. 14 -21','CO-AMA','91001','9226533','juanjhaad@yahoo.com','SD','SD','SD','SD','SD','SD',NULL,NULL,2,'',0,0,0,1,0,0,0,'Base de datos, Specify 6.06 con acceso al 100% de la información',0,234,328,213),(241,'2010-07-30 00:00:00','2014-05-07 10:07:46','Colección de Entomología ICMT ','CEICMT',1998,'SD','Carrera 43 A No. 52 S 99','CO-ANT','05631','3053500','gparra@ces.edu.co','SD','SD','SD','SD','SD','SD',NULL,NULL,2,'',0,0,0,1,0,0,0,'70% Excel',0,235,329,214),(243,'0000-00-00 00:00:00',NULL,'COLECCION DE MICROALGAS DE LA UNIVERSIDAD DE LA SABANA','ALGUS',2011,'ESPECIMENES AISLADOS DE FUENTES HIDRICAS DE COLOMBIA ','KM 7 AUTONORTE, PUENTE EL COMUN CAMPUS UNIVERSITARIO CHIA','CO-CUN','25175','8615555','leonor.botero@unisabana.edu.co','SD','SD','SD','15 formatos de especimenes nuevos\r\nFotocopia Cedula Titular\r\nCertificado de existencia\r\nPermiso de recolección\r\nCertificado de autodeclaración','','',NULL,NULL,0,NULL,0,0,0,1,0,1,0,'Archivos Digitales',1,237,330,199),(244,'2011-07-05 00:00:00','2014-05-08 09:18:19','Aviario Nacional de Colombia ','AVIARIO',2007,'SD','Diagonal 21 45 A 19 Bosque','CO-BOL','13001','6622077','aviarionacionaldecolombia@yahoo.com','SD','SD','SD','SD','SD','SD',NULL,NULL,2,'',0,0,0,1,0,0,0,'Base de datos en Excel 85%',0,238,331,215),(245,'2013-12-16 00:00:00','2014-05-08 09:31:39','Colección de bacterias aisladas de Musa sp. ','EA -CB',2009,'SD','Carrera 49 No. 7 Sur - 50','CO-ANT','05001','4489500','vvilleg2@eafit.edu.co','SD','SD','SD','SD','SD','SD',NULL,NULL,2,'',0,0,0,1,0,0,0,'SD',0,239,332,216),(246,'2011-07-21 00:00:00','2014-05-08 09:29:58','Herbario ICESI','ICESI',2010,'SD','Calle 18 No. 122 - 135','CO-VAC','76001','5552334','wgvargas@icesi.edu.co','SD','SD','SD','SD','SD','SD',NULL,NULL,2,'',0,0,0,1,0,0,0,'Excel',0,240,333,217),(247,'2012-07-12 00:00:00','2014-05-08 09:28:34','Colección Laboratorio de Aguas Empresa de Acueducto y Alcantarillado de Bogotá ','EAAB - ESP',2003,'SD','Av. Calle 24 No. 37 - 15','CO-DC','11001','3447000','garenas@acueducto.com.co','SD','SD','SD','SD','SD','SD',NULL,NULL,2,'',0,0,0,1,0,0,0,'100% sistematizada',0,241,334,218),(248,'2013-01-31 00:00:00','2014-05-08 09:27:09','Jardín Botánico Uniamazonía y Herbario','HUAZ',2005,'SD','Carrera 11 No. 5 - 59 sede centro instalaciones antiguo IDEMA','CO-CAQ','18001','4358786 Ext. 166','j.botanicouniamazonia@gmail.com','SD','SD','SD','SD','SD','SD',NULL,NULL,2,'',0,0,0,1,0,0,0,'MYSQAL 40%',0,242,335,219),(249,'2013-05-30 00:00:00','2014-05-08 09:24:47','Colección Entomológica Tecnológico de Antioquia','CETdeA',2011,'SD','Calle 78 B No. 72 A - 220','CO-ANT','05001','4547000','manalejo1781@gmail.com','SD','SD','SD','SD','SD','SD',NULL,NULL,2,'',0,0,0,1,0,0,0,'Excel 100%',0,243,336,220),(250,'2001-08-10 00:00:00','2014-05-08 09:26:04','Herbario Nacional de Malezas','HNM',1971,'SD','Km 14 vía Mosquera','CO-CUN','25473','4227300','mip@corpoica.org.co','SD','SD','SD','SD','SD','SD',NULL,NULL,2,'',0,0,0,1,0,0,0,'5% de la colección sistematizada',0,244,337,221),(251,'2003-09-15 00:00:00','2014-05-08 09:23:14','Colección Personal Carlos Sarmiento','CPCS',1984,'SD','Carrera 40 No. 36 - 21 Sur ','CO-DC','11001','7200024','cesarmiento@yahoo.com','SD','SD','SD','SD','SD','SD',NULL,NULL,2,'',0,0,0,1,0,0,0,'No hay base de datos de la colección',0,245,338,222),(252,'2004-01-26 00:00:00','2014-05-08 09:21:47','Colección Da Ros','C DR',1985,'SD','Museo Vittoriano Calle 3 No. 4 -10','CO-CUN','25297','8535718','museohn@unicauca.edu.co','SD','SD','SD','SD','SD','SD',NULL,NULL,2,'',0,0,0,1,0,0,0,'Excel 15%',0,246,339,223),(253,'2001-08-10 00:00:00','2014-05-14 09:15:46','Material Vegetal Unidad del Biotecnología ','CMVB - UCO ',1990,'SD','Carrera 46 No. 40 B - 50','CO-ANT','05615','5316666 Ext. 248','ubv@uco.edu.co','SD','SD','SD','SD','SD','SD',NULL,NULL,2,'',0,0,0,1,0,0,0,'SD',0,247,340,224),(258,'0000-00-00 00:00:00','2014-05-14 10:29:51','Museo de Historia Natural de la Universidad de la Amazonia ','UAM',2002,'Colección biologica con preservación de especímenes en seco y liquido. grupos taxonómicos Invertebrados y vertebrados','Carrera 11 No. 6 - 69, Barrió Juan XXIII, Sede Centro','CO-CAQ','18001','3143939933','alexandervelasquezvalencia@gmail.com','Componente FAUNA: -Invertebrados (Artropodos) -Vertebrados (Anfibios, Aves, Reptiles, Mamiferos, Peces).','Región Andino Amazonica','2002 - 2014','Certificado de existencia y representación legal\r\nCopia de cédula de ciudadanía\r\nCertificado de autodeclaración\r\nPermiso de investigaciones para la obtención de especímenes','SD','SD',NULL,NULL,3,'Estimado Alexander, \r\n\r\nLas observaciones pertinentes respecto a la actualización del registro, han sido enviadas por correo electrónico. \r\n\r\nQuedo atenta, \r\n\r\nJeimmy Díaz',0,0,0,1,3,NULL,0,' base de datos en formato SQL server que es alimentada desde el servidor central de la Universidad de la Amazonía con el fin que se pueda accesar desde cualquier parte del mundo. se cuenta con una base de datos de todos los grupos en formato .XLS',1,252,345,74),(262,'0000-00-00 00:00:00','2014-05-14 12:15:14','Zoológico Jaime Duque ','ZJD',1990,'El Zoologico Jaime Duque, busca a través de investigación y educación ambiental, promover la conservación de la diversidad biológica y cultural colombiana manteniendo altos estándares en bienestar animal.','Km. 34 Autopista Central de Norte. Parque Jaime Duque ','CO-CUN','25817','6200681','info@parquejaimeduque.com','Anfibios, Aves, Mamiferos, Reptiles','Amércia, África, Asia','SD','Formulario de actualización 2014\r\nInventario Zoológico 2014','SD','www.parquejaimeduque.com',NULL,NULL,3,'Estimada Catalina, \r\nLas observaciones pertinentes han sido enviadas por medio de correo eletrónico, \r\n\r\nQuedo atenta, \r\n\r\nJeimmy Díaz.',0,0,0,1,0,1,0,'90% de la información sistematizada',1,256,349,61),(265,'0000-00-00 00:00:00','2014-05-09 11:12:31','sd','sd',1800,'sd','sd','CO-DC','11001','sd','jpdiaz.111@gmail.com','sd','sd','sd','sd','sd','sd',NULL,NULL,4,'',0,0,0,1,0,1,0,'sd',0,259,353,225),(266,'0000-00-00 00:00:00','2014-05-09 14:56:42','sd','sd',1800,'sd','sd','CO-DC','11001','sd','jpdiaz.111@gmail.com','sd','sd','sd','sd','sd','sd',NULL,NULL,2,'',0,0,0,1,0,NULL,0,'sd',0,264,358,225),(267,'0000-00-00 00:00:00','2014-05-14 10:51:14','La Casa del Insecto','CEH',1993,'SD','Carrera 16 A 6 - 48, Floresta','CO-CAL','17873','8778733','efrain.henao@ucaldas.edu.co','SD','SD','SD','Formulario de actualización y inventario de ejemplares','SD','SD',NULL,NULL,3,'Estimado Efraín, \r\nLas observaciones correspondientes a la actualización han sido enviadas por correo electrónico, \r\n\r\nQuedo atenta \r\n\r\nJeimmy Díaz',0,0,0,1,0,NULL,0,'La base de datos se encuentra en un 60% de desarrollo, con 15 atributos y mas de 3000 ejemplares con datos de procedencia y datos taxómonicos. Su consulta es gratuita previa solicitud escrita al director de la colección o a los curadores',1,265,359,43),(268,'0000-00-00 00:00:00',NULL,'Colección Jean Francois Le Crom','JFLC',1980,'SD','Calle 61 No.37-31','CO-DC','11001','3102307808','jflecrom@hotmail.com','SD','SD','SD','Formulario de actualización','SD','SD',NULL,NULL,0,NULL,0,0,0,1,0,NULL,0,'20% sistematizada por el Tropical Andean Butterfly Diversity Proyect.',1,266,360,165),(278,'2014-03-11 00:00:00','2014-05-14 14:35:25','Colección Hidrobiologica del Choco','CHbCh',1991,'SD','Barrio Nicolas Medrano - Ciudadela Universitaria, Bloque 11','CO-CHO','27001','6711616 Ext. 145','felipeangulo@hotmail.com','SD','SD','SD','SD','SD','SD',NULL,NULL,2,'',0,0,0,1,0,NULL,0,'Biota, Excel 90%',0,277,372,124),(279,'0000-00-00 00:00:00',NULL,'Colección Zoológica ','PSO-Z',1962,'SD','Calle 18 Carrera 50, Ciudad Universitaria Torobajo, Bloque 1','CO-NAR','52001','7311449 Ext. 266 / 7314477','laboratorios@udenar.edu.co','SD','SD','SD','Certificado de existencia y representación legal, copia cedula titular colección, permisos que acreditan la obtención legal de los especimenes y certificado de autodeclaración','SD','SD',NULL,NULL,0,NULL,0,0,0,1,0,NULL,0,'Programa de sistematización: Excel 2010, 80% digitalizado',1,278,373,46),(280,'0000-00-00 00:00:00',NULL,'Jardín Botánico José Celestino Mutis - Herbario y Carpofilacio','JBB',1955,'El Herbario JBB es una colección de carácter público, especializado en las zonas de vida andina y de páramo.','Avenida Calle 57 No. 61 -13','CO-DC','11001','4377060 Ext. 241','herbario@jbb.gov.co','Plantas y líquenes','Zonas de vida andina y paramuna','SD','Formulario de actualización ','SD','SD',NULL,NULL,0,NULL,0,0,0,1,0,NULL,0,'90% Excel ',1,279,374,119),(282,'0000-00-00 00:00:00',NULL,'Jardín Botánico José Celestino Mutis - Colección Viva','JBJCM-cv',1955,'SD','Avenida Calle 63 No. 68-98','CO-DC','11001','4377060 Ext. 233','bjaimes.s@gmail.com','SD','SD','SD','Formulario de actualización','SD','SD',NULL,NULL,0,NULL,0,0,0,1,0,NULL,0,'Sistematizada en la base de datos BG-Recorder2  100%',1,281,376,120),(286,'0000-00-00 00:00:00',NULL,'Museo de Historia Natural Universidad del Cauca','MHN-UC',1936,'SD','Carrera 2 No. 1 A - 25 ','CO-CAU','19001','8209800 Ext. 2620 -2626','museohisnatural@unicauca.edu.co','SD','SD','SD','Formulario de actualización ','SD','http://museo.unicauca.edu.co ',NULL,NULL,0,NULL,0,0,0,1,0,NULL,0,'Excel 100 %, En la página del Museo http://museo.unicauca.edu.co se encuentran disponibles los catálogos que contienen la información de las colecciones de mamíferos, hormigas, anfibios y reptiles.   ',1,286,381,48),(288,'0000-00-00 00:00:00','2014-06-17 09:15:50','Museo de Historia Natural Universidad del Cauca','MHN-UC',1936,'Colecciones de referencia de especimenes de zoología ','Carrera 2 No. 1 A - 25 ','CO-CAU','19001','8209800 Ext. 2620 -2626','museohisnatural@unicauca.edu.co','Entomología, Invertebrados no insectos, Ictiología, Herpetología, Ornitología y Mastozoología.','Colombia y Sur ooccidente colombiano','Desde 1936 hasta la actualidad','Formulario de actualización ','SD','http://museo.unicauca.edu.co ',NULL,NULL,3,'Estimada María del Pilar, \r\n\r\nRespecto a la actualización en línea del registro No. 44 Museo de Historia Natural Universidad del Cauca, me permito informarle:\r\n\r\n1. En la sección ‘Cobertura Taxonómica’ se debe realizar una descripción de los grandes grupos de organismos de la colección. Como mínimo a nivel de familia.\r\n\r\n2. Es necesario para culminar el proceso de actualización anexar los siguientes documentos \r\n\r\na. Certificado de existencia y representación legal. \r\nb. Copia de la cédula de ciudadanía del representante legal de la colección.  \r\nc. Certificado de autodeclaración (formato RNC) lo podrá encontrar en la sección ‘Guía e Instructivo\' del aplicativo. \r\nd. Permisos que acrediten la obtención legal de los especímenes. \r\n\r\n4. En la sección ‘Elaborado por’ cambiar los datos del administrador RNC, y consignar los datos de quien diligencia el formulario.\r\n\r\nSi tiene alguna inquietud no dude en contactarse con nosotros, estaremos prestos a colaborar en lo que requiera. \r\n\r\nSaludos cordiales, \r\n\r\nJeimmy Díaz \r\n\r\n',0,0,0,1,0,NULL,0,'Excel 100 %, En la página del Museo http://museo.unicauca.edu.co se encuentran disponibles los catálogos que contienen la información de las colecciones de mamíferos, hormigas, anfibios y reptiles.   ',1,288,383,48),(289,'0000-00-00 00:00:00',NULL,'Museo de Historia Natural Universidad del Cauca','MHN-UC',1936,'SD','Carrera 2 No. 1 A - 25 ','CO-CAU','19001','8209800 Ext. 2620 -2626','museohisnatural@unicauca.edu.co','SD','SD','SD','Formulario de actualización ','SD','http://museo.unicauca.edu.co ',NULL,NULL,0,NULL,0,0,0,1,0,NULL,0,'Excel 100 %, En la página del Museo http://museo.unicauca.edu.co se encuentran disponibles los catálogos que contienen la información de las colecciones de mamíferos, hormigas, anfibios y reptiles.   ',1,289,384,48),(291,'0000-00-00 00:00:00','2014-06-17 09:32:52','Herbario de Referencia CORANTIOQUIA','HR-C',1998,'SD','Carrera 65 No. 44 A -32','CO-ANT','05001','4938888','jtoro@corantioquia.gov.co','SD','SD','SD','SD','SD','SD',NULL,NULL,3,'Estimado Juan, \r\nRespecto a la actualización en línea del registro No. 117 Herbario de Referencia Corantioquia, me permito informarle:\r\n1. Es de vital importancia completar los campos en el formulario que tengan las siglas SD (sin dato), esto con el fin de poder obtener información precisa sobre la colección. \r\n2. En la sección ‘Descripción’ debe consignar un texto que incluya las características sobresalientes de la colección, nos permitimos sugerir incluir la misión y la visión de la misma\r\n3. Completar la sección ‘Cobertura’\r\n4. Completar la sección ‘Tipos de preservación’\r\n5. En el caso de los % de catalogación, corresponde a los que están solamente identificados a nivel de género, familia, especie, para que la sumatoria corresponda al 100%. (Casillas 3, 4, 5 y 6)\r\n6. Es necesario para culminar el proceso de actualización anexar los siguientes documentos\r\na. Certificado de existencia y representación legal. \r\nb. Copia de la cédula de ciudadanía del representante legal de la colección.  \r\nc. Certificado de autodeclaración (formato RNC) lo podrá encontrar en la sección ‘Guía e Instructivo\' del aplicativo. \r\nd. Permisos que acrediten la obtención legal de los especímenes. \r\n7. En la sección ‘Elaborado por’ cambiar los datos del administrador RNC, y consignar los datos de quien diligencia el formulario.\r\nSi tiene alguna inquietud no dude en contactarse con nosotros, estaremos prestos a colaborar en lo que requiera. \r\nSaludos cordiales, \r\nJeimmy Díaz  \r\n',0,0,0,1,0,NULL,0,'Excel',1,291,386,185),(293,'0000-00-00 00:00:00','2014-06-17 09:38:35','Colección Piscilago Zoo','PZ',1990,'SD','Km 104 vía Bogotá - Girardot','CO-CUN','25488','3175757431','zoologico.piscilago@colsubsidio.com','Animalia','Bosque seco tropical, bosque húmedo. Suramérica, Colombia, Valle del Alto Magdalena.','SD','Formulario de actualización ','SD','SD',NULL,NULL,3,'Estimada Juana, \r\n\r\nLe ofrecemos disculpas por responder hasta ahora este correo.\r\n\r\nRespecto a la actualización del registro No. 100 Piscilago Zoo me permito informarle, que el Instituto Humboldt se encuentra sometiendo para concepto del  Ministerio de Ambiente y Desarrollo Sostenible (MADS), la definición del alcance del Registro Único Nacional de Colecciones Biológicas (RNC) a la luz del Decreto 1375 de 2013, toda vez que en el parágrafo 1 del artículo 2. Ámbito de aplicación, se establece que el registro para los zoológicos, acuarios y jardines se realizaría siempre que exista una colección preservada.\r\n\r\nPor lo tanto, no se ha dado trámite a la actualización hasta no obtener una definición sobre este caso en particular.\r\n\r\nEstaremos atentos a informarle sobre las directrices que se den desde el MADS.\r\n\r\nUn saludo cordial,\r\n\r\nJeimmy Díaz',0,0,0,1,0,1,0,'90% de la información de la colección se encuentra sistematizada',1,293,388,64),(294,'0000-00-00 00:00:00',NULL,'Colección de Mariposas - Invertebrados ','JCASE',1979,'SD','Carrera 17A No. 49-13','CO-CAL','17001','8853568','julianadolfoster@gmail.com','SD','SD','SD','Formulario de actualización','SD','SD',NULL,NULL,0,NULL,0,0,0,1,0,NULL,0,'En proceso',1,294,389,176),(295,'0000-00-00 00:00:00',NULL,'Herbario de la Orinoquia Colombiana','LLANOS',1990,'SD','Km. 12 vía Puerto López','CO-MET','50001','6698239','luzmila@unillanos.edu.co','SD','SD','SD','Formulario de actualización ','SD','SD',NULL,NULL,0,NULL,0,0,0,1,0,NULL,0,'NO',1,295,391,114),(296,'0000-00-00 00:00:00','2014-06-09 14:55:06','Herbario de la Orinoquia Colombiana','LLANOS',1990,'SD','Km. 12 vía Puerto López','CO-MET','50001','6698239','luzmila@unillanos.edu.co','SD','SD','SD','Formulario de actualización ','SD','SD',NULL,NULL,3,'Estimada Luz Stella,\r\n \r\nRealizando la respectiva retroalimentación de la actualización nos permitimos informarte:\r\n\r\n1.Es de vital importancia para la actualización del registro completar los espacios que tengan las siglas SD (sin dato), esto para el posicionamiento y divulgación de la colección de herbario de la universidad. \r\n2.Es necesario adjuntar los documentos que se solicitan a continuación:\r\n\r\n•Certificado de existencia y representación legal \r\n•Copia de la cédula del representante legal de la colección\r\n•Certificado de autodeclaración (formato RNC) lo podrá encontrar en la sección ‘Guía e Instructivo’ del aplicativo.\r\n• Permisos que acrediten la obtención legal de los especímenes \r\n\r\n3.Agradecemos modificar la información de la pestaña ‘Elaborado por’\r\n\r\nQuedamos al tanto a cualquier inquietud. \r\n\r\nSaludos cordiales, \r\n\r\nJeimmy\r\n',0,0,0,1,0,NULL,0,'NO',1,296,392,114),(297,'0000-00-00 00:00:00','2014-06-09 14:47:23','Herbario de la Orinoquia Colombiana','LLANOS',1990,'SD','Km. 12 vía Puerto López','CO-MET','50001','6698239','luzmila@unillanos.edu.co','SD','SD','SD','Formulario de actualización ','SD','SD',NULL,NULL,3,'',0,0,0,1,0,NULL,0,'NO',1,297,393,114),(299,'0000-00-00 00:00:00',NULL,'Colección Jean Francois Le Crom','JFLC',1980,'SD','Calle 61 No.37-31','CO-DC','11001','3102307808','jflecrom@hotmail.com','SD','SD','SD','Formulario de actualización','SD','SD',NULL,NULL,0,NULL,0,0,0,1,0,NULL,0,'20% sistematizada por el Tropical Andean Butterfly Diversity Proyect.',1,299,395,165),(306,'0000-00-00 00:00:00','2014-06-16 16:18:37',' Colección Alejandro Lopera','CAL',1995,'Coleccion de Escarabajos Coprofagos de Colombia (Scarabaeidae, Geotrupidae, Ceratoncanthidae, Trogidae)','Carrera 22 No. 137 - 79','CO-DC','11001','2741714','alejandro.lopera@gmail.com','Scarabaeidae, Trogidae, Geotrupidae, Ceratoncanthidae','Colombia, Costa Rica, Venezuela, Peru, Bolivia, Brasil','1990 - 2014','Formulario de actualización','SD','SD',NULL,NULL,3,'Estimado Alejandro, \r\n\r\nRespecto a la actualización del registro No. 002 Colección personal Alejandro Lopera, me permito informarle:\r\n \r\n1. En la sección \' Tipos de preservación\' es necesario realizar la descripción de cuales grupos de ejemplares son preservador mediante cada técnica\r\n2.Para el caso de los porcentajes de identificación, corresponde a los que solamente se encuentren identificados a nivel de género, familia, especie para que la sumatoria corresponda al 100% (casillas 3, 4, 5 y 6)\r\n3.Se deben anexar los siguientes documentos: \r\na.Fotocopia de la cédula de ciudadanía \r\nb.Certificado de autodeclaración (formato RNC) lo podrá  encontrar en la sección \'Guía e Instructivo del aplicativo\' \r\nc. Permisos que acrediten la obtención legal de los especímenes \r\n4. En la sección elaborado por cambiar los datos del administrador y consignar los datos de              quien realiza trámite de actualización.\r\n\r\nNo dude en contactarse con nosotros si tiene alguna inquietud.\r\n\r\nSaludos cordiales, \r\n\r\nJeimmy',0,0,0,1,30,NULL,0,'Todos los ejemplares catalogados estan incluidos en una base de datos de Excel por medio de tablas dinamicas',1,306,402,29),(310,'0000-00-00 00:00:00',NULL,'COLECCION DE MICROALGAS DE LA UNIVERSIDAD DE LA SABANA','ALGUS',2011,'SD','KM 7 AUTONORTE, PUENTE EL COMUN CAMPUS UNIVERSITARIO CHIA','CO-CUN','25175','8615555','leonor.botero@unisabana.edu.co','SD','SD','SD','SD','SD','SD',NULL,NULL,0,NULL,0,0,0,1,0,NULL,0,'37.5 Catalogados en Excel',1,310,406,199),(311,'0000-00-00 00:00:00','2014-06-17 09:42:14','Fundación Centro de Primates','FCP',1991,'SD','Km 6 vía Cali, Puerto Tejada','CO-VAC','76001','5216231','ensayos@inmuno.org','SD','SD','SD','SD','SD','SD',NULL,NULL,3,'Estimada Myriam, \r\n\r\nRespecto a la actualización en línea del registro No. 145 Fundación Centro de Primates, me permito informarle:\r\n\r\n1. Es de vital importancia completar los campos en el formulario que tengan las siglas SD (sin dato), esto con el fin de poder obtener información precisa sobre la colección. \r\n2. En la sección ‘Descripción’ debe consignar un texto que incluya las características sobresalientes de la colección, nos permitimos sugerir incluir la misión y la visión de la misma\r\n3. Completar la sección ‘Cobertura’\r\n4. Completar la sección ‘Tipos de preservación’\r\n5. En el caso de los % de catalogación, corresponde a los que están solamente identificados a nivel de género, familia, especie, para que la sumatoria corresponda al 100%. (Casillas 3, 4, 5 y 6)\r\n6. Es necesario para culminar el proceso de actualización anexar los siguientes documentos\r\na. Certificado de existencia y representación legal. \r\nb. Copia de la cédula de ciudadanía del representante legal de la colección.  \r\nc. Certificado de autodeclaración (formato RNC) lo podrá encontrar en la sección ‘Guía e Instructivo\' del aplicativo. \r\nd. Permisos que acrediten la obtención legal de los especímenes. \r\n7. En la sección ‘Elaborado por’ cambiar los datos del administrador RNC, y consignar los datos de quien diligencia el formulario.\r\nSi tiene alguna inquietud no dude en contactarse con nosotros, estaremos prestos a colaborar en lo que requiera. \r\nSaludos cordiales, 	\r\nJeimmy Díaz  \r\n',0,0,0,1,0,NULL,0,'100% Excel',1,311,407,205),(324,'0000-00-00 00:00:00',NULL,'Jardín Botánico de la Universidad de Pereira ','JB-UTP',1983,'SD','Calle 17 , Campus Universitario','CO-RIS','66001','3131700','comanchematas@yahoo.com','SD','SD','SD','SD','SD','SD',NULL,NULL,0,NULL,0,0,0,1,0,NULL,0,'B.G recorder 100%',1,324,423,194),(338,'0000-00-00 00:00:00',NULL,'Jardín Botánico José Celestino Mutis - Colección Viva','JBJCM-cv',1955,'SD','Avenida Calle 63 No. 68-98','CO-DC','11001','4377060 Ext. 233','bjaimes.s@gmail.com','SD','SD','SD','Formulario de actualización','SD','SD',NULL,NULL,0,NULL,0,0,0,1,0,NULL,0,'Sistematizada en la base de datos BG-Recorder2  100%',1,338,437,120),(339,'0000-00-00 00:00:00',NULL,'Colección Jean Francois Le Crom','JFLC',1980,'SD','Calle 61 No.37-31','CO-DC','11001','3102307808','jflecrom@hotmail.com','lepidoptera','Region neotropical y Colombia','30 ultimos años','Formulario de actualización','SD','SD',NULL,NULL,0,NULL,0,0,0,1,0,NULL,0,'20% sistematizada por el Tropical Andean Butterfly Diversity Proyect.',1,339,438,165),(340,'0000-00-00 00:00:00',NULL,'Colección Jean Francois Le Crom','JFLC',1980,'SD','Calle 61 No.37-31','CO-DC','11001','3102307808','jflecrom@hotmail.com','LEPIDOPTERA','colombia region Neotropical','30 ultimos años','Formulario de actualización','SD','SD',NULL,NULL,1,NULL,0,0,0,1,0,NULL,0,'20% sistematizada por el Tropical Andean Butterfly Diversity Proyect.',1,340,439,165),(342,'0000-00-00 00:00:00',NULL,'COLECCION DE MICROALGAS DE LA UNIVERSIDAD DE LA SABANA','ALGUS',2011,'SD','KM 7 AUTONORTE, PUENTE EL COMUN CAMPUS UNIVERSITARIO CHIA','CO-CUN','25175','8615555','leonor.botero@unisabana.edu.co','SD','SD','SD','SD','SD','SD',NULL,NULL,0,NULL,0,0,0,1,0,NULL,0,'37.5 Catalogados en Excel',1,342,441,199),(343,'0000-00-00 00:00:00',NULL,'Colección Familia Pardo Locarno','CFPL',1981,'SD','Carrera 21 No. 24 A - 63','CO-VAC','76520','2721198','pardolc@hotmail.com','SD','SD','SD','Formulario de actualización','SD','SD',NULL,NULL,0,NULL,0,0,0,1,0,NULL,0,'En proceso de catálogo de Scarabaeoidea',1,343,442,177),(350,'0000-00-00 00:00:00','2014-06-16 10:46:38','CIAT Arthropod Reference Collection','CIATARC',1977,'Colección taxonómica internacional de artrópodos plagas y benéficos, de los cultivos de mandato del Centro Internacional de Agricultura Tropical (CIAT). Estos cultivos incluyen yuca, frijol, arroz y forrajes, así como, de frutales, hortalizas, entre otros. ','Km 17 recta Cali-Palmira','CO-VAC','76520','+57 2 4450000, ext. 3382-3383','a.a.vasquez@cgiar.org','Acari (Tetranychidae) e Insecta (Coleoptera, Diptera, Hemiptera, Hymenoptera, Lepidoptera y Thysanoptera)','Argentina, Brasil, Chile, Colombia, El Salvador, Inglaterra, India, Indonesia, Malasia, Tailandia, Venezuela','1946 a 1978','Cédula Representante legal y representante legal encargado; autodeclaración; Certificado de existencia y representación legal; Certificación de posesión de representante legal y de los representantes encargados; lista de identificación y número de ejemplares documentados','','',NULL,NULL,3,'Estimado Aymer, \r\n\r\nLa información para el registro de la colección la encontramos completa, consultando con Karen, ella me cuenta que para la legalización de los especímenes colectados antes del 78 es necesario adjuntar una certificación firmada por el representante legal de la colección en donde exprese que estos especímenes fueron colectados en las condiciones que nos cuentas anteriormente. \r\n\r\nTe habilito de nuevo el formulario para que puedas anexar la certificación. \r\n\r\nSi inquietudes no dudes en contactarte con nosotros.\r\n\r\nSaludos cordiales, \r\n\r\nJeimmy  ',0,0,0,1,1.9,1,NULL,'La colección se encuentra en el proceso de migrar los datos sistematizados en formatos propios al estándar DarwinCore. Este proceso se está realizando mediante Excell, sin embargo, se pretende utilizar el programa Specify para realizar estas labores. La georreferenciación de los datos asociados a los ejemplares se está efectuando mediante gaceteros de reconocimiento internacional (Google Earth, Geonames y Geolocate). Estos datos se están publicando en la web mediante el Sistema de Información de la Biodiversidad de Colombia (SIB) y la Global Biodiversity Information Facility (GBIF). Así mismo, están siendo publicados como Data Paper en revistas internacionales (tales como, Zookeys). Estas labores se realizarán con toda la colección, teniendo como prioridad grupos taxonómicos de importancia fitosanitaria para los países productores de nuestros cultivos prioritarios. ',1,350,449,230),(352,'0000-00-00 00:00:00','2014-06-12 12:01:43','Aviario Nacional de Colombia ','AVIARIO',2007,'Colección de individuos vivos de especies de aves silvestres nativas y exóticas.','Diagonal 21 45 A 19 Bosque','CO-BOL','13001','6622077','aviarionacionaldecolombia@yahoo.com','Aves','Litorales, Bosque humedo, Bosque seco','2007 - 2014','Cedula del representante legal\r\nAutodeclaracion\r\nCamara y comercio','El Aviario Nacional se encuentra en etapa de construcción, no esta abierto al publico.','SD',NULL,NULL,3,'Para finalizar con éxito la actualización, le agradecemos complementar:\r\n\r\n1) La cobertura taxonómica en lo posible a nivel de familia.\r\n\r\n2) La cobertura geográfica, de ser posible a nivel de regiones o departamentos.\r\n\r\n3) En el caso de los % de identificación, corresponde a los que están solamente identificados a nivel de género, familia, especie, para que la sumatoria corresponda al 100%. (Casillas 3, 4, 5 y 6)\r\n\r\n4) Anexar los documentos solicitados: certificado de existencia y representación legal actualizado, cédula de ciudadanía del representante legal, formato de autodeclaración firmado y documentos que acrediten la obtención legal de los especímenes. \r\n\r\nUn saludo cordial,\r\n\r\nKaren Soacha',0,0,0,1,80,NULL,0,'Base de datos en Excel 100%',1,352,451,215),(353,'0000-00-00 00:00:00',NULL,'Herbario de la Universidad Católica de Oriente','HUCO',2002,'La colección de referencia del Herbario Universidad Católica de Oriente (HUCO) está compuesta por aproximadamente 8000 muestras. Esta colección se fundó en el año 2000, con el objetivo de asesorar una colección de referencia de la flora del Oriente Antioqueño, una de las regiones del departamento de Antioquia con mayor diversidad e impactos antrópicos. La colección esta representada por especies de bosque húmedo y muy húmedo premontano, así como de bosque húmedo y muy húmedo tropical en un rango de alturas de 200 a 3400 msnm. Asimismo se destaca la colección de cultivares y plantas con potencial agronómico realizada desde hace 10 años por estudiantes de la facultad de Ciencias Agropecuarias. El 80% de las colecciones se han sido realizadas en el Oriente Antioqueño, distribuidas en los siguientes municipios: El Carmen de Viboral, Sonsón, Rionegro, Marinilla, El Retiro, San Luis, Guarne, La Ceja, La Unión, San Vicente, El Santuario, Guatapé, El Peñol, Cocorná y San Rafael. La colección ha sido cuidadosamente curada por especialistas en la taxonomía de diferentes grupos de Angiospermas y Helechos.','Carrera 46 No. 40 B - 50, Herbario de la Universidad','CO-ANT','05615','5699090 Ext. 332','maquijano@uco.edu.co','5000 ejemplares de los cuales el 83.53 % identificados hasta especie, el 13.69 % hasta género y 2.78% hasta familia.','0.624, 11.817 / -77.417, -70.33 (Latitud mínima, máxima / Longitud mínima/máxima)','1973-06-16 / 2014-02-03','Cédula del representante legal\r\nCertificado de existencia\r\nCertificación de autodeclaración\r\nPermiso de muestreo\r\n','SD','http://data.sibcolombia.net/conjuntos/resource/103',NULL,NULL,1,NULL,0,0,0,1,70,1,0,'80',1,353,452,144),(364,'0000-00-00 00:00:00',NULL,'Jardín Botánico José Celestino Mutis - Herbario y Carpofilacio','JBJCM-hc',1955,'SD','Avenida Calle 57 No. 61 -13','CO-DC','11001','4377060 Ext. 241','jvalencia@gmail.com','SD','SD','SD','Formulario de actualización ','SD','SD',NULL,NULL,0,NULL,0,0,0,1,0,NULL,0,'90% Excel ',1,364,472,119),(365,'0000-00-00 00:00:00',NULL,'Jardín Botánico José Celestino Mutis - Herbario y Carpofilacio','JBJCM-hc',1955,'SD','Avenida Calle 57 No. 61 -13','CO-DC','11001','4377060 Ext. 241','jvalencia@gmail.com','SD','SD','SD','Formulario de actualización ','SD','SD',NULL,NULL,0,NULL,0,0,0,1,0,NULL,0,'90% Excel ',1,365,473,119),(366,'0000-00-00 00:00:00',NULL,'Jardín Botánico José Celestino Mutis - Herbario y Carpofilacio','JBJCM-hc',1955,'SD','Avenida Calle 57 No. 61 -13','CO-DC','11001','4377060 Ext. 241','jvalencia@gmail.com','SD','SD','SD','Formulario de actualización ','SD','SD',NULL,NULL,0,NULL,0,0,0,1,0,NULL,0,'90% Excel ',1,366,474,119),(367,'0000-00-00 00:00:00',NULL,'Jardín Botánico José Celestino Mutis - Herbario y Carpofilacio','JBJCM-hc',1955,'SD','Avenida Calle 57 No. 61 -13','CO-DC','11001','4377060 Ext. 241','jvalencia@gmail.com','SD','SD','SD','Formulario de actualización ','SD','SD',NULL,NULL,0,NULL,0,0,0,1,0,NULL,0,'90% Excel ',1,367,475,119),(372,'0000-00-00 00:00:00',NULL,'Herbario CDMB - Jardín Botánico Eloy Valenzuela','CDMB',1982,'La Colección de Herbario CDMB, cuenta con 7117 muestras representativas del departamento de Santander. ','Jardín Botánico Eloy Valenzuela','CO-SAN','68001','3156420875','biolog1@cdmb.gov.co','Bryofitos, Cormofitos. ','DEPARTAMENTO DE SANTANDER','1980 - ACTUALMENTE','Formulario de actualización y Autodeclaración \r\nCédula del Representante Legal\r\nRepresentación legal','SD','http://www.cdmb.gov.co/web/index.php/servicios-enlaces-interiores-410/344-herbario-virtual-.html',NULL,NULL,1,NULL,0,0,0,1,100,1,0,'100% Excel, Plantilla Darwin core, publicado en la pagina SIB Colombia, y en el aplicativo Herbario Virtual, de la pagina de la CDMB en la dirección: http://www.cdmb.gov.co/web/index.php/servicios-enlaces-interiores-410/344-herbario-virtual-.html',1,372,480,134),(373,'0000-00-00 00:00:00',NULL,'Colección Entomologica CDMB','CECDMB',2001,'SD','Jardín Botánico Eloy Valenzuela','CO-SAN','68276','3156420875','biolog1@cdmb.gov.co','Clase Insecta','DEPARTAMENTO DE SANTANDER','2000 al 2004','Formulario de actualización \r\nAutodeclaración\r\nCédula del representante legal\r\nRepresentación legal','SD','SD',NULL,NULL,1,NULL,0,0,0,1,100,NULL,0,'100% Excel, Plantilla Darwin core, publicado en la pagina del SIB Colombia. ',1,373,481,136),(374,'0000-00-00 00:00:00',NULL,'Colección de Plantas Vivas del Jardín Botánico Eloy Valenzuela','JBEV',1982,'Colección de plantas vivas, que consta de 344 especies, conservadas en las diferentes colecciones de plantas vivas del Jardín Botánico, como la Colección de Orquídeas, Colección de Frutales, Colección de Arboles, Colección de Palmas, Colección de Zingiberales, Colección de Medicinales, Colección Ornamentales  y Colección de Especies del Cañón de Chicamocha. ','Jardín Botánico Eloy Valenzuela','CO-SAN','68276','3156420875','biolog1@cdmb.gov.co','Cormofitos','Colombia -Santander','1980 -Actualmente','Formulario de actualización y autodeclaración. \r\nAutodeclaración\r\nCédula del representante legal\r\nRepresentación legal','SD','SD',NULL,NULL,1,NULL,0,0,0,1,100,NULL,0,'100% Excel y 70% base de datos  BGRecorder 2',1,374,482,135),(375,'0000-00-00 00:00:00',NULL,'Colección de Plantas Vivas del Jardín Botánico Eloy Valenzuela','JBEV',1982,'Colección de plantas vivas, que consta de 344 especies, conservadas en las diferentes colecciones de plantas vivas del Jardín Botánico, como la Colección de Orquídeas, Colección de Frutales, Colección de Arboles, Colección de Palmas, Colección de Zingiberales, Colección de Medicinales, Colección Ornamentales  y Colección de Especies del Cañón de Chicamocha. ','Jardín Botánico Eloy Valenzuela','CO-SAN','68276','3156420875','biolog1@cdmb.gov.co','Cormofitos','Colombia -Santander','1980 -Actualmente','Formulario de actualización y autodeclaración. \r\nAutodeclaración\r\nCédula del representante legal\r\nRepresentación legal','SD','SD',NULL,NULL,1,NULL,0,0,0,1,100,NULL,0,'100% Excel y 70% base de datos  BGRecorder 2',1,375,483,135),(377,'0000-00-00 00:00:00',NULL,'Colección de Plantas Vivas del Jardín Botánico Eloy Valenzuela','JBEV',1982,'SD','Carrera 23 No. 37 - 63','CO-SAN','68001','3156420875','jardin@cdmb.gov.co','SD','SD','SD','Formulario de actualización','SD','SD',NULL,NULL,1,NULL,0,0,0,1,0,NULL,0,'100% Excel y 70% BGRecorder',1,377,485,135),(379,'0000-00-00 00:00:00',NULL,'Herbario UPTC','UPTC',1970,'MISIÓN\r\nEl Herbario UPTC cumple con funciones de determinar, organizar, almacenar, conservar, informar, actualizar e investigar colecciones biológicas (Angiospermas, Gimnospermas, briófitos, líquenes, pterdófitos y carpoteca), representativas de la Cordillera Oriental Colombiana, principalmente del departamento de Boyacá; bajo un enfoque multidisciplinario , proyectado a la comunidad desde un contexto científico y docente.\r\n\r\nVISIÓN\r\nSer reconocidos como la primera institución a nivel regional que mantienen, preserva y conserva un banco de información a través de sus colecciones biológicas de la flora de la Cordillera Oriental con énfasis en el departamento de Boyacá, desde una perspectiva investigativa, docente y de extensión.\r\nA nivel nacional, ser el representante del rescate y la valoración del patrimonio cultural, científico y económico de las colecciones biológicas para Colombia.\r\nDivulgar a nivel local, nacional e internacional la labor realizada mediante convenios, intercambios, pasantías, entre otros, que contribuyan al desarrollo de políticas científicas del Herbario.','Avenida Central de Norte. Edificio Centro Laboratorios.','CO-BOY','15001','7405626 Ext. 2433','herbario@uptc.edu.co',' Actualmente el herbario cuenta con 5 diferentes tipos de colecciones: • Plantas no vasculares (briófitos y hongos liquenizados • Pteridofitos y afine','Boyacá, Casanare, Santander, Cesar, Magdalena','SD','Formulario de actualización ','SD','http://www.uptc.edu.co/facultades/f_ciencias/pregrado/biologia/inf_adicional/unidad_apoyo/herbario/index.html',NULL,NULL,0,NULL,0,0,0,1,0,0,1,'50% Excel ',1,379,487,129),(380,'0000-00-00 00:00:00',NULL,'Colección de Artrópodos de Importancia Medica ','UVS',1959,'SD','Calle 13 No. 100 - 00, Facultad de Salud','CO-VAC','76001','3393243','lorena.cruz@correounivalle.edu.co','SD','SD','SD','Formulario de actualización','SD','SD',NULL,NULL,0,NULL,0,0,0,1,0,NULL,0,'No sistematizada',1,380,488,146),(381,'0000-00-00 00:00:00',NULL,'Colección de Artrópodos de Importancia Medica ','UVS',1959,'Colección de artrópodos de importancia médica donde se depositan los ejemplares colectados en diversos estudios realizados en el Departamento de Microbiología, Facultad de Salud, Universidad del Valle, Cali.','Av. 1 N # 3N-35, Sede Centenario','CO-VAC','76001','6670329 ext 2201','mauricio.barreto@correounivalle.edu.co','SD','Nacional','SD','Formulario de actualización','SD','SD',NULL,NULL,0,NULL,0,0,0,1,0,NULL,0,'No sistematizada',1,381,489,146),(397,'0000-00-00 00:00:00',NULL,'Colección de agrícolas silvestres de la Universidad Icesi','ICESI',2011,'La colección de agrícolas silvestres de la Universidad Icesi está conformada por malezas del género Oryza, formalmente agrupadas dentro del complejo arroz-maleza según definición de la FAO (2004 “Manejo de malezas en países en desarrollo”).  Bajo este término se incluyen todas las especies del género Oryza (especies y subespecies) que se comportan como el arroz y que crecen como malezas de ese cultivo. La colección de agrícolas silvestres de Icesi consta de un total de 339 accesiones, colectadas en campos de cultivos afectados por estas malezas ubicados en zonas de explotación agrícola en los llanos centrales y occidentales de Venezuela (estados Guárico y Portuguesa). Materiales colectados en el marco del proyecto “Análisis de flujo de genes para seguridad ambiental en el Trópico” coordinado por Zaida Lentini (CIAT) con colaboración de Aida Ortiz de Universidad Central de Venezuela. Materiales formalmente transferidos a Icesi en 2011.','Universidad Icesi. Facultad de Ciencias Naturales. Calle 18. No. 122-135. Pance. Cali, Valle del Cauca.','CO-VAC','76001','5725552334','tghneim@icesi.edu.co','Plantas, gramíneas, monocotiledóneas, Oryza','Venezuela, Llanos Centrales (Guárico), Llanos Occidentales (Portuguesa)','2005-2014','1.	Certificado de existencia y representación legal vigente.\r\n2.	Copia de la cédula del titular de la colección.\r\n3.	Certificado de auto declaración.\r\n4.	Certificado fitosanitario de importación emitido con fecha 13/01/2006 por autoridades colombianas (Ministerio de Agricultura y Desarrollo Rural, Instituto Colombiana Agropecuario).\r\n5.	Certificado fitosanitario para exportación emitido con fecha 24/11/2005 por autoridades venezolanas (Ministerio de Agricultura y Cría, SASA).\r\n6.	Comunicación oficial para transferencia de los materiales de arroz maleza desde el CIAT a la Universidad Icesi.\r\n','','',NULL,NULL,1,NULL,0,0,0,1,100,1,NULL,'Catalogo interno con detalles descriptivo de las accesiones que conforman la colección.\r\nSe proyecto la construcción de catálogo online.',1,398,507,253),(398,'0000-00-00 00:00:00',NULL,'Museo de Historia Natural \"Luis Gonzalo Andrade\"','UPTC',1970,'SD','Avenida Central de Norte. Edificio Centro Laboratorios. Oficina LS 214','CO-BOY','15001','7405626 Ext. 2434','museo.historianatural@uptc.edu.co','SD','SD','SD','SD','SD','SD',NULL,NULL,0,NULL,0,0,0,1,0,NULL,0,'Existen bases de datos para las colecciones de aves, reptiles, anfibios, mamíferos y peces',1,399,508,56),(399,'0000-00-00 00:00:00',NULL,'Museo de Historia Natural \"Luis Gonzalo Andrade\"','UPTC',1970,'SD','Avenida Central de Norte. Edificio Centro Laboratorios. Oficina LS 214','CO-BOY','15001','7405626 Ext. 2434','museo.historianatural@uptc.edu.co','SD','SD','SD','SD','SD','SD',NULL,NULL,0,NULL,0,0,0,1,0,NULL,0,'Existen bases de datos para las colecciones de aves, reptiles, anfibios, mamíferos y peces',1,400,509,56),(402,'0000-00-00 00:00:00',NULL,'Museo de Ciencias de la Universidad El Bosque','MCUB',2003,'SD','Carrera 7 B bis  No. 132 -11 Museo de Ciencias ','CO-DC','11001','6489900 Ext. 598','biologia@unbosque.edu.co','Coelenterata, Anellida, Crustacea, Echinodermata, Urochordata, Porifera, Mollusca, Arthropoda: Hexapoda, Arachnida       ','La Guajira, Guanía, Cundinamarca, Boyacá, Valle del Cauca, Magdalena, Casanare,  Amazonas, Tolima, ','2003-actual','Formulario de actualización','SD','SD',NULL,NULL,0,NULL,0,0,0,1,90,1,0,'Base de datos Excel, 90% de la información sistematizada',1,403,512,78),(404,'0000-00-00 00:00:00','2014-06-16 09:28:06','Aviario Nacional de Colombia ','AVIARIO',2007,'SD','Diagonal 21 45 A 19 Bosque','CO-BOL','13001','6622077','aviarionacionaldecolombia@yahoo.com','100%','Amazonia, Orinoquia, Andes, Choco, Costas Pacifico y Atlántica.','2007 - 2014','SD','SD','SD',NULL,NULL,3,'Estimada Adriana, \r\n\r\nRespecto a la actualización de la colección biológica del Aviario me permito informarle: \r\n\r\n1.Es de vital importancia completar los campos que tengan las siglas SD.\r\n2.Completar el campo \'Descripción\' debe ser un texto que describa la colección y que incluyan las características mas sobresalientes de esta. Nos permitimos sugerir la misión y visión de la colección. \r\n3.En la sección de \'Cobertura Taxonómica\' se debe consignar la información de los grandes grupos de organismos de la colección, así como grupos taxonómicos específicos representados en la colección. Ejemplo: esta es la cobertura taxonómica de una colección de artrópodos: Acari (Tetranychidae) e Insecta (Coleoptera, Diptera, Hemiptera, Hymenoptera, Lepidoptera y Thysanoptera).\r\n4.Completar el campo de \'Tipos de preservación\' allí debe seleccionar el tipo de preservación que se aplica en la colección y la descripción de este.\r\n5.En la sección \'Listado de Anexos\' se deben listar los documentos que se anexen a la solicitud de actualización, como es de su conocimiento son cuatro (4): a. Certificado de existencia y representación legal, b. Copia cédula de ciudadanía del representante legal, c. Certificado de autodeclaración (formato RNC) lo podrá encontrar en la sección \'Guía e Instructivo del aplicativo\' y d. Copia de los permisos que certifiquen la obtención legal de los especímenes. Es necesario adjuntar los documentos por medio del aplicativo.\r\n6.En la pestaña \'Elaborado por\' consignar los datos de la persona que diligencia el formulario, esto con el fin de tener información administrativa. \r\n\r\nSi lo considera necesario podemos realizar este proceso de actualización juntas en una vídeo- llamada a través de skype o por medio teléfonico. Mi cuenta en Skype es patico.diaz1 y me puede contactar en el número 3202767 Ext. 211.\r\n\r\nCualquier duda o inquietud no dude en contactarse con nosotros, \r\n\r\nSaludos cordiales, \r\n\r\nJeimmy \r\n',0,0,0,1,0,NULL,0,'Base de datos en Excel 100%',1,405,514,215),(405,'0000-00-00 00:00:00',NULL,'Colección de Microorganismos de la Pontifica Universidad Javeriana','CMPUJ',1970,'SD','Carrera 7 No. 43 - 82, Edificio 50','CO-DC','11001','3208320 Ext. 4155 - 4107','alba.trespalacios@javeriana.edu.co','SD','SD','SD','Formulario de actualización ','DS','SD',NULL,NULL,0,NULL,0,0,0,1,0,NULL,0,'Excel 100%',1,406,515,111),(406,'0000-00-00 00:00:00',NULL,'Herbario Universidad del Quindio','HUQ',2005,'SD','Carrera 15 Calle 12 N - Facultad de Ciencias Básicas, Centro de Investigaciones en Biodiversidad  CIBUQ','CO-QUI','63001','7460100 Ext. 356 - 7460279','cibuq@uniquindio.edu.co','SD','SD','SD','Formulario de actualización','SD','SD',NULL,NULL,0,NULL,0,0,0,1,0,NULL,0,'Se cambio la base de datos que se tenia (BRAHAMS), debido a que se dio inicio a la sistematización de la colección la cual se está llevando a cabo a tráves de una base de datos de Excel y posteriormente se migrara a Specify 6.3',1,407,516,105),(408,'0000-00-00 00:00:00',NULL,'Herbario Universidad del Quindio','HUQ',2005,'SD','Carrera 15 Calle 12 N - Facultad de Ciencias Básicas, Centro de Investigaciones en Biodiversidad  CIBUQ','CO-QUI','63001','7460100 Ext. 356 - 7460279','cibuq@uniquindio.edu.co','SD','SD','SD','Formulario de actualización','SD','SD',NULL,NULL,0,NULL,0,0,0,1,0,NULL,0,'Se cambio la base de datos que se tenia (BRAHAMS), debido a que se dio inicio a la sistematización de la colección la cual se está llevando a cabo a tráves de una base de datos de Excel y posteriormente se migrara a Specify 6.3',1,410,520,105),(410,'0000-00-00 00:00:00','2014-06-16 16:20:23',' Colección Alejandro Lopera','CAL',1995,'SD','Carrera 13 No. 106 A - 67 Apto 302','CO-DC','11001','4747428','alejandro.lopera@gmail.com','SD','SD','SD','Formulario de actualización, ','SD','SD',NULL,NULL,3,'',0,0,0,1,0,NULL,0,'Todos los ejemplares catalogados estan incluidos en una base de datos de Excel por medio de tablas dinamicas',1,412,522,29),(412,'0000-00-00 00:00:00',NULL,' Colección Alejandro Lopera','CAL',1995,'SD','Carrera 13 No. 106 A - 67 Apto 302','CO-DC','11001','4747428','alejandro.lopera@gmail.com','SD','SD','SD','Formulario de actualización, ','SD','SD',NULL,NULL,1,NULL,0,0,0,1,0,NULL,0,'Todos los ejemplares catalogados estan incluidos en una base de datos de Excel por medio de tablas dinamicas',1,414,524,29),(413,'0000-00-00 00:00:00',NULL,' Colección Alejandro Lopera','CAL',1995,'SD','Carrera 13 No. 106 A - 67 Apto 302','CO-DC','11001','4747428','alejandro.lopera@gmail.com','SD','SD','SD','Formulario de actualización, ','SD','SD',NULL,NULL,1,NULL,0,0,0,1,0,NULL,0,'Todos los ejemplares catalogados estan incluidos en una base de datos de Excel por medio de tablas dinamicas',1,415,525,29),(418,'0000-00-00 00:00:00',NULL,'Colección Limnológica del Chocó','CLCH',2001,'Colección de Insectos Acuáticos','Ciudadela Universitaria, Barrio Medrano,  Quibdó - Chocó, Bloque 6, primer piso - Laboratorio de Limnología - 206','CO-CHO','27001','6726565 ext. 1048','d-zuleyma.mosquera@utch.edu.co','Clase, Orden, Familia, Género','Departamento del Chocó','2001 - Actual','Autodeclaración\r\nCédula titular de la colección\r\nCertificado de existencia y representación legal\r\nPermisos (solicitudes)\r\n\r\n','','',NULL,NULL,1,NULL,0,0,0,1,30,1,NULL,'Actualmente se encuentra sistematizado el 90% de los ejemplares de insectos acuáticos que componen la colección. Para este proceso se ha utilizado la plantilla DwC 3.0 proporcionada por funcionarios del Instituto Humboldt  con quienes se viene trabajando hace  varios meses para la publicación oficial de 400 registros a través de sus aplicativos en línea.',1,420,530,258);
/*!40000 ALTER TABLE `registros_update` ENABLE KEYS */;
UNLOCK TABLES;

--
-- Table structure for table `subgrupo_taxonomico`
--

DROP TABLE IF EXISTS `subgrupo_taxonomico`;
/*!40101 SET @saved_cs_client     = @@character_set_client */;
/*!40101 SET character_set_client = utf8 */;
CREATE TABLE `subgrupo_taxonomico` (
  `id` int(11) NOT NULL AUTO_INCREMENT,
  `nombre` varchar(150) DEFAULT NULL,
  `grupo_taxonomico_id` int(11) DEFAULT NULL,
  PRIMARY KEY (`id`),
  KEY `fk_subgrupo_taxonomico_grupo_taxonomico1_idx` (`grupo_taxonomico_id`),
  CONSTRAINT `fk_subgrupo_taxonomico_grupo_taxonomico1` FOREIGN KEY (`grupo_taxonomico_id`) REFERENCES `grupo_taxonomico` (`id`) ON DELETE NO ACTION ON UPDATE NO ACTION
) ENGINE=InnoDB AUTO_INCREMENT=29 DEFAULT CHARSET=utf8;
/*!40101 SET character_set_client = @saved_cs_client */;

--
-- Dumping data for table `subgrupo_taxonomico`
--

LOCK TABLES `subgrupo_taxonomico` WRITE;
/*!40000 ALTER TABLE `subgrupo_taxonomico` DISABLE KEYS */;
INSERT INTO `subgrupo_taxonomico` VALUES (2,'Otro',NULL),(3,'Bacterias',2),(4,'Hongos microscópicos',2),(5,'Levaduras',2),(6,'Virus',2),(7,'Perifiton',2),(8,'Fitoplancton',2),(9,'Zooplancton',2),(10,'Otros microorganismos',2),(11,'Insectos',3),(12,'Crustáceos',3),(13,'Anélidos',3),(14,'Cnidarios',3),(15,'Equinodermos',3),(16,'Moluscos',3),(17,'Otros invertebrados',3),(18,'Otros artrópodos',3),(19,'Anfibios',4),(20,'Aves',4),(21,'Mamíferos',4),(22,'Peces',4),(24,'Reptiles',4),(25,'Plantas no vasculares',5),(26,'Plantas vasculares',5),(27,'Hongos',6),(28,'Líquenes',7);
/*!40000 ALTER TABLE `subgrupo_taxonomico` ENABLE KEYS */;
UNLOCK TABLES;

--
-- Table structure for table `tamano_coleccion`
--

DROP TABLE IF EXISTS `tamano_coleccion`;
/*!40101 SET @saved_cs_client     = @@character_set_client */;
/*!40101 SET character_set_client = utf8 */;
CREATE TABLE `tamano_coleccion` (
  `id` int(11) NOT NULL AUTO_INCREMENT,
  `unidad_medida` varchar(500) DEFAULT NULL,
  `otro` varchar(250) DEFAULT NULL,
  `Registros_update_id` int(11) NOT NULL,
  `tipo_preservacion_id` int(11) DEFAULT NULL,
  PRIMARY KEY (`id`),
  KEY `fk_tamaño_coleccion_Registros_update1_idx` (`Registros_update_id`),
  KEY `fk_tamano_coleccion_tipo_preservacion1_idx` (`tipo_preservacion_id`),
  CONSTRAINT `fk_tamaño_coleccion_Registros_update1` FOREIGN KEY (`Registros_update_id`) REFERENCES `registros_update` (`id`) ON DELETE NO ACTION ON UPDATE NO ACTION,
  CONSTRAINT `fk_tamano_coleccion_tipo_preservacion1` FOREIGN KEY (`tipo_preservacion_id`) REFERENCES `tipo_preservacion` (`id`) ON DELETE NO ACTION ON UPDATE NO ACTION
) ENGINE=InnoDB AUTO_INCREMENT=358 DEFAULT CHARSET=utf8;
/*!40101 SET character_set_client = @saved_cs_client */;

--
-- Dumping data for table `tamano_coleccion`
--

LOCK TABLES `tamano_coleccion` WRITE;
/*!40000 ALTER TABLE `tamano_coleccion` DISABLE KEYS */;
INSERT INTO `tamano_coleccion` VALUES (7,'SD','SD',9,22),(8,'SD','SD',10,22),(9,'SD','SD',14,22),(10,'SD','SD',15,22),(11,'SD','SD',16,22),(12,'SD','SD',17,22),(13,'SD','SD',18,22),(14,'SD','SD',19,22),(15,'SD','SD',20,22),(16,'SD','SD',21,22),(17,'SD','SD',22,22),(18,'SD','SD',23,22),(19,'SD','SD',24,22),(20,'SD','SD',25,22),(21,'SD','SD',26,22),(22,'SD','SD',27,22),(23,'SD','SD',28,22),(24,'SD','SD',29,22),(26,'SD','SD',31,22),(27,'SD','SD',32,22),(28,'SD','SD',33,22),(29,'SD','SD',34,22),(30,'SD','SD',35,22),(31,'SD','SD',36,22),(33,'SD','SD',38,22),(39,'SD','SD',44,22),(40,'SD','SD',45,22),(41,'SD','SD',46,22),(42,'SD','SD',47,22),(43,'SD','SD',48,22),(44,'SD','SD',49,22),(45,'SD','SD',50,22),(46,'SD','SD',51,22),(47,'SD ','SD',52,22),(48,'SD','SD',53,22),(49,'SD','SD',54,22),(51,'SD','SD',56,22),(52,'SD','SD',57,22),(53,'SD','SD',58,22),(54,'SD','SD',59,22),(55,'SD','SD',60,22),(57,'SD','SD',63,22),(58,'SD','SD',64,22),(59,'SD','SD',65,22),(60,'SD','SD',66,22),(61,'SD','SD',67,22),(62,'SD','SD',68,22),(63,'SD','SD',69,22),(64,'SD','SD',70,22),(65,'SD','SD',71,22),(66,'SD','SD',72,22),(67,'SD','SD',73,22),(68,'SD','SD',74,22),(69,'SD','SD',75,22),(70,'SD','SD',76,22),(71,'SD','SD',77,22),(72,'SD','SD',78,22),(73,'SD','SD',79,22),(74,'SD','SD',80,22),(75,'SD','SD',81,22),(76,'SD','SD',82,22),(77,'SD','SD',83,22),(78,'SD','SD',84,22),(79,'SD','SD',85,22),(80,'SD','SD',86,22),(81,'SD','SD',87,22),(82,'SD','SD',88,22),(83,'SD','SD',89,22),(84,'SD','SD',90,22),(85,'SD','SD',91,22),(86,'SD','SD',92,22),(87,'SD','SD',93,22),(88,'SD','SD',94,22),(89,'SD','SD',95,22),(90,'SD ','SD',96,22),(91,'SD','SD',97,22),(92,'SD','SD',98,22),(93,'SD','SD',99,22),(94,'SD','SD',100,22),(95,'SD','SD',101,22),(96,'SD','SD',102,22),(97,'SD','SD',103,22),(98,'SD','SD',104,22),(99,'SD','SD',105,22),(100,'SD','SD',106,22),(101,'SD','SD',107,22),(102,'SD','SD',108,22),(103,'SD','SD',109,22),(104,'SD','SD',110,22),(105,'SD','SD',111,22),(106,'SD','SD',112,22),(107,'SD','SD',113,22),(108,'SD','SD',114,22),(109,'SD','SD',115,22),(110,'SD','SD',116,22),(111,'SD','SD',117,22),(112,'SD','SD',118,22),(113,'SD','SD',119,22),(114,'SD','SD',120,22),(115,'SD','SD',121,22),(116,'SD','SD',122,22),(117,'SD','SD',123,22),(118,'SD','SD',124,22),(119,'SD','SD',125,22),(120,'SD','SD',126,22),(121,'SD','SD',127,22),(122,'SD','SD',128,22),(123,'SD','SD',129,22),(124,'SD','SD',130,22),(125,'SD','SD',131,22),(126,'SD','SD',132,22),(127,'SD','SD',133,22),(128,'SD','SD',134,22),(129,'SD','SD',135,22),(130,'SD','SD',136,22),(131,'SD','SD',137,22),(132,'SD','SD',138,22),(133,'SD','SD',139,22),(134,'SD','SDS',140,22),(135,'SD','SD',141,22),(136,'SD','SD',142,22),(137,'SD','SD',143,22),(138,'SD','SD',144,22),(139,'SD','SD',145,22),(140,'SD','SD',146,22),(141,'SD','SD',147,22),(142,'SD','SD',148,22),(143,'SD','SD',149,22),(144,'SD','SD',150,22),(145,'SD','SD',151,22),(146,'SD','SD',152,22),(147,'SD','SD',153,22),(148,'SD','SD',154,22),(149,'SD','SD',155,22),(150,'SD','SD',156,22),(151,'SD','SD',157,22),(152,'SD','SD',158,22),(153,'SD','SD',159,22),(154,'SD','SD',160,22),(155,'SD','SD',161,22),(156,'SD','SD',162,22),(157,'SD','SD',163,22),(158,'SD','SDS',164,22),(161,'SD','SD',167,22),(162,'SD','SD',168,22),(163,'SD','SDS',169,22),(164,'SD','SD',170,22),(165,'SD','SD',175,22),(166,'SD','SD',184,22),(167,'SD','SD',185,22),(168,'SD','SD',186,22),(169,'SD','SD',187,22),(170,'SD','SD',188,22),(171,'SD','SD',189,22),(172,'SD','SD',190,22),(173,'SD','SD',191,22),(175,'SD','SD',193,22),(176,'SD','SD',194,22),(177,'SD','SD',195,22),(178,'SD','SD',196,22),(179,'SD','SD',197,22),(180,'SD','SD',198,22),(181,'SD','SD',199,22),(182,'SD','SD',200,22),(183,'SD','SD',201,22),(184,'SD','SD',202,22),(185,'SD','SD',203,22),(186,'SD','SD',204,22),(187,'SD','SD',205,22),(188,'SD','SD',206,22),(189,'SD','SD',207,22),(190,'SD','SD',208,22),(191,'SD','SD',209,22),(192,'SD','SD',210,22),(193,'SD','SD',211,22),(194,'SD','SD',212,22),(195,'SD','SD',213,22),(196,'SD','SD',214,22),(197,'SD','SD',215,22),(198,'SD','SD',216,22),(199,'SD','SD',217,22),(200,'SD','SD',218,22),(201,'SD','SD',219,22),(202,'SD','SD',220,22),(203,'Salón con aire acondicionado a 20ºC',NULL,221,1),(204,'SD','SD',224,22),(205,'SD','SD',225,22),(206,'SD','SD',226,22),(207,'SD','SD',227,22),(208,'SD','SD',228,22),(209,'SD','SD',229,22),(210,'SD','SD',230,22),(211,'SD','SD',231,22),(214,'SD','SD',234,22),(215,'SD','SD',235,22),(216,'SD','SD',236,22),(217,'SD','SD',237,22),(218,'SD','SD',238,22),(219,'SD','SD',239,22),(220,'SD','SD',240,22),(221,'SD','SD',241,22),(222,'SD','SD',243,22),(223,'SD','SD',244,22),(224,'SD','SD',245,22),(225,'SD','SD',246,22),(226,'SD','SD',247,22),(227,'SD','SD',248,22),(228,'SD','SD',249,22),(229,'SD','SD',250,22),(230,'SD','SD',251,22),(231,'SD','SD',252,22),(232,'SD','SD',253,22),(240,'SD','SD',262,12),(243,'sd','sd',265,22),(244,'sd','sd',266,22),(245,'SD','SD',267,22),(246,'SD','SD',268,22),(255,'SD','SD',278,22),(256,'SD','SD',279,22),(258,'SD','SD',282,22),(262,'SD','SD',286,22),(264,'SD','SD',289,22),(266,'SD','SD',291,22),(268,'SD','SD',293,22),(269,'SD','SD',294,22),(270,'SD','SD',295,22),(271,'SD','SD',296,22),(272,'SD','SD',297,22),(274,'SD','SD',299,22),(281,'SD',NULL,306,13),(282,'SD',NULL,306,18),(286,'SD','SD',310,22),(287,'SD','SD',311,22),(299,'SD','SD',324,22),(309,'SD','SD',338,22),(310,'SD',NULL,339,13),(311,'SD',NULL,340,13),(313,'SD','SD',342,22),(314,'SD','SD',343,22),(318,'Insectos y Acari',NULL,350,1),(319,'Acari e Insectos',NULL,350,11),(320,'Insectos',NULL,350,13),(322,'SD','SD',353,22),(325,'SD','SD',364,22),(326,'SD','SD',365,22),(327,'SD','SD',366,22),(328,'SD','SD',367,22),(333,'SD','SD',372,22),(335,'SD','SD',377,22),(337,'SD',NULL,379,19),(338,'SD','SD',380,22),(339,'SD','SD',381,22),(341,'Temperatura (10-12°C) y humedad controlada',NULL,397,17),(342,'SD','SD',398,22),(343,'SD','SD',399,22),(346,'Hexapoda',NULL,402,13),(348,'Hexapoda',NULL,402,13),(349,'SD','SD',404,22),(350,'SD','SD',405,4),(351,'SD','SD',406,22),(352,'SD','SD',408,22),(353,'SD','SD',410,22),(355,'SD','SD',412,22),(356,'SD','SD',413,22),(357,'Larvas y pupas de insectos acuáticos',NULL,418,15);
/*!40000 ALTER TABLE `tamano_coleccion` ENABLE KEYS */;
UNLOCK TABLES;

--
-- Table structure for table `tipo_coleccion`
--

DROP TABLE IF EXISTS `tipo_coleccion`;
/*!40101 SET @saved_cs_client     = @@character_set_client */;
/*!40101 SET character_set_client = utf8 */;
CREATE TABLE `tipo_coleccion` (
  `id` int(11) NOT NULL AUTO_INCREMENT,
  `nombre` varchar(200) DEFAULT NULL,
  PRIMARY KEY (`id`)
) ENGINE=InnoDB AUTO_INCREMENT=22 DEFAULT CHARSET=utf8;
/*!40101 SET character_set_client = @saved_cs_client */;

--
-- Dumping data for table `tipo_coleccion`
--

LOCK TABLES `tipo_coleccion` WRITE;
/*!40000 ALTER TABLE `tipo_coleccion` DISABLE KEYS */;
INSERT INTO `tipo_coleccion` VALUES (1,'Ninguna'),(2,'Archivo'),(3,'Arte'),(4,'Audio'),(5,'Cultivos Celulares'),(6,'Electrónico'),(7,'Especimenes'),(8,'Facsímiles'),(9,'Fósiles'),(10,'Genético'),(11,'Geolóo'),(12,'Herbario'),(13,'Manuscritos'),(14,'Mineralógico'),(15,'Observaciones'),(16,'Preservado'),(17,'Productos'),(18,'tejido'),(19,'Textos'),(20,'visual'),(21,'Vivos');
/*!40000 ALTER TABLE `tipo_coleccion` ENABLE KEYS */;
UNLOCK TABLES;

--
-- Table structure for table `tipo_institucion`
--

DROP TABLE IF EXISTS `tipo_institucion`;
/*!40101 SET @saved_cs_client     = @@character_set_client */;
/*!40101 SET character_set_client = utf8 */;
CREATE TABLE `tipo_institucion` (
  `id` int(11) NOT NULL AUTO_INCREMENT,
  `nombre` varchar(200) DEFAULT NULL,
  PRIMARY KEY (`id`)
) ENGINE=InnoDB AUTO_INCREMENT=25 DEFAULT CHARSET=utf8;
/*!40101 SET character_set_client = @saved_cs_client */;

--
-- Dumping data for table `tipo_institucion`
--

LOCK TABLES `tipo_institucion` WRITE;
/*!40000 ALTER TABLE `tipo_institucion` DISABLE KEYS */;
INSERT INTO `tipo_institucion` VALUES (1,'Ninguna'),(2,'Aquarium'),(3,'Archivo'),(4,'Biblioteca'),(5,'Centro de ciencias'),(6,'Centro de Educación Natural'),(7,'Conservación'),(8,'Escuela'),(9,'Escuela o institución universitaria'),(10,'Estación de campo'),(11,'Gestión'),(12,'Gobierno'),(13,'Industria'),(14,'Institución de Horticultura'),(15,'Instituto de investigación'),(16,'Jardín botánico'),(17,'Laboratorio'),(18,'Museo'),(19,'Parque'),(20,'Repositorio'),(21,'Sociedad'),(22,'Sociedad histórica'),(23,'Universidad'),(24,'Zoológico');
/*!40000 ALTER TABLE `tipo_institucion` ENABLE KEYS */;
UNLOCK TABLES;

--
-- Table structure for table `tipo_preservacion`
--

DROP TABLE IF EXISTS `tipo_preservacion`;
/*!40101 SET @saved_cs_client     = @@character_set_client */;
/*!40101 SET character_set_client = utf8 */;
CREATE TABLE `tipo_preservacion` (
  `id` int(11) NOT NULL AUTO_INCREMENT,
  `nombre` varchar(200) DEFAULT NULL,
  PRIMARY KEY (`id`)
) ENGINE=InnoDB AUTO_INCREMENT=24 DEFAULT CHARSET=utf8;
/*!40101 SET character_set_client = @saved_cs_client */;

--
-- Dumping data for table `tipo_preservacion`
--

LOCK TABLES `tipo_preservacion` WRITE;
/*!40000 ALTER TABLE `tipo_preservacion` DISABLE KEYS */;
INSERT INTO `tipo_preservacion` VALUES (1,'Atmósfera controlada'),(2,'Congelado'),(3,'Congelado seco'),(4,'Criopreservados'),(5,'Curtido'),(6,'Preparaciones microscópicas'),(7,'Esqueletizado'),(8,'Glicerina'),(9,'Grabado (anólogo)'),(10,'Grabado (digital)'),(11,'Montaje en laminillas'),(12,'No aplica'),(13,'Pinned/Montaje en alfileres'),(14,'Portaobjetos - SEM2'),(15,'Preservado en fluídos'),(16,'Recubrimiento de la superficie'),(17,'Refrigerado'),(18,'Secado'),(19,'Secado y prensado'),(20,'Sin tratamiento'),(21,'Stasis3'),(22,'Otro'),(23,'Disecado');
/*!40000 ALTER TABLE `tipo_preservacion` ENABLE KEYS */;
UNLOCK TABLES;

--
-- Table structure for table `tipos_en_coleccion`
--

DROP TABLE IF EXISTS `tipos_en_coleccion`;
/*!40101 SET @saved_cs_client     = @@character_set_client */;
/*!40101 SET character_set_client = utf8 */;
CREATE TABLE `tipos_en_coleccion` (
  `id` int(11) NOT NULL AUTO_INCREMENT,
  `grupo` varchar(150) DEFAULT NULL,
  `informacion_ejemplar` varchar(150) DEFAULT NULL,
  `nombre_cientifico` varchar(150) DEFAULT NULL,
  `cantidad` int(11) DEFAULT NULL,
  `Registros_update_id` int(11) NOT NULL,
  PRIMARY KEY (`id`),
  KEY `fk_tipos_en_coleccion_Registros_update1_idx` (`Registros_update_id`),
  CONSTRAINT `fk_tipos_en_coleccion_Registros_update1` FOREIGN KEY (`Registros_update_id`) REFERENCES `registros_update` (`id`) ON DELETE NO ACTION ON UPDATE NO ACTION
) ENGINE=InnoDB AUTO_INCREMENT=390 DEFAULT CHARSET=utf8;
/*!40101 SET character_set_client = @saved_cs_client */;

--
-- Dumping data for table `tipos_en_coleccion`
--

LOCK TABLES `tipos_en_coleccion` WRITE;
/*!40000 ALTER TABLE `tipos_en_coleccion` DISABLE KEYS */;
INSERT INTO `tipos_en_coleccion` VALUES (6,'SD','SD','SD',NULL,9),(7,'SD','SD','SD',NULL,10),(8,'SD','SD','SD',NULL,14),(9,'SD','SD','SD',NULL,15),(10,'SD','SD','SD',NULL,16),(11,'SD','SD','SD',NULL,17),(12,'SD','SD','SD',NULL,18),(13,'SD','SD','SD',NULL,19),(14,'SD','SD','SD',NULL,20),(15,'SD','SD','SD',NULL,21),(16,'SD','SD','SD',NULL,22),(17,'SD','SD','SD',NULL,23),(18,'SD','SD','SD',NULL,24),(19,'SD','SD','SD',NULL,25),(20,'SD','SD','SD',NULL,26),(21,'SD','SD','SD',NULL,27),(22,'SD','SD','SD',NULL,28),(23,'SD','SD','SD',NULL,29),(24,'SD',NULL,NULL,0,31),(25,'SD',NULL,NULL,0,32),(26,'SD',NULL,NULL,0,33),(27,'SD',NULL,NULL,0,34),(28,'SD',NULL,NULL,0,35),(29,'SD',NULL,NULL,0,36),(31,'SD',NULL,NULL,0,38),(32,'SD',NULL,NULL,0,44),(33,'SD',NULL,NULL,0,45),(34,'SD',NULL,NULL,0,46),(35,'sd',NULL,NULL,0,47),(36,'SD',NULL,NULL,0,48),(37,'SD',NULL,NULL,0,49),(38,'SD',NULL,NULL,0,50),(39,'SD',NULL,NULL,0,51),(40,'SD',NULL,NULL,0,52),(41,'SD',NULL,NULL,0,53),(42,'SD',NULL,NULL,0,54),(44,'SD',NULL,NULL,0,56),(45,'SD',NULL,NULL,0,57),(46,'SD',NULL,NULL,0,58),(47,'SD',NULL,NULL,0,59),(48,'SD',NULL,NULL,0,60),(50,'SD',NULL,NULL,0,63),(51,'SD',NULL,NULL,0,64),(52,'SD',NULL,NULL,0,65),(53,'SD',NULL,NULL,0,66),(54,'SD',NULL,NULL,0,67),(55,'SD',NULL,NULL,0,68),(56,'SD',NULL,NULL,0,69),(57,'SD',NULL,NULL,0,70),(58,'SD',NULL,NULL,0,71),(59,'SD',NULL,NULL,0,72),(60,'SD',NULL,NULL,0,73),(61,'SD',NULL,NULL,0,74),(62,'SD',NULL,NULL,0,75),(63,'SD',NULL,NULL,0,76),(64,'SD',NULL,NULL,0,77),(65,'SD',NULL,NULL,0,78),(66,'SD',NULL,NULL,0,79),(67,'SD',NULL,NULL,0,80),(68,'SD',NULL,NULL,0,81),(69,'SD',NULL,NULL,0,82),(70,'SD',NULL,NULL,0,83),(71,'SD',NULL,NULL,0,84),(72,'SD',NULL,NULL,0,85),(73,'SD',NULL,NULL,0,86),(74,'SD',NULL,NULL,0,87),(75,'SD',NULL,NULL,0,88),(76,'SD',NULL,NULL,0,89),(77,'SD',NULL,NULL,0,90),(78,'SD',NULL,NULL,0,91),(79,'SD',NULL,NULL,0,92),(80,'SD',NULL,NULL,0,93),(81,'SD',NULL,NULL,0,94),(82,'SD',NULL,NULL,0,95),(83,'SD',NULL,NULL,0,96),(84,'SD',NULL,NULL,0,97),(85,'SD',NULL,NULL,0,98),(86,'SD',NULL,NULL,0,99),(87,'SD',NULL,NULL,0,100),(88,'SD',NULL,NULL,0,101),(89,'SD',NULL,NULL,0,102),(90,'SD',NULL,NULL,0,103),(91,'SD',NULL,NULL,0,104),(92,'SD',NULL,NULL,0,105),(93,'SD',NULL,NULL,0,106),(94,'SD',NULL,NULL,0,107),(95,'SD',NULL,NULL,0,108),(96,'SD',NULL,NULL,0,109),(97,'SD',NULL,NULL,0,110),(98,'SD',NULL,NULL,0,111),(99,'SD',NULL,NULL,0,112),(100,'SD',NULL,NULL,0,113),(101,'SD',NULL,NULL,0,114),(102,'SD',NULL,NULL,0,115),(103,'SD',NULL,NULL,0,116),(104,'SD',NULL,NULL,0,117),(105,'SD',NULL,NULL,0,118),(106,'SD',NULL,NULL,0,119),(107,'SD',NULL,NULL,0,120),(108,'SD',NULL,NULL,0,121),(109,'SD',NULL,NULL,0,122),(110,'SD',NULL,NULL,0,123),(111,'SD',NULL,NULL,0,124),(112,'SD',NULL,NULL,0,125),(113,'SD',NULL,NULL,0,126),(114,'SD',NULL,NULL,0,127),(115,'SD',NULL,NULL,0,128),(116,'SD',NULL,NULL,0,129),(117,'SD',NULL,NULL,0,130),(118,'SD',NULL,NULL,0,131),(119,'SD',NULL,NULL,0,132),(120,'SD',NULL,NULL,0,133),(121,'SD',NULL,NULL,0,134),(122,'SD',NULL,NULL,0,135),(123,'SD',NULL,NULL,0,136),(124,'SD',NULL,NULL,0,137),(125,'SD',NULL,NULL,0,138),(126,'SD',NULL,NULL,0,139),(127,'SD',NULL,NULL,0,140),(128,'SD',NULL,NULL,0,141),(129,'SD',NULL,NULL,0,142),(130,'SD',NULL,NULL,0,143),(131,'SD',NULL,NULL,0,144),(132,'SD',NULL,NULL,0,145),(133,'SD',NULL,NULL,0,146),(134,'SD',NULL,NULL,0,147),(135,'SD',NULL,NULL,0,148),(136,'SD',NULL,NULL,0,149),(137,'SD',NULL,NULL,0,150),(138,'SD',NULL,NULL,0,151),(139,'SD',NULL,NULL,0,152),(140,'SD',NULL,NULL,0,153),(141,'SD',NULL,NULL,0,154),(142,'SD',NULL,NULL,0,155),(143,'SD',NULL,NULL,0,156),(144,'SD',NULL,NULL,0,157),(145,'SD',NULL,NULL,0,158),(146,'SD',NULL,NULL,0,159),(147,'SD',NULL,NULL,0,160),(148,'SD',NULL,NULL,0,161),(149,'SD',NULL,NULL,0,162),(150,'SD',NULL,NULL,0,163),(151,'SD',NULL,NULL,0,164),(153,'SD',NULL,NULL,0,167),(154,'SD',NULL,NULL,0,168),(155,'SD',NULL,NULL,0,169),(156,'SD',NULL,NULL,0,170),(157,'SD',NULL,NULL,NULL,175),(158,'SD',NULL,NULL,0,184),(159,'SD',NULL,NULL,0,185),(160,'SD',NULL,NULL,0,186),(161,'SD',NULL,NULL,0,187),(162,'SD',NULL,NULL,0,188),(163,'SD',NULL,NULL,0,189),(164,'SD',NULL,NULL,0,190),(165,'SD',NULL,NULL,0,191),(167,'SD',NULL,NULL,0,193),(168,'SD',NULL,NULL,0,194),(169,'SD',NULL,NULL,0,195),(170,'SD',NULL,NULL,0,196),(171,'SD',NULL,NULL,0,197),(172,'SD',NULL,NULL,0,198),(173,'SD',NULL,NULL,0,199),(174,'SD',NULL,NULL,0,200),(175,'SD',NULL,NULL,0,201),(176,'SD',NULL,NULL,0,202),(177,'SD',NULL,NULL,0,203),(178,'SD',NULL,NULL,0,204),(179,'SD',NULL,NULL,0,205),(180,'SD',NULL,NULL,0,206),(181,'SD',NULL,NULL,0,207),(182,'SD',NULL,NULL,0,208),(183,'SD',NULL,NULL,0,209),(184,'SD',NULL,NULL,0,210),(185,'SD',NULL,NULL,0,211),(186,'SD',NULL,NULL,0,212),(187,'SD',NULL,NULL,0,213),(188,'SD',NULL,NULL,0,214),(189,'SD',NULL,NULL,0,215),(190,'SD',NULL,NULL,0,216),(191,'SD',NULL,NULL,0,217),(192,'SD',NULL,NULL,0,218),(193,'SD',NULL,NULL,0,219),(194,'SD',NULL,NULL,0,220),(195,'Plantas Vasculares',NULL,NULL,5,221),(198,'SD',NULL,NULL,0,224),(199,'SD',NULL,NULL,0,225),(200,'SD',NULL,NULL,0,226),(201,'SD',NULL,NULL,0,227),(202,'SD',NULL,NULL,0,228),(203,'SD',NULL,NULL,0,229),(204,'SD',NULL,NULL,0,230),(205,'SD',NULL,NULL,0,231),(208,'SD',NULL,NULL,0,234),(209,'SD',NULL,NULL,0,235),(210,'SD',NULL,NULL,0,236),(211,'SD',NULL,NULL,0,237),(212,'SD',NULL,NULL,0,238),(213,'SD',NULL,NULL,0,239),(214,'SD',NULL,NULL,0,240),(215,'SD',NULL,NULL,0,241),(216,'0',NULL,NULL,0,243),(217,'SD',NULL,NULL,0,244),(218,'SD',NULL,NULL,0,245),(219,'SD',NULL,NULL,0,246),(220,'SD',NULL,NULL,0,247),(221,'SD',NULL,NULL,0,248),(222,'SD',NULL,NULL,0,249),(223,'SD',NULL,NULL,0,250),(224,'SD',NULL,NULL,0,251),(225,'SD',NULL,NULL,0,252),(226,'SD',NULL,NULL,0,253),(231,'SD',NULL,NULL,0,258),(235,'SD',NULL,NULL,0,262),(238,'sd',NULL,NULL,0,265),(239,'sd',NULL,NULL,0,266),(240,'SD',NULL,NULL,0,267),(241,'SD',NULL,NULL,0,268),(250,'SD',NULL,NULL,0,278),(251,'SD',NULL,NULL,0,279),(252,'SD',NULL,NULL,0,280),(254,'SD',NULL,NULL,0,282),(258,'SD',NULL,NULL,0,286),(260,'SD',NULL,NULL,0,288),(261,'SD',NULL,NULL,0,289),(263,'SD',NULL,NULL,0,291),(265,'SD',NULL,NULL,0,293),(266,'SD',NULL,NULL,0,294),(267,'SD',NULL,NULL,0,295),(268,'SD',NULL,NULL,0,296),(269,'SD',NULL,NULL,0,297),(271,'SD',NULL,NULL,0,299),(278,'SD',NULL,NULL,0,306),(282,'SD',NULL,NULL,0,310),(283,'SD',NULL,NULL,0,311),(296,'SD',NULL,NULL,0,324),(310,'SD',NULL,NULL,0,338),(311,'SD',NULL,NULL,0,339),(312,'SD',NULL,NULL,0,340),(314,'SD',NULL,NULL,0,342),(315,'SD',NULL,NULL,0,343),(322,'',NULL,NULL,NULL,350),(324,'SD',NULL,NULL,0,352),(325,'',NULL,NULL,0,353),(336,'SD',NULL,NULL,0,364),(337,'SD',NULL,NULL,0,365),(338,'SD',NULL,NULL,0,366),(339,'SD',NULL,NULL,0,367),(344,'SD',NULL,NULL,0,372),(345,'SD',NULL,NULL,0,373),(346,'SD',NULL,NULL,0,374),(347,'SD',NULL,NULL,0,375),(349,'SD',NULL,NULL,0,377),(351,'SD',NULL,NULL,0,379),(352,'SD',NULL,NULL,0,380),(353,'SD',NULL,NULL,0,381),(369,'',NULL,NULL,NULL,397),(370,'SD',NULL,NULL,0,398),(371,'SD',NULL,NULL,0,399),(374,'SD',NULL,NULL,0,402),(376,'SD',NULL,NULL,0,404),(377,'SD',NULL,NULL,0,405),(378,'SD',NULL,NULL,0,406),(379,'SD',NULL,NULL,0,408),(381,'SD',NULL,NULL,0,410),(383,'SD',NULL,NULL,0,412),(384,'SD',NULL,NULL,0,413),(389,'',NULL,NULL,NULL,418);
/*!40000 ALTER TABLE `tipos_en_coleccion` ENABLE KEYS */;
UNLOCK TABLES;

--
-- Table structure for table `usuario`
--

DROP TABLE IF EXISTS `usuario`;
/*!40101 SET @saved_cs_client     = @@character_set_client */;
/*!40101 SET character_set_client = utf8 */;
CREATE TABLE `usuario` (
  `id` int(11) NOT NULL AUTO_INCREMENT,
  `username` varchar(45) NOT NULL,
  `password` varchar(64) NOT NULL,
  `email` varchar(45) NOT NULL,
  `role` varchar(45) NOT NULL,
  PRIMARY KEY (`id`)
) ENGINE=InnoDB AUTO_INCREMENT=141 DEFAULT CHARSET=utf8;
/*!40101 SET character_set_client = @saved_cs_client */;

--
-- Dumping data for table `usuario`
--

LOCK TABLES `usuario` WRITE;
/*!40000 ALTER TABLE `usuario` DISABLE KEYS */;
INSERT INTO `usuario` VALUES (1,'aescobar','$2a$13$HdhP6yt3KmqpDhYb6nq1KuEtt0dgJks69dCivZxemdxksh/.Sgsf.','hescobar@humboldt.org.co','admin'),(3,'ksoacha','$2a$13$XBXMDwDeQMf08o4ccfvmAOyM1/9GHHs2mB7wquUOz2o7rXvU66yVO','ksoacha@humboldt.org.co','admin'),(37,'jdiaz','$2a$13$udykVqyw3K7LA0.QFCWlXuwQjxv5u3AOOn2/IZIEy3QG3b64PiqfS','jdiaz@humboldt.org.co','admin'),(39,'80422824','$2a$13$Lr2zee8T3XLCvQO8xaXD8e/R7Qri1JfbVyFxJfg8LPKDN3JnVzdBK','alejandro.lopera@gmail.com','entidad'),(40,'51899936','$2a$13$LtoptMuAs/ld1rQqY2v0wOkm.jgQ/oiVgHUDaw8yGaNx3fUG3Qm4.','aamarill@hotmail.com','entidad'),(41,'17096761','$2a$13$F7rWh7rb5hthGMe3ssjYcuw4jBIFkS6mWWEvyHt5fgZDVHGGiVVZG','cesar_caicedo@yahoo.com','entidad'),(42,'51820419','$2a$13$/8NLBaoQPWjlj96TlAOReuvLukEfOkMgh59k8JLcguhpUlvr7NWgu','dnpadilla@udenar.edu.co','entidad'),(43,'75073651','$2a$13$7Iv/qzv0MubFusTjsH/yKu1y.2tB27r9htRhyZMYOw6WyfIeD4tBO','efrain.henao@ucaldas.edu.co','entidad'),(44,'8705926','$2a$13$xiINsmIvnOHD71rLd6QTD.rzlL4AXxrpFsKJ2iI3KvzwU6fAMC1ua','biologo@colombianshells.com','entidad'),(45,'195524','$2a$13$wkvAwk1WirhvoYaTywqAcuviAvA4Y8cloB6O5zq52HqF9VT27n6bG','hdahners@gmx.de','entidad'),(46,'79631159','$2a$13$OirUkSeM4NqIMntRi8uOwOLR3a482QiT6d3BoimLlDmATHGSMxd/.','jflecrom@cable.net.co','entidad'),(47,'9971933','$2a$13$3n/f/NkhSssh6r3iMvvId.Ak8YL4xEBt4wMvyIHw7AAcf2NTph3wm','joseignacio_05@yahoo.es','entidad'),(48,'19426410','$2a$13$qpx3hIvY9yya/O8PS0qNzuA2oViBl2UCKB1Qwa54grPSaxk7lSotO','jjalaverde@hotmail.com','entidad'),(49,'10258548','$2a$13$iHQOlCz89uXiv9h.7yl2iOqy6rqUzjR8x.wlAPq/ZqcCIVU1HztQm','julianadolfoster@gmail.com','entidad'),(50,'16278561','$2a$13$Bb4s4wCgVnMRZgqqKT42de0ieUybN05LYherRcpYCVlfDvXly0mgm','lcpardolocarno@yahoo.es','entidad'),(51,'16682887','$2a$13$l8Y24GQnEytkrGeAJBpVyeLx359NPA0MrbR8Loc0skIy8Qf7op5CK','luismiguel.constantino@hotmail.com','entidad'),(52,'800089883','$2a$13$A5Qu8ed6Qcjs4rz5y9Mh3etxHd19EsRdgBHKLiV/0O4K0iuKTRDHy','oceanario@enred.com','entidad'),(53,'14879086','$2a$13$Ta0RZdYBxQ4WxE0/hkTFJOKX3YxbVgtAfWl3v6TyiYo.vHhvcQolG','rtorresn@colomsat.net.co','entidad'),(54,'819005753','$2a$13$EmAq1uVBWlcPSRpIvqZvWuAjZ.gKHBRv14H18ZdezxVv71xZZyi/.','acuariorodadero@gmail.com','entidad'),(55,'900102156','$2a$13$yj.1be87DqZrx/k5Kts1e.JgWXbShXJqg0N3nkCsoUy8hWDAdx4iO','aviarionacionalcolombia@yahoo.com','entidad'),(56,'860007336','$2a$13$mKz8iOHtLxj0n24TYYCQCe.YDUda/ncKnHSL4KFQ8nLVMtT7Gizgu','zoologico.piscilago@colsubsidio.com','entidad'),(57,'890900842','$2a$13$/v9bW0SPC7AHqP3/ktE55Oz/x5Ma2Y81Nb.Mv9g/zaj1q.Q2uLWZu','museoentomologico@comfenalcoantioquia.com','entidad'),(58,'840000101 ','$2a$13$R40ijZxVJygYosBD2vtAjuJtx2uQQ3YG0t1H33Ryz1sbqrfwYK0JO','jefcccp@dimar.mil.co','entidad'),(59,'800034586','$2a$13$sKVnFzuKSk8xCLtPbWmSFuYbGZh0wgUt/eERfO/9BIc4XwlGeHjFS','a.m.torres@cgiar.org','entidad'),(60,'860009985','$2a$13$OV7h2/q.rhNMoYgW3kRZLOMBpYJ07lflZXYeKISxYHr2LFRSdw0SG','museo@lasalle.edu.co','entidad'),(61,'811000231','$2a$13$TgQBj2gqm61ctTDPLsw1Vu3SMLS4trnYEY/NHwVEMa8RT4o3WHtSS','jtoro@corantioquia.gov.co','entidad'),(62,'890000447 ','$2a$13$d6zpMMhdV1wpHtiPZ8HhoubT4wDNTvnsa6bbo/fU5eITzrLudEh3i','crq@crq.gov.co','entidad'),(63,'890201573 ','$2a$13$MGZ7lfstESKGc/b1kLocE..vbe16Mc9myJ2Lm8eJpNNqPH0JC4jDm','jardin@cdmb.gov.co','entidad'),(64,'890007626','$2a$13$wrmfcH0ieaYvwrjM5ttkFuyq1i33Lrhwl93sSb3.f8QfN2WyAEKNO','jardinsanjorge@gmail.com','entidad'),(65,'800145882 ','$2a$13$w5GtBLHM/laKO4HTibkUmOiHDm7S.CFn5X0Lg4Nn1T2aummVp/xwW','jsanz@cenipalma.org','entidad'),(66,'800194600 ','$2a$13$R1Ckhj2Vx3pU/vkFmqZQMeg4uDarMdz7Yhk6Nsxq5M4zW6qjYv8Lm','cgonzaleza@corpoica.org.co','entidad'),(67,'830009610','$2a$13$TCSB87sWpQljr22fL6gNW.cr.XC.5irYXz.FoeZo5SrCz0cXZBvKm','corpogen@corpogen.org','entidad'),(68,'810005598 ','$2a$13$ApAPaHcnmXLGY/DUf7ste.IGT.YaYNin2NK6fna3tQtMHuqfXxQwy','ecoparqueyarumos@epm.net.co','entidad'),(69,'860042183 ','$2a$13$d41Vo6m5HEUmkhd6dyBszOQYmlu1.Dz.9x6eJ9NbumuUXs6zliBLa','javerrodriguez@conif.org.co','entidad'),(70,'805001728 ','$2a$13$9sxBXagKSUv2kfc4yksJVehS2rtvliZMB8vyihQz/pJFvlBW7a4m.','usi3-biotec@cgiar.org','entidad'),(71,'800252844 ','$2a$13$4lodN61V8P/H7wAj2Hs/ue3hgaBuZ7wqtGLsGGcAVgmysi.w8rvwO','lrivera@corpoamazonia.gov.co','entidad'),(72,'890908790','$2a$13$IeXEBEFFu2F0gvXGFlN1KO9TnhPgIWFTUpsRoSZW6P/.Vvi93UjGi','j.zuluaga@cib.org.co','entidad'),(73,'900145472 ','$2a$13$0UF1vxGSCxoQuG3TzIqRxuX2iTOp1pQvna9iplif7KUbXSErBejfO','isabel.acero@parqueexplora.org','entidad'),(74,'860403721','$2a$13$9hjv.Ns1klmJVEA4KKrlSu5S/ZAblT0mUTCCOOH.dNQCekfjZPuuC','ganzola@udca.edu.co','entidad'),(75,'79373618','$2a$13$FX3J.9rfu0odykHXJH8jV.tZgVr8TCQMXhHYQsOObT8PCyc/ZvbV2','cesarmiento@yahoo.com','entidad'),(76,'890900286 ','$2a$13$8To4BNyI7aJ9I6YcZCfydernv.sCEByCcCSUIDgJlij2sett/0ALq','gloriae@cis.net.co','entidad'),(77,'899999094 ','$2a$13$RGji2uColQyNdOOnlIB4.uBCpqehljCKbj7En/BUSFf4xZO090RtW','lasilva@acueducto.com.co','entidad'),(78,'860007538 ','$2a$13$/1qYG3rlFsY1Fd3PcuYhWOPx.lAVUBMDELUP6k.5E00Pn1K/RlOMe','cenicafe@cafedecolombia.com','entidad'),(79,'800199708 ','$2a$13$VBVSmxerZmitijJ7zMLMqOVqNpPU3YAT3DBU/5zjjfT8ModGBRf6W','zoobaq@metrotel.net.co','entidad'),(80,'800125073 ','$2a$13$JxC33twyIkOXgcbeFSKu7O1k5fS57NfSPydlAZA0BTEQ6kZjkD3eS','bioinfo@inmuno.org','entidad'),(81,'800165375 ','$2a$13$yDhVls4YSokpeNGnBNclbOpAeq1.3tCQUiemAAR/nKc44YgH1FwTO','cipav@cipav.org.co','entidad'),(82,'832002142 ','$2a$13$EOq141dSIJmtjjsnox7/6uDg1sVRUrMUZ.bYuCRVJrnNZHbEXHKdu','museogacheta@yahoo.com','entidad'),(83,'830503497','$2a$13$./QDBwufhvsPaTekrjKbdOHvU3B0XLOG92T9SdEi3CpE7LS.tCr4q','zoo@parquejaimeduque.com','entidad'),(84,'890980756 ','$2a$13$NTtpeh6sqCBgOS7hCgvLOu62fAE.h3WohmocwOZGuzP45OBey3i9O','alvaro.cogollo@botanicomedellin.org','entidad'),(85,'805020553 ','$2a$13$rhwapbxqqMfVJjhd1/p7remzCBr8sM9JOtL/S8m/AKOjvEhbkTSyu','jardinbocali@uniweb.net.co','entidad'),(86,'890003578 ','$2a$13$BurAvf1iY84ZGYqvKjXs9emYnL81Wv3owkjc0RVHB0UEKQQuMUFum','jardinbotanicoquindio@gmail.com','entidad'),(87,'890480597 ','$2a$13$8c7ozb9I5CM0yeOcmiY.tOVGyNLE9VYjnxkzMvtjtfoBDqud8c/fy','jarbotgpineres@ctgred.net.co','entidad'),(88,'819004340','$2a$13$/EJNEYDBINgKO2TAO1rph./ibIPiTxK6svzHs2PMHPSL/G1TRG74.','vludovica@hotmail.com','entidad'),(89,'800954955 ','$2a$13$ajqjaZGlGWweEuXkSSyNZuMWHVWfPa7p8/kG4K2HhR2M3UBAFrUOW','jbqspa@yahoo.es','entidad'),(90,'891702613','$2a$13$EHhqC08aPjoZh2dUJeZB6uJQUcNp257vMF4U3xS8FlkW73wUx2wly','mundomarino@utadeo.edu.co','entidad'),(91,'860006848 ','$2a$13$J5UPTpobJi32jS.QQmaj3e8jJtq.4jZeEAqAZf/K18B5Spju9pLN.','luz.fuentes@utadeo.edu.co','entidad'),(92,'891501835 ','$2a$13$ZAejOupHhzX3Qaco2QvhEOrwFGw1TbMPA4wTxgGaj3prgrTI4dmWm','jardinbotanico@fup.edu.co','entidad'),(93,'800155085 ','$2a$13$7RKMoKCRMwRJWabtdRaz5O/fD9yvFNUNapVr2oSk6JR9v.D05Y//y','yubarta@emcali.net.co','entidad'),(94,'890318247 ','$2a$13$y6niI8n1to22WzrRNfxxMu.ss33r1ldylPmzvPawSiHnfYEFb5Pgq','zoologico@zoologicodecali.com.co','entidad'),(95,'830093363','$2a$13$lS66sHvvcJA.bQhRi00.7ussDUfIwcXOWnMqbxIXraAtsaQuXsV/S','hmonsalve@zoosantacruz.org.co','entidad'),(96,'860061110','$2a$13$8uKoXYPUvPEBPk5R0p0EGOxI41pNNCdWyVqBnY4Q1megRf7DjoCta','herbario@sinchi.org.co','entidad'),(97,'800082822 ','$2a$13$aROsQtV2VS5RxGDGWLNW/Ohw2NsPf4.sWmnLopG9YhEOHuJyh.2Ge','gparra@ces.edu.co','entidad'),(98,'899999063 ','$2a$13$sGKujBF7yDqOqHt.cv9y6OlSdpr22HE06QVB7UQyFB3LPtxD7A7XO','mgandradec@unal.edu.co','entidad'),(99,'820000142','$2a$13$RalWni746WGp5k7bquuAHOsZqxgn.Mnqbov6WdwcPuMy0du9fU.J6','coleccionesbiologicas@humboldt.org.co','entidad'),(100,'800250062 ','$2a$13$V7JQKwaQyd.TWEl86ImtrOxKhfbxHCAv4DWcPxkpWyDJP9KPzrgSK','giomar.borrero@invemar.org.co','entidad'),(101,'899999403 ','$2a$13$DyUJWVMXzLwhHpziCNuI3OQ..6ek4bsvhrDpzI/.K906UVcVW/PlW','fruiz@ins.gov.co','entidad'),(102,'800086201 ','$2a$13$TMmP.rbpgOP8a8NhtkeED.XpcUjDtFK7dHJaot9JVAidUScVYmGRm','mcn@inciva.gov.co','entidad'),(103,'800214750','$2a$13$1ercd9mlr7sGshaT13GMj./oUcLrvu5/vPiZ.pxVixI9Q8XjJiMk6','museodecienciasnaturales@itm.edu.co','entidad'),(104,'860030197 ','$2a$13$D5788sKMXhZR0fU2jvFjfOh6Q8n4IGRt2LCscHuhsCRO4Xc/vo5pO','bogotanico@jbb.gov.co','entidad'),(105,'860013720 ','$2a$13$HlX.cb.LNEnnyr9NFOn2xOxmkfM8jkA6RuWgZVZeIQOttjbt48Ue6','maldonadoj@javeriana.edu.co','entidad'),(106,'891480071 ','$2a$13$PWjWV1LTQagdJRAExpJPUOOkBT1kFCD7c.bdK30FSjemcKdiHB3fO','zoomate@pereira.multi.net.co','entidad'),(107,'890904141 ','$2a$13$l42qwyRH3fjgYZKhBJDp1OOnRXnmoLiX4ly0OtQLfxboWtjvB7/zG','zoostafe@une.net.co','entidad'),(108,'890905419','$2a$13$HL4DEnjshYoiMLiKDOM5ruNb30pPxMU5cVm0XroSdM2/k9iIKanmu','manalejo1781@gmail.com','entidad'),(109,'890984746 ','$2a$13$37Tj9Q7bz8GtG7ejxMzRIufxvMaKNgQ638n9rHkhkPLsNFxm4yDjK','gestambiental.jefe@uco.edu.co','entidad'),(110,'890980040 ','$2a$13$Kg6IerIuZGEF.pPwS1Bq8OyriNUVAUq1Hoxci6IYme3CPh4LNFU6G','museo@quimbaya.udea.edu.co','entidad'),(111,'890801063','$2a$13$jvZjVI0U9b8fKgDRIMmS1umzRbhdd7N8zytBvFw3IIayXIilPweFq','luis.alvalez@ucaldas.edu.co','entidad'),(112,'891080031','$2a$13$l7LQYkSGAJtVlxo.EH3Zeu4quYxckIw4F9JB60mnFBVM0YYxkUSey','herbario@unicordoba.edu.co','entidad'),(113,'891190346','$2a$13$npApyiryN6uP/4JTbUn9UeEK.AjxFYNlp/4XhDCwMnQjCZo2wjVwG','j.botanicouniamazonia@gmail.com','entidad'),(114,'860075558','$2a$13$kPGf8qCQXZad.wakY4EeyOnLQ2D1NI043Vl7vQDQZR8BiPpov.C9W','gloria.gonzalez@unisabana.edu.co','entidad'),(115,'860007386 ','$2a$13$njrhN6AadyIfUv88QxGAzOomZ7y8SOpjJiExeVcOMrv2cdlgqYAme','museo@uniandes.edu.co','entidad'),(116,'892000757 ','$2a$13$JwvJ8quJ6btEWOfQSIcJfug/2tJQ77yjl551aE.bBmM3URS4HZwtC','luzmila@unillanos.edu.co','entidad'),(117,'800118954 ','$2a$13$rSQCbSI3AWCEm21xSNA7eOdFDo.jBPT6Qq0Hvid/9jV04CNeF28Se','mgonzalez@udenar.edu.co','entidad'),(118,'890501510','$2a$13$MXJsNwsIOWXe8eY8oRbld.yA/eRwNdtxFZeU9FUBZ6U3PCKVU.nAu','hecasa@unipamplona.edu.co','entidad'),(119,'890102257 ','$2a$13$0EvlukaRDQ9agjn/UvEhROU.nCvlKWefgWg/meG8gPJCzkWxFAEuq','hcuadros@uniatlantico.edu.co','entidad'),(120,'891500319 ','$2a$13$OAKuH60lErScfO1.hCjayuJXbXGNBr96pXnDXhLspC.l1sl2K0dhW','unicauca.caup@gmail.com','entidad'),(121,'891780111','$2a$13$iIqmqeSgnguE.JIkjOeRLu22MQOB6a/Lt.80RvGYJmLJ/S9XFpdf6','molmarcol@gmail.com','entidad'),(122,'890000432 ','$2a$13$iQMjF.qJUJOz0E8QBkVWW.8IBUKaeZieQzkXx1kxYtAXidK31TapO','analucia@uniquindio.edu.co','entidad'),(123,'890700640','$2a$13$PtTHz93ZmmHdEBz98gCZFe5WBVpDro9KmOMS2LNqh5FpkE5FCY3pa','greinoso@ut.edu.co','entidad'),(124,'890399010 ','$2a$13$pMsA4IT6jYwQtslts4oUMuTT5N5wvkajoR6alVqMniwDZa4eeMYWS','entomologia@univalle.edu.co','entidad'),(125,'899999230 ','$2a$13$GuBzpRleGyGNO8nQrf4Ro.ruNbLrQuHXVhuXNZweouxEsovYM2ZHq','herbarioforestal@udistrital.edu.co','entidad'),(126,'890901389 ','$2a$13$c/QNv86K.lpxgqDeMWnhmu9151n7UlOubocz3BZiU4oqSO9PDY3lK','vvilleg2@eafit.edu.co','entidad'),(127,'860066789','$2a$13$lqxvKnd2FjcDuEdplmxfSeORC2l/fzrNekorAvILhKPU1OeAJ7OLm','biologia@unbosque.edu.co','entidad'),(128,'890316745 ','$2a$13$/UceBR4IdZnAJjmGvadAJuuO20H0iSOIg07GERT8665Ftd2mDXg5e','wgvargas@icesi.edu.co','entidad'),(129,'890201213 ','$2a$13$4B7/RnKhXKpy8nYur4EheOxA4fRrXibCbVJucpMY27rJL4.qAHqMW','mpramir@uis.edu.co','entidad'),(130,'800225340 ','$2a$13$0X8E/4JyCeytdZbHwyDPIOownJm7HlXUB0K8eDVpYjUBh6jc2Sq1O','cmedinab@umng.edu.co','entidad'),(131,'891800330','$2a$13$B7czzVt5wU9WvOJ3eB1eG.bxMV1mM/3VaGYsu2lr3NSiBvJ7BGzZO','herbario@uptc.edu.co','entidad'),(132,'899999214 ','$2a$13$5oRNrNkk756mPnkTUjDLs.i2sIMPJiKwu6iN.nsULopX39JtROWii','valbuena@pedagogica.edu.co','entidad'),(133,'891180084 ','$2a$13$MiIr3UanDbbTBTz/Ff0rH.s.iaSHJjf2gyb1mzswXCEGjlWlNEQGa','fllanos@usco.edu.co','entidad'),(134,'891480035 ','$2a$13$DZe.4pG.jtcZT65DLqHhmOu3kgf9R.J9UX4LnU657XDHSNoI8rFsy','jardinbotanico@utp.edu.co','entidad'),(135,'891680089 ','$2a$13$O.mbctvx8MO4k9Rm498xEunJjOFpBhSQpMPbYtJ.yWgDfLIt1tuC2','herbario@utch.edu.co','entidad'),(136,'164516','$2a$13$jOdiFEObNvqiwrbWmyWYdeo0jwR5WOgxmfoflA23e2KSqe4niBGP6','juanjhaad@yahoo.com','entidad'),(137,'1024524343','$2a$13$XgoxXwGgoMf6vL2IOhyf6OW7Q8rCpagZkZhZXUtBp5BORnFA2P.kW','jpdiaz.111@gmail.com','entidad'),(138,'830016624','$2a$13$j2F0K0Ew4B//vLRYplo6be5K22RfsmOXKlHjm/XVBJ3tt/q26DNzq','julia.miranda@parquesnacionales.gov.co','entidad'),(140,'892115029','$2a$13$4IUD8YTpQ6vL0ALnZGFdoOxhxfcEepbDB.xcnaZDx6OGU33IkSSfK','kdiaz@uniguajira.edu.co','entidad');
/*!40000 ALTER TABLE `usuario` ENABLE KEYS */;
UNLOCK TABLES;

--
-- Table structure for table `visitas`
--

DROP TABLE IF EXISTS `visitas`;
/*!40101 SET @saved_cs_client     = @@character_set_client */;
/*!40101 SET character_set_client = utf8 */;
CREATE TABLE `visitas` (
  `id` int(11) NOT NULL AUTO_INCREMENT,
  `entidad` varchar(150) DEFAULT NULL,
  `departamento_id` varchar(150) DEFAULT '0',
  `ciudad_id` varchar(150) DEFAULT '0',
  `fecha_visita` datetime DEFAULT NULL,
  `concepto` text,
  `registros_id` int(11) DEFAULT NULL,
  `dilegenciadores_id` int(11) NOT NULL,
  PRIMARY KEY (`id`),
  KEY `fk_visitas_dilegenciadores1_idx` (`dilegenciadores_id`),
  CONSTRAINT `fk_visitas_dilegenciadores1` FOREIGN KEY (`dilegenciadores_id`) REFERENCES `dilegenciadores` (`id`) ON DELETE NO ACTION ON UPDATE NO ACTION
) ENGINE=InnoDB DEFAULT CHARSET=utf8;
/*!40101 SET character_set_client = @saved_cs_client */;

--
-- Dumping data for table `visitas`
--

LOCK TABLES `visitas` WRITE;
/*!40000 ALTER TABLE `visitas` DISABLE KEYS */;
/*!40000 ALTER TABLE `visitas` ENABLE KEYS */;
UNLOCK TABLES;
/*!40103 SET TIME_ZONE=@OLD_TIME_ZONE */;

/*!40101 SET SQL_MODE=@OLD_SQL_MODE */;
/*!40014 SET FOREIGN_KEY_CHECKS=@OLD_FOREIGN_KEY_CHECKS */;
/*!40014 SET UNIQUE_CHECKS=@OLD_UNIQUE_CHECKS */;
/*!40101 SET CHARACTER_SET_CLIENT=@OLD_CHARACTER_SET_CLIENT */;
/*!40101 SET CHARACTER_SET_RESULTS=@OLD_CHARACTER_SET_RESULTS */;
/*!40101 SET COLLATION_CONNECTION=@OLD_COLLATION_CONNECTION */;
/*!40111 SET SQL_NOTES=@OLD_SQL_NOTES */;

-- Dump completed on 2014-06-17 14:46:22
